Aafjes,1
Aaij,1
Aakster,1
Aaldenberg,1
Aalders,1
Aalfs,1
Aalmers,1
Aaltink,1
Aarden,1
Aarens,1
Aarle,1
Aarse,1
Aarts,1
Aartsen,1
Aartsma,1
Abbes,1
Abbing,1
Abbingh,1
Abbink,1
Abel,1
Abelen,1
Abels,1
Aben,1
Abraham,1
Abrahams,1
Abram,1
Abrams,1
Abspoel,1
Abt,1
Achilles,1
Achterberg,1
Achterkamp,1
Achterop,1
Addens,1
Addicks,1
Addiks,1
Adema,1
Admiraal,1
Adolfs,1
Adriaans,1
Adriaansen,1
Adrichem,1
Aerssens,1
Agema,1
Agterop,1
Agthoven,1
Ahlers,1
Aikema,1
Akker,1
Akkerman,1
Akkermans,1
Akkersdijk,1
Alberda,1
Alberdink,1
Alberink,1
Albers,1
Albersnagel,1
Alberts,1
Albring,1
Albronda,1
Aldenberg,1
Aldenkamp,1
Alderliesten,1
Alders,1
Aldershof,1
Alferdinck,1
Alferink,1
Alfons,1
Aling,1
Alink,1
Alles,1
Alma,1
Altena,1
Althuis,1
Alting,1
Altink,1
Amsing,1
Ananias,1
Andela,1
Andries,1
Andriessen,1
Andringa,1
Angenent,1
Anholts,1
Anker,1
Anneijes,1
Annevelink,1
Antema,1
Antonis,1
Antonise,1
Antonisen,1
Antuma,1
Aperlo,1
Appeldoorn,1
Appelhof,1
Appelo,1
Apperlo,1
Arbeid,1
Arbeider,1
Arbeit,1
Arendonk,1
Arends,1
Arendse,1
Arendsen,1
Arents,1
Arentz,1
Ariesen,1
Arissen,1
Arkes,1
Arntz,1
Arntzen,1
Arntzenius,1
Arts,1
Arts,1
Artz,1
Asjes,1
Askes,1
Asselman,1
Assenberg,1
Assendorp,1
Assies,1
Assink,1
Atses,1
Aukes,1
Averesch,1
Aveskamp,1
Baaiman,1
Baak,1
Baanders,1
Baardwijk,1
Baars,1
Baart,1
Baas,1
Baasch,1
Bakhuizen,1
Bakker,1
Barends,1
Benscoter,1
Beringer,1
Beulen,1
Beulens,1
Beullens,1
Beumers,1
Bezuidenhout,1
Boer,1
Boerefijn,1
Boon,1
Bootsma,1
Borst,1
Bosch,1
Bouwmeester,1
Braband,1
Brams,1
Brinkerhoff,1
Bul,1
Bulle,1
Bullens,1
Carl,1
Carman,1
Ceelen,1
Claasen,1
Claes,1
Cloet,1
Cloeten,1
Coeman,1
Coemans,1
Coenen,1
Colijn,1
Coolen,1
Couman,1
Coumans,1
Crusan,1
Cuijper,1
Cuijpers,1
Cuyper,1
Cuypers,1
Daalman,1
Daalmans,1
Daelman,1
Daelmans,1
Dahl,1
Dahlman,1
Dahlmans,1
Daube,1
Cloet,1
Groot,1
Haven,1
Jonckheer,1
Jonker,1
Klerk,1
Kloet,1
Snaaijer,1
Snaijer,1
Veen,1
Ven,1
Vroom,1
Vroome,1
Wit,1
With,1
Witt,1
Witte,1
Derichs,1
Dierickx,1
Dirchs,1
Dircks,1
Dircksens,1
Dirckx,1
Diriks,1
Dirix,1
Dirks,1
Dirkse,1
Dirksen,1
Dirkx,1
Drees,1
Dreese,1
Dreesen,1
Dreesens,1
Dreessen,1
Dreessens,1
Dreyer,1
Dries,1
Driessen,1
Dykstra,1
Eerkens,1
Eikenboom,1
Elzinga,1
Erckens,1
Erkens,1
Evers,1
Flipse,1
Flipsen,1
Fortuin,1
Fortuyn,1
Frank,1
Franke,1
Geelen,1
Geelens,1
Geels,1
Gelen,1
Gelens,1
Goossens,1
Haak,1
Haanraads,1
Haanraadts,1
Haanraats,1
Haanrath,1
Haas,1
Haenraats,1
Haenraets,1
Hanraets,1
Hansen,1
Haumann,1
Heeren,1
Heijman,1
Heijmans,1
Heiman,1
Heimans,1
Hendriks,1
Hendrikx,1
Hendrix,1
Herbert,1
Herberts,1
Herman,1
Herrema,1
Heyman,1
Heymans,1
Hoedemaeker,1
Hoedemaekers,1
Hoedemaker,1
Hoedemakers,1
Hofwegen,1
Holst,1
Holt,1
Holtman,1
Houben,1
Houtkooper,1
Houtman,1
Hummel,1
Jacobs,1
Jacobse,1
Jacobson,1
Jans,1
Jansen,1
Jansens,1
Jansing,1
Jansingh,1
Jansink,1
Janssen,1
Janssens,1
Janz,1
Janzen,1
Joncker,1
Jonckers,1
Jonckersen,1
Jonckheer,1
Jonker,1
Jonkers,1
Joossens,1
Joosten,1