,1
Home,1
Contact,1
Links,1
Musicians,1
Video,1
Events,1
Genealogy,1
Home,1
Search,1
Find,1
,1
,1
,1
,1
,1
,1
,1
,1
Media,1
,1
,1
,1
,1
,1
,1
,1
,1
Info,1
,1
,1
,1
,1
,1
,1
,1
,1
,1
,1
Advanced Search,1
Share,1
Print,1
Bookmark,1
,1
[no surname],1
A,1
B,1
C,1
D,1
E,1
F,1
G,1
H,1
I,1
J,1
K,1
L,1
M,1
N,1
O,1
P,1
R,1
S,1
T,1
U,1
V,1
W,1
Y,1
Z,1
Main surname page,1
,1
ABRAMCZYH,1
ABRAMCZYK,1
ABRAMSKI,1
ACELA,1
ADAMCIK,1
ADAMCZYK,1
ADAMIK,1
ADFELDT,1
AFINOWICZ,1
ALBIECKA,1
ALEXANDER,1
AMBRIZ,1
ANDERSON,1
ANDREJCZAK,1
ANDRESKI,1
ANDREYCZAK,1
ANDRYAN,1
ANDRZCJEWSKI,1
ANTKOWIAK,1
AUGUSTYN,1
AUGUSTYNIAK,1
Back to top,1
,1
BABICZ,1
BAGROWSKA,1
BAILEY,1
BAJANSKI,1
BALA,1
BALINSKA,1
BANACH,1
BANASIEK,1
BANTA,1
BARA,1
BARAN,1
BARANOWSKA,1
BARANOWSKI,1
BARANSKA,1
BARANSKI,1
BARBONE,1
BAREK,1
BARENTS,1
BARKOWSKI,1
BARNASH,1
BARNO,1
BARNOWSKI,1
BARO,1
BART,1
BARTKOWIAK,1
BARTULA,1
BARYCZA,1
BASHINSKI,1
BASINSKI,1
BECZKOWSKI,1
BEDNARA,1
BEDNAREK,1
BEDNARSKI,1
BEJMAN,1
BEKE,1
BELINOWSKI,1
BELL,1
BELNOWSKI,1
BELSKY,1
BEMA,1
BENCH,1
BENTKOSKI,1
BEREZEWSKI,1
BERGER,1
BERNACKI,1
BES,1
BIALAS,1
BIALECKA,1
BIALKOWSKA,1
BIEDRON,1
BIEL,1
BIELAMOWICZ,1
BIELATOWICZ,1
BIELOWICZ,1
BIERZYNSKI,1
BIEZENSKI,1
BIL,1
BILEK,1
BILEWSKI,1
BILLNOSKE,1
BILNOSKI,1
BILSKI,1
BLUME,1
BOCHIOW,1
BOCHNIA,1
BOHACZ,1
BOIANSKA,1
BOLCERAK,1
BOLEK,1
BONKOWSKI,1
BONNER,1
BORA,1
BORATO,1
BOREK,1
BORISKI,1
BORISKIE,1
BOROWIAK,1
BOROWICZ,1
BOROWSKI,1
BORSKI,1
BORUM,1
BORUTA,1
BORYSEWICZ,1
BOYER,1
BOYLES,1
BOYRAN,1
BOZYK,1
BRACE,1
BRACHEK,1
BRANDT,1
BRDAK,1
BRENDING,1
BREZINA,1
BRICE,1
BRNIAK,1
BRODTKA,1
BRONIKOWSKI,1
BRUDZIZ,1
BRYG,1
BRZOSTEK,1
BRZYMIALKIEWICZ,1
BUCEK,1
BUCHOLE,1
BUCHOWSKA,1
BUCKNER,1
BUDNA,1
BUDZIK,1
BUDZISZ,1
BUGAJ,1
BUKOWSKA,1
BUKOWSKI,1
BULGIEWICZ,1
BULMANSKI,1
BUMMER,1
BUNIARZ,1
BURDA,1
BURGIN,1
BURKE,1
BURNS,1
BURUSKI,1
BUSA,1
BUTKOSKI,1
BUZA,1
BYLINOWSKA,1
BYLINOWSKI,1
BYLNOWSKI,1
BYSTRY,1
Back to top,1
,1
CACOSKI,1
CARLISLE,1
CARPENTER,1
CASKEY,1
CASKIE,1
CEGIELSKI,1
CELNAROWZ,1
CELUNAK,1
CELUSNIAK,1
CENDALSKI,1
CETNAROWA,1
CHADRICH,1
CHAIKOWSKA,1
CHAPMAN,1
CHARMATYS,1
CHARNECKI,1
CHELMINIAK,1
CHIMLOWSKI,1
CHLEBOWSKI,1
CHMIEL,1
CHMIELEWSKI,1
CHOCHOLENSKI,1
CHODOR,1
CHODYRATA,1
CHOJS,1
CHOLEWIAK,1
CIAGLO,1
CICHERSKI,1
CICHON,1
CIEGIELSKI,1
CIEMNOCZOLOWSKI,1
CIEMNOZOLOWSKA,1
CIEMNOZOLOWSKI,1
CIESIELSKI,1
CIESLAK,1
CIESLEWICZ,1
CIOCHON,1
CISTEK,1
CISZ,1
CISZEK,1
CIULLA,1
CIURKOT,1
CIZEK,1
CLARK,1
CLAWSON,1
CLEBOSKI,1
COLBY,1
COLGIN,1
CONE,1
CORSON,1
COTTON,1
CULBERT,1
CWIK,1
CWIKLAK,1
CWIOK,1
CYRKLEWSKI,1
CYVA,1
CYWINSKI,1
CZAJA,1
CZAJKA,1
CZAJKOWSKA,1
CZAJKOWSKI,1
CZECH,1
CZEKANSKI,1
CZEMNOCZCLOWSKI,1
CZERCZYK,1
CZERNIAK,1
CZERWIEC,1
CZESMIEROUSKA,1
CZUBA,1
CZYZOWSKI,1
Back to top,1
,1
DABROWSKI,1
DABRZYCKI,1
DACY,1
DANIEL,1
DAVIS,1
DAVLIN,1
DAY,1
DEK,1
DEMBSKA,1
DEMENY,1
DEMNY,1
DEMSKA,1
DERKOWSKI,1
DESCANT,1
DIGULLA,1
DILLON,1
DOBRZYSKA,1
DOBRZYSKI,1
DOLAN,1
DOLEZAL,1
DOLNA,1
DOLNEY,1
DOMARACKI,1
DOMARASKI,1
DORSEY,1
DORSZ,1
DORZ,1
DOUHTY,1
DOZEIREIKA,1
DRESCHER,1
DROBEK,1
DROCHOIM,1
DRZEWIECKA,1
DRZEWIECKI,1
DUDEK,1
DUDZIAK,1
DUHN,1
DUHR,1
DUR,1
DURHAM,1
DUSHIEMICZ,1
DUSHINSKI,1
DUSINSKI,1
DUSZYNSKA,1
DUSZYNSKI,1
DUTKA,1
DUTKOWA,1
DYDO,1
DYKAS,1
DYKOWSKI,1
DZIEDZIC,1
DZIERZBICKI,1
DZIK,1
DZIUBA,1
DZIURKA,1
Back to top,1
,1
EDISON,1
ELLIOT,1
EMBREY,1
ENGBROCK,1
ENGLERT,1
ETHERIDGE,1
EWELL,1
Back to top,1
,1
FABER,1
FALAEZ,1
FALARZ,1
FALK,1
FALKA,1
FATERKOWSKI,1
FELCYN,1
FELICZAK,1
FELIK,1
FIETZ,1
FIGURA,1
FILAR,1
FILLUSY,1
FILUT,1
FLISOWSKI,1
FLORKOWSKI,1
FLUDER,1
FLUKER,1
FOLWAR,1
FORYS,1
FOSTER,1
FOX,1
FOYT,1
FOYUT,1
FRANK,1
FRANKO,1
FREDERICKS,1
FRENK,1
FRIDYE,1
FROELICH,1
FUK,1
FULLER,1
FURMANSKI,1
Back to top,1
,1
GAC,1
GAGALA,1
GAILUS,1
GALICK,1
GALIK,1
GALUSZKA,1
GAPINSKA,1
GARNEY,1
GARTON,1
GARY,1
GASIER,1
GASIOR,1
GAWEREEKA,1
GAWRECKA,1
GAWRONSKA,1
GAZBACZ,1
GEIS,1
GEORGE,1
GERLICH,1
GEZA,1
GHEORGHIU,1
GIBSON,1
GILBERT,1
GILLEN,1
GILLIS,1
GLAPPA,1
GLASKA,1
GLEN,1
GLINSKI,1
GLOGORSKA,1
GLOGOWESKI,1
GLOGOWSKA,1
GLOGOWSKI,1
GLOWA,1
GLOWSKI,1
GMITEREK,1
GODNIAK,1
GOLASINSKI,1
GOLASKA,1
GOLATKA,1
GOLEN,1
GOLLA,1
GOMEN,1
GOMOLKA,1
GONCARSKA,1
GOODNY,1
GORANOWSKI,1
GORECKA,1
GORKA,1
GORLACKA,1
GORNA,1
GORNEY,1
GORNY,1
GOROWSKI,1
GORSKA,1
GORSKI,1
GORZYCKI,1
GOTTSELIG,1
GRABEY,1
GRABOWSKI,1
GRACZYK,1
GRAHAM,1
GRAJCAR,1
GRAMITH,1
GRANOWSKI,1
GRAY,1
GREEN,1
GREENSAGE,1
GREGOREK,1
GREGORY,1
GREMILLION,1
GRENCZ,1
GREWS,1
GRIMMELL,1
GROCHETT,1
GROCHOWSKA,1
GROCKI,1
GROMALA,1
GRUCHOLSKI,1
GRUDZIECK,1
GRUDZIECKI,1
GRUDZIESKI,1
GRUHOLSKI,1
GRUPA,1
GRUSZCZYNSKA,1
GRUZKA,1
GRYCH,1
GRZECHOWIAK,1
GRZEGOREK,1
GUBAS,1
GUERRERO,1
GUMIENNY,1
GUMINSKA,1
GUMINSKI,1
GUMM,1
GURKA,1
GURNEY,1
GUTOWSKI,1
GUTOWSKY,1
GUZIEC,1
Back to top,1
,1
HABLINSKI,1
HACZYNSKI,1
HAINZ,1
HAJDUK,1
HAJMAN,1
HALASKA,1
HALE,1
HALL,1
HAMILTON,1
HANDRICK,1
HANNA,1
HANSKA,1
HARP,1
HARPER,1
HEBDA,1
HEBEL,1
HEC,1
HEHLINSKI,1
HENCEL,1
HERZOG,1
HESS,1
HETMANIAK,1
HILDEBRANDT,1
HINTZEL,1
HLAD,1
HOBEN,1
HOFFMAN,1
HOHL,1
HOLYS,1
HOMEL,1
HOMIK,1
HOPCIA,1
HOPCUS,1
HORAK,1
HORC,1
HORRELL,1
HORTCH,1
HORTZ,1
HORUN,1
HOUSER,1
HOWELL,1
HUFF,1
HUTYRA,1
HYMAN,1
HYNES,1
Back to top,1
,1
IDA,1
IGNASIAK,1
Back to top,1
,1
JACOB,1
JADLOWSKI,1
JAGLESKA,1
JAGODZINSKI,1
JAKOBEK,1
JAKOWICZ,1
JAKUBEK,1
JANAK,1
JANCZAK,1
JANIASIAK,1
JANIGA,1
JANKOWSKA,1
JANKOWSKI,1
JANKOWSKY,1
JANOSKY,1
JANOWSKA,1
JANSEN,1
JANUSZEWSKI,1
JAROCINSKA,1
JAROSZ,1
JASINSKA,1
JASINSKI,1
JAWALINA,1
JAWORSKI,1
JEFFRE,1
JELEN,1
JENDREJZ,1
JENNINGS,1
JENSEN,1
JERZAK,1
JESKO,1
JEZ,1
JEZAK,1
JEZIERSKI,1
JEZIORSKA,1
JODLOSAKA,1
JOHNSON,1
JOSEFOWICZ,1
JOZWIAK,1
JUERGEN,1
JURKA,1
Back to top,1
,1
KACHUBA,1
KACZMAREK,1
KACZMARZ,1
KACZOROWSKI,1
KAGER,1
KAJDASZ,1
KALESSEK,1
KALINOWSKI,1
KALISZEWSKA,1
KALISZEWSKI,1
KALIZEWSKI,1
KALUZNY,1
KALUZRA,1
KAMALOWNA,1
KAMINSKA,1
KAMINSKI,1
KAMONIEWSKI,1
KANDZIERSKI,1
KANISKI,1
KANOSKI,1
KAPCER,1
KAPCHINSKI,1
KAPCZINSKI,1
KAPPELMAN,1
KAPUT,1
KARBOWSKI,1
KAROBALSKI,1
KASKEY,1
KASKOWSKI,1
KASMEROSKI,1
KASMIROSKI,1
KASMIROWSKI,1
KASOWSKI,1
KASPROWICZ,1
KASZYCKI,1
KATUZIA,1
KAZMIEROSKI,1
KAZMIERSKA,1
KAZMIROWSKI,1
KDORZIAN,1
KEDZIOR,1
KELLY,1
KEMIC,1
KEMPENSKI,1
KEMPINSKI,1
KENDZIORA,1
KESKE,1
KETCHAM,1
KIELTYKA,1
KIEMIEC,1
KIESZKOWSKI,1
KING,1
KINGSLAND,1
KISIEL,1
KITOWSKI,1
KLAPECKI,1
KLASEN,1
KLAWINSKI,1
KLIMEK,1
KLOC,1
KLODGINSKI,1
KLODZINSKI,1
KLOPE,1
KLOS,1
KLOSAK,1
KLOSEL,1
KLOSS,1
KLOTZ,1
KLUCZNIK,1
KMIEC,1
KMIECIK,1
KMIECZYK,1
KMIEINSKI,1
KMUCIK,1
KNACH,1
KNAKOWNA,1
KNAPIK,1
KNAST,1
KNOBLES,1
KNOT,1
KNUFA,1
KNUST,1
KOBUSZNSKI,1
KOCALONKA,1
KOCH,1
KOCHANOWICZ,1
KOFICE,1
KOLBASINSKI,1
KOLENOWSKY,1
KOLNER,1
KOLODZIEJEZAK,1
KOMASA,1
KOMENCIAK,1
KOMINCZAK,1
KONIECZNA,1
KONIECZNY,1
KOPACZEWSKA,1
KOPALSKI,1
KOPCZAK,1
KOPCZYNSKI,1
KOPECH,1
KOPERCZAK,1
KOPERSKA,1
KOPERSKI,1
KOPYCINSKI,1
KOREMBYSBORM,1
KORONKA,1
KORPALSKA,1
KOS,1
KOSCIELNIAK,1
KOSH,1
KOSIUSZKO,1
KOSKA,1
KOSSCIELUIAK,1
KOSTELKA,1
KOSTRZEWA,1
KOTCH,1
KOTERAS,1
KOTYRAS,1
KOWALSKI,1
KOWALSZERANKA,1
KOWIS,1
KOWZAN,1
KOZIERSKI,1
KOZIOL,1
KOZIOLEK,1
KOZLOWSKA,1
KRAEMER,1
KRAWIECKI,1
KRISTINEK,1
KROLCZYK,1
KRONENBERGER,1
KRONKOLSKI,1
KROTOFIL,1
KRUPA,1
KRUPALA,,1
KRUPPA,1
KRUS,1
KRUSLEWSKA,1
KRUSZEWSKI,1
KRYGIER,1
KRYSINSKI,1
KRYSTOFIAK,1
KRYSTYNIAK,1
KRZYSTOFEK,1
KUBALA,1
KUBECZKA,1
KUBELKA,1
KUBIAK,1
KUBICKA,1
KUCERA,1
KUCIEMBA,1
KUCIEREK,1
KUJAWA,1
KUJAWSKI,1
KULA,1
KULAK,1
KULIG,1
KULONKA,1
KUMAN,1
KUMIEGA,1
KUNDAZ,1
KUNIAREK,1
KUNTSCHIK,1
KURAZEK,1
KURNOWSKI,1
KURTIN,1
KURZAWSKI,1
KUTA,1
KUTSCHER,1
KUZAK,1
KUZNIAREK,1
KWAITKOWSKI,1
KWATOSKI,1
KWIATKOWSKI,1
KWOSNIEA,1
KZISIDSKI,1
Back to top,1
,1
LABLECKA,1
LAJDYCH,1
LALONDE,1
LAMBRECHT,1
LANEN,1
LANGER,1
LANGOWSKI,1
LANY,1
LASKOSKI,1
LASKOWSKI,1
LASTOVICA,1
LAYDYCH,1
LAZARZKA,1
LE BOYTEAUX,1
LECHERT,1
LECHOWSKA,1
LECHOWSKI,1
LECKI,1
LEGIEL,1
LEHOSKI,1
LEMANSKA,1
LEMMERTZ,1
LENGAS,1
LERO,1
LESNA,1
LETEK,1
LEVEE,1
LEWANDOWSKI,1
LEWECKI,1
LEWICKI,1
LIAS,1
LIDKA,1
LIGIEZKA,1
LIPINSKI,1
LISICKI,1
LITCHEN,1
LITWORA,1
LOBEZAK,1
LOCASIO,1
LOEPNO,1
LOFERSKA,1
LOONAM,1
LORENTY,1
LORIMO,1
LOTT,1
LOUKANIS,1
LOWE,1
LUBONSKA,1
LUCAS,1
LUCASHAWICZ,1
LUCHAK,1
LUCHER,1
LUCHERK,1
LUCZAK,1
LUDEAU,1
LUKASIEWICZ,1
LUKASZEWIEZ,1
LUKOWIAK,1
LUMMUS,1
LUNDSTRUM,1
LUTOMSKA,1
LYBEK,1
LYONS,1
Back to top,1
,1
MACEJEWSKI,1
MACHOS,1
MACHOWICZ,1
MACIEJEWSKI,1
MADELSKI,1
MADUZIA,1
MADYJA,1
MAJA,1
MAJCHCZAK,1
MAJCHRZAK,1
MAJCKER,1
MAJEFSKI,1
MAJEHRZAK,1
MAJEK,1
MAJESKE,1
MAJEWSKI,1
MAJKSZAK,1
MAKOWSKA,1
MAKOWSKI,1
MAKUCH,1
MALAK,1
MALEK,1
MALEWSKI,1
MALINOWSKI,1
MANN,1
MANNA,1
MAOZOLEK,1
MARCINKIEWICZ,1
MARCYYEK,1
MAREK,1
MARKOWSKI,1
MARSHALL,1
MARSZALEK,1
MARTHWISH,1
MARTIN,1
MARZEC,1
MASLEJ,1
MASLIJ,1
MASLIN,1
MATELL,1
MATELSKA,1
MATELSKI,1
MATRKOWA,1
MATTERN,1
MATUGA,1
MATYLEWSKA,1
MATYSZCZAK,1
MATZKE,1
MAZIARKA,1
MAZON,1
MAZUR,1
MAZURKIEWICZ,1
MAZYN,1
MCCANN,1
MCCLOSKY,1
MCKENNY,1
MCNAMARA,1
MEDLIN,1
MEEKER,1
MEKALIP,1
MELESKI,1
MELZER,1
MENTLEWSKI,1
MEXA,1
MICEK,1
MICHALAK,1
MICHALEK,1
MICHALEWICZ,1
MICHALSKI,1
MICHON,1
MIGATA,1
MIKA,1
MIKJOLEJEWSKI,1
MIKOKAJCZAK,1
MIKOLAJCHAK,1
MIKOLAJCZAK,1
MIKOLAJEWSKI,1
MIKOLAJOWSKI,1
MILEWSKI,1
MILLER,1
MILLS,1
MLADENKA,1
MLOTKPWSKA,1
MOC,1
MOCEK,1
MODRZEJEWSKI,1
MOHYLINK,1
MONS,1
MONTECHOSKE,1
MOODY,1
MOORY,1
MORDEL,1
MORDZIENSKI,1
MORGAN,1
MORRIS,1
MOSLY,1
MOSON,1
MOUNTFORD,1
MOUSKAWICZ,1
MOZDZEUSKA,1
MOZDZINSKI,1
MROCZEK,1
MROCZKA,1
MROWINSHA,1
MROWINSKI,1
MUCHA,1
MUNIAK,1
MURRAY,1
MURSKI,1
MURZYKA,1
MUSHINSKI,1
MUSIAL,1
MUSZINSKI,1
MUSZYNSKA,1
MUSZYNSKI,1
MUZYKA,1
MYKS,1
MYTYS,1
Back to top,1
,1
NAGRODZKI,1
NAPIERALA,1
NEIDZWIEDZ,1
NELSON,1
NESBITT,1
NEWCOMB,1
NICKALAJURSKI,1
NICOS,1
NICZONKA,1
NIEDZIELSKA,1
NIEDZWIEDZ,1
NIEGOCKA,1
NIEMIEC,1
NIESPEDZIANA,1
NIEWIDOWSKI,1
NISZKIEWICZ,1
NITKA,1
NOARK,1
NOBRA,1
NOSKI,1
NOVAK,1
NOVARK,1
NOVICKE,1
NOVISKIE,1
NOWACKA,1
NOWACKI,1
NOWACZK,1
NOWAK,1
NOWAKA,1
NOWAKI,1
NOWAKOSKI,1
NOWAKOWSKA,1
NOWAKOWSKI,1
NOWICKA,1
NOWICKI,1
NOZENSKI,1
NUNNALLEE,1
NYKA,1
NYKIEL,1
Back to top,1
,1
OBERDORCZ,1
OCHAB,1
OCZERETUY,1
OGNIEWSKA,1
OGNIEWSKI,1
OGNOSKI,1
OGRODOWITZ,1
OHENDALSKI,1
OKONSKI,1
OLBRYCH,1
OLBRYCHT,1
OLBRYHT,1
OLEJNI,1
OLEJNICZAK,1
OLEKSY,1
OLESKY,1
OLEXEY,1
OLEXY,1
OLISREWSKA,1
OLSZEWSKA,1
OLZSEWSKI,1
OPERSTENY,1
OPHINAPHIE,1
ORBAN,1
ORSAK,1
ORZECHOWSKA,1
OSKAN,1
OSTROWSKI,1
OWCZARZAK,1
Back to top,1
,1
PACHOLEK,1
PACHURIW,1
PAGANOWSKI,1
PAKULSKA,1
PALASH,1
PALASZ,1
PALKA,1
PALUKA,1
PALYRATA,1
PANCIEWICZ,1
PANEK,1
PANICK,1
PAPCIAK,1
PAPIERNIK,1
PARADOWSKI,1
PARAL,1
PARKOSZ,1
PARYSIENKA,1
PASKET,1
PASKETT,1
PASKY,1
PASONKA,1
PASTERSKI,1
PASZKIET,1
PATKA,1
PATKE,1
PATKO,1
PATRICK,1
PATRYLA,1
PATRYLLO,1
PATSCHKE,1
PAVLICA,1
PAVLOK,1
PAWALOWSKI,1
PAWCHNIAK,1
PAWLAK,1
PAWLICKA,1
PAWLOWSKA,1
PAWLOWSKI,1
PEAKE,1
PEARSALL,1
PELGAM,1
PELINGEM,1
PELKA,1
PERCY,1
PETROSKI,1
PETROSKY,1
PHELPS,1
PIATEK,1
PIATKOWSKI,1
PIECHOLA,1
PIETROSKA,1
PIETROWIAK,1
PIETROWICZ,1
PIETROWSKI,1
PIETRZAK,1
PIETRZYK,1
PIETRZYKOWSKI,1
PILARSKI,1
PINKOS,1
PIOROZEK,1
PIOTROSKA,1
PIOTROWICZ,1
PIOTROWSKI,1
PISARZ,1
PIZZITOLA,1
PLEBAN,1
PLUTO,1
PODRAZA,1
POLEYN,1
POLICINKA,1
POLKA,1
POLUDNIOWSKI,1
POLYNA,1
POMPILLO,1
POOL,1
POSINSKI,1
POSSINSKI,1
POUNZIK,1
POZNIAK,1
PRATORIUS,1
PRATT,1
PROCH,1
PRSZULEK,1
PRUETT,1
PRUSCHNIECKI,1
PRUZINOWSKA,1
PRYSTALTSKA,1
PRZYBELSKI,1
PRZYBILSKI,1
PRZYBLINSKA,1
PRZYBORSKI,1
PRZYBYLSKI,1
PRZYKUCKI,1
PSIODA,1
PUDGARSKE,1
PUTZ,1
PYZACKA,1
PYZEWSKI,1
Back to top,1
,1
RADKE,1
RADLICKA,1
RAGAN,1
RAGEN,1
RAIF,1
RAKOWSKI,1
RAOLWICZ,1
RASMUSSEN,1
RATKIEWICZ,1
RAUS,1
RAYDOWN,1
RECH,1
REDLARSKI,1
REED,1
REICHERT,1
REIF,1
REISNER,1
REKIETA,1
RENSCH,1
RICHTER,1
RIESS,1
RILEY,1
RIPKOWSKI,1
RIZZO,1
ROBERTSON,1
ROBINSON,1
RODRIQUEZ,1
ROGUS,1
ROISHINSKI,1
ROJEWSKA,1
ROLAK,1
ROLIROD,1
ROLLA,1
ROMEL,1
ROMINE,1
ROS,1
ROSENBAUM,1
ROSINSKA,1
ROSNER,1
ROSOL,1
ROSZKUR,1
ROZANSKI,1
ROZEK,1
ROZNOWICZ,1
ROZNOWSKI,1
ROZYCKI,1
RUDEK,1
RUDKOWSKI,1
RUGONSKA,1
RUKANSKI,1
RUTANA,1
RUTKOSKI,1
RUZANOSKI,1
RUZANSKI,1
RUZYCKI,1
RYAN,1
RYBA,1
RYBACKA,1
RYBALSKI,1
RYBKOWSKA,1
RYDLEWSKI,1
RZUCHORSKI,1
Back to top,1
,1
SADOWSKI,1
SAK,1
SALVAGE,1
SASSENBURG,1
SCHENCK,1
SCHMADL,1
SCHUBRICK,1
SCHULNICK,1
SCHULTZ,1
SCHUMP,1
SCOBINAK,1
SECHELSKI,1
SEIBEST,1
SEIFFERT,1
SEIGEL,1
SEIGLE,1
SERAFIN,1
SERWA,1
SHELBOURNE,1
SHEPARD,1
SHIVA,1
SHIVER,1
SHORT,1
SIAFRONSKI,1
SIARKELSKI,1
SIATOWSKI,1
SICHSEKE,1
SICINSKI,1
SIKORA,1
SIKORSKA,1
SIKORSKI,1
SIMONS,1
SIMPSON,1
SISINSKI,1
SIWEK,1
SKABLUNIAK,1
SKALBA,1
SKAMPINSKI,1
SKOBA,1
SKOBLONINK,1
SKONETSKI,1
SKORUPINSKI,1
SKWERES,1
SLACHETKA,1
SLACHOWIAK,1
SLAID,1
SLAUGHTER,1
SLAVINSKY,1
SLENK,1
SLIVA,1
SLOAN,1
SLOMINSKI,1
SLOTOWSKI,1
SLOTT,1
SLOVIK,1
SLOWINSKI,1
SMAGACZ,1
SMITH,1
SMOCK,1
SMOLEN,1
SMOTA,1
SNIDER,1
SNIEGORSKI,1
SNIEGOWSKA,1
SNOE,1
SOBCZAK,1
SOBOTA,1
SOJKOWSKI,1
SOLOMON,1
SONKA,1
SOPCZAK,1
SOWA,1
SPARKS,1
SPRINGER,1
SROCZYNSKA,1
SRYER,1
SRYOLEK,1
STACHACZYNSKI,1
STACHASZYNSKI,1
STACHNIAK,1
STACHOWIAK,1
STACHOWSKA,1
STACHURA,1
STAJSCZAK,1
STALURZ,1
STANKO,1
STANUK,1
STASH,1
STASKEY,1
STASKY,1
STASZEWSKI,1
STECIAK,1
STEGENT,1
STELMISASKI,1
STEMPUHOWSKI,1
STEPANSKI,1
STESHACZYNAK,1
STILLEY,1
STOCKTON,1
STOEVER,1
STOKR,1
STOLARSKI,1
STOLICKI,1
STOLOWSKI,1
STOPKOWICZ,1
STORE,1
STOREMSKI,1
STRECKER,1
STRENK,1
STROJNA,1
STROJNZKI,1
STROZ,1
STRUCKMEYER,1
STRUGALA,1
STRZYZESKA,1
STUBBLEFIELD,1
STYGAR,1
STZELECKE,1
SUCHORSKA,1
SUCHOWIAK,1
SULEK,1
SUMERACKI,1
SUPAK,1
SUPERCINSKI,1
SUSINSKI,1
SVOBODA,1
SWANGER,1
SWART,1
SWASZAK,1
SWATLOSKI,1
SWIADEK,1
SWIATEK,1
SWIATKOWSKA,1
SWIATLOWSKI,1
SWICK,1
SWIETAN,1
SWIETANKA,1
SWITALA,1
SYDLIK,1
SYKOWSKI,1
SYPEL,1
SYPNIEWSKI,1
SYZDEK,1
SZARAFIN,1
SZARDOWSKI,1
SZAREK,1
SZAYDA,1
SZCZCINCAZCK,1
SZCZEPANOWSKI,1
SZCZEPANSKI,1
SZCZGELSKI,1
SZEIEPANEK,1
SZELMECZKA,1
SZERSCZYKA,1
SZERSZEN,1
SZERZYK,1
SZEZEPANEK,1
SZHACHTA,1
SZKALBA,1
SZKUDIAREK,1
SZLOTOSKI,1
SZMIT,1
SZMYT,1
SZTABA,1
SZTOREMSKI,1
SZTUREMSKA,1
SZTUREMSKI,1
SZTUROMSKI,1
SZUBA,1
SZUBRYCH,1
SZUMOVICZ,1
SZUMOWICZ,1
SZYBIST,1
SZYDLIK,1
SZYFRANSKI,1
SZYMANSKI,1
SZYMASZEK,1
SZYMCZAK,1
Back to top,1
,1
TABAKA,1
TABASZ,1
TABIARZ,1
TACHIM,1
TAFELSKI,1
TANKERSLEY,1
TARNOWSKI,1
TARPLEY,1
TAWORSKI,1
TAYLOR,1
TEFALSKI,1
TEFELSKI,1
TELEN,1
TEPERA,1
TEREZYNSKA,1
TFARCIK,1
THIBODEAUX,1
THOMAS,1
THOMASSON,1
TILLER,1
TOKARCZYK,1
TOMCZAK,1
TOMCZESZYN,1
TOMCZYSZYN,1
TOMKAVITS,1
TOMKIEWICZ,1
TOMKOWIAK,1
TOON,1
TORRISI,1
TRAMMELL,1
TREBIAN,1
TREPCZYNSKI,1
TROJANOWSKI,1
TROY,1
TROYANOWSKI,1
TROYENOSKI,1
TRZESNICISKI,1
TULECKI,1
TUNISSON,1
TURTNIK,1
TURUSZ,1
TWARDOWSKI,1
TYBOROSKI,1
TYLKOWSKI,1
Back to top,1
,1
UILKIE,1
ULATOWSKI,1
URBAN,1
URYUSZ,1
Back to top,1
,1
VAJDAK,1
VAUGHEN,1
VENARSKE,1
VINIARSKI,1
VITUCKI,1
VLASAK,1
VOSSEN,1
Back to top,1
,1
WACHALA,1
WACHEL,1
WADAS,1
WAGNER,1
WALCZAK,1
WALDA,1
WALIGORA,1
WALKER,1
WALKOVIAK,1
WALKOWIAK,1
WALSH,1
WARCHOL,1
WARHOL,1
WARZON,1
WASIK,1
WASILYSZYN,1
WAUBLOWSKI,1
WDOWIARZ,1
WDOWIOR,1
WEBER,1
WEDRZCHOICS,1
WEGNER,1
WEGRXYN,1
WEGRZYN,1
WEINEL,1
WEJER,1
WELCZYSZKA,1
WELNICKI,1
WENC,1
WENDEKER,1
WENDERSKA,1
WENDYKER,1
WENDZINSKI,1
WENKEBACH,1
WENSKE,1
WESOLEK,1
WESOLOWSKA,1
WESOLOWSKI,1
WHITE,1
WIAREK,1
WICHKOSKI,1
WICHKOWSKI,1
WICK,1
WIDACKI,1
WIECEK,1
WIEGERT,1
WIERZBICKI,1
WIERZCKOSKI,1
WIERZRICKI,1
WIESNIESKI,1
WIETRZKOWSKI,1
WIETRZYKOWSKA,1
WIETRZYKOWSKI,1
WIETZYKOWSKI,1
WIGIERT,1
WILBIE,1
WILCZEN,1
WILDE,1
WILEGORSKA,1
WILEZXYNSKI,1
WILGANOWSKI,1
WILIZYNSKI,1
WILKANOWSKI,1
WINARSKI,1
WINIARSKI,1
WINSLOW,1
WISMOWSKA,1
WISNEWSKI,1
WISNIESKE,1
WISNIEWSKI,1
WISNIEWSKY,1
WISNOSKI,1
WISNOWSKI,1
WITEK,1
WITOWSKI,1
WITTKI,1
WITUCKI,1
WITUSKI,1
WITUSKIE,1
WITWICKI,1
WLECZYK,1
WLODARCZAK,1
WNEK,1
WODZIEN,1
WOHEAD,1
WOJCIK,1
WOJIEKOWSKI,1
WOJTASZAK,1
WOJTECKA,1
WOJTKOWIAK,1
WOJTOWICZ,1
WOLANSKI,1
WOLDA,1
WOLFF,1
WOLNITZEK,1
WOLOSZYN,1
WOOD,1
WORCHESIK,1
WORTON,1
WOZNIAK,1
WROBLESKI,1
WROBLEWSKI,1
WRONKA,1
WRYPKOWSKI,1
WRZESINSKI,1
WYRIPKOWSKI,1
WYRYBKOWSKI,1
WYSOCKA,1
WZIAFZ,1
Back to top,1
,1
YANCHAK,1
YANOWSKI,1
YEAGER,1
YEZAK,1
YOGINSKI,1
YOUNG,1
YOUNGBLOOD,1
Back to top,1
,1
ZABATKY,1
ZABAWA,1
ZABEK,1
ZABOROSKI,1
ZABOROWSKI,1
ZABORSKI,1
ZACOSKI,1
ZADRUZINSKI,1
ZAIGOWA,1
ZAJAC,1
ZAK,1
ZAKRZEWSKI,1
ZALDOW,1
ZAN,1
ZAPOTOCKI,1
ZAWACKI,1
ZAWILOWSKI,1
ZELINSKI,1
ZENDESKI,1
ZEPPUHOR,1
ZGORESKA,1
ZIELINKOWICZ,1
ZIELINSKI,1
ZIELNY,1
ZIENTEK,1
ZIEVERT,1
ZIOLKOWSKI,1
ZUCHORSKI,1
ZUIDWISHKA,1
ZWIERZYNSKA,1
ZWIERZYNSKI,1
ZYLINSKA,1
ZYWIYASKA,1
Back to top,1
Powered by TNG genealogy software,1
