Adam,1
Ahearn,1
Aodh,1
Aodha,1
Aonghuis,1
Aonghus,1
Bradach,1
Bradan,1
Braden,1
Brady,1
Bran,1
Brannon,1
Brian,1
Callaghan,1
Caomh,1
Carey,1
Casey,1
Cassidy,1
Cathain,1
Cathan,1
Cathasach,1
Ceallachan,1
Ceallach,1
Cearbhall,1
Cennetig,1
Ciardha,1
Cleirich,1
Cleirigh,1
Clark,1
Cnaimhin,1
Coghlan,1
Coilean,1
Collins,1
Colman,1
Conall,1
Conchobhar,1
Conn,1
Connell,1
Connolly,1
Cormac,1
Corraidhin,1
Cuidightheach,1
Curran,1
Dalach,1
Dubhshlaine,1
Daly,1
Damhain,1
Damhan,1
Delaney,1
Desmond,1
Devin,1
Diarmaid,1
Doherty,1
Domhnall,1
Donnchadh,1
Donndubhan,1
Donnell,1
Donoghue,1
Donovan,1
Doyle,1
Dubhain,1
Dubhan,1
Duncan,1
Eoghan,1
Eoin,1
Faolan,1
Farrell,1
Fearghal,1
Fergus,1
Finn,1
Finnegan,1
Fionn,1
Flanagan,1
Flann,1
Flynn,1
Gallchobhar,1
Gerald,1
Giolla Bhrighde,1
Giolla Eoin,1
Gorman,1
Hayden,1
Ivor,1
John,1
Kavanagh,1
Keefe,1
Kelly,1
Kennedy,1
Lennon,1
Login,1
Maille,1
Macclelland,1
Macdermott,1
Maceachthighearna,1
Macfarland,1
Macghabhann,1
Maciomhair,1
Macshuibhne,1
Madaidhin,1
Madden,1
Maguire,1
Mahoney,1
Malone,1
Manus,1
Maolmhuaidh,1
Mathghamhain,1
Maurice,1
Mcguire,1
Mckay,1
Mclain,1
Mcmahon,1
Mcnab,1
Mcneil,1
Meadhra,1
Michael,1
Milligan,1
Mochan,1
Mohan,1
Molloy,1
Monahan,1
Mooney,1
Muirchertach,1
Mullen,1
Mulryan,1
Murchadh,1
Murphy,1
Naoimhin,1
Naomhan,1
Neil,1
Neville,1
Nevin,1
Niadh,1
Niall,1
Nolan,1
Nuallan,1
O'Boyle,1
O'Brien,1
O'Byrne,1
O'Donnell,1
O'Hannagain,1
O'Hannigain,1
O'Keefe,1
O'Mooney,1
O'Neal,1
Patrick,1
Peatain,1
Pharlain,1
Power,1
Quigley,1
Quinn,1
Quirke,1
Riagain,1
Rian,1
Raghailligh,1
Reagan,1
Register,1
Reilly,1
Reynold,1
Rhys,1
Riagan,1
Riain,1
Rinn,1
Roach,1
Rodagh,1
Rory,1
Ruadhain,1
Ruadhan,1
Ruadh,1
Ruaidh,1
Seaghdha,1
Sioda,1
Samuel,1
Scolaidhe,1
Sechnall,1
Seighin,1
Shannon,1
Sheehy,1
Simon,1
Sloan,1
Sluaghadhan,1
Suaird,1
Sullivan,1
Tadhgan,1
Tadhg,1
Taidhg,1
Teagan,1
Teague,1
Tighearnach,1
Tracey,1
Treasach,1
Whalen,1
Whelan,1
William,1
