Abbott,1
Adams,1
Ahmed,1
Akhtar,1
Alexander,1
Ali,1
Allan,1
Allen,1
Anderson,1
Andrews,1
Archer,1
Armstrong,1
Arnold,1
Ashton,1
Atkins,1
Atkinson,1
Austin,1
Bailey,1
Baker,1
Baldwin,1
Ball,1
Banks,1
Barber,1
Barker,1
Barlow,1
Barnes,1
Barnett,1
Barrett,1
Barry,1
Bartlett,1
Barton,1
Bates,1
Baxter,1
Begum,1
Bell,1
Bennett,1
Benson,1
Bentley,1
Berry,1
Bevan,1
Bibi,1
Birch,1
Bird,1
Bishop,1
Black,1
Blackburn,1
Blake,1
Bolton,1
Bond,1
Booth,1
Bowen,1
Boyle,1
Bradley,1
Bradshaw,1
Brady,1
Bray,1
Brennan,1
Briggs,1
Brookes,1
Brooks,1
Brown,1
Browne,1
Bruce,1
Bryan,1
Bryant,1
Buckley,1
Bull,1
Burgess,1
Burke,1
Burns,1
Burrows,1
Burton,1
Butcher,1
Butler,1
Byrne,1
Cameron,1
Campbell,1
Carey,1
Carpenter,1
Carr,1
Carroll,1
Carter,1
Cartwright,1
Chadwick,1
Chamberlain,1
Chambers,1
Chan,1
Chandler,1
Chapman,1
Charlton,1
Clark,1
Clarke,1
Clayton,1
Clements,1
Coates,1
Cole,1
Coleman,1
Coles,1
Collier,1
Collins,1
Connolly,1
Connor,1
Conway,1
Cook,1
Cooke,1
Cooper,1
Cox,1
Craig,1
Crawford,1
Cross,1
Cunningham,1
Curtis,1
Dale,1
Daly,1
Daniels,1
Davey,1
Davidson,1
Davies,1
Davis,1
Davison,1
Dawson,1
Day,1
Dean,1
Dennis,1
Dickinson,1
Dixon,1
Dobson,1
Dodd,1
Doherty,1
Donnelly,1
Douglas,1
Doyle,1
Duffy,1
Duncan,1
Dunn,1
Dyer,1
Edwards,1
Elliott,1
Ellis,1
Evans,1
Farmer,1
Farrell,1
Faulkner,1
Ferguson,1
Field,1
Finch,1
Fisher,1
Fitzgerald,1
Fleming,1
Fletcher,1
Flynn,1
Ford,1
Forster,1
Foster,1
Fowler,1
Fox,1
Francis,1
Franklin,1
Fraser,1
Freeman,1
French,1
Frost,1
Fry,1
Fuller,1
Gallagher,1
Gardiner,1
Gardner,1
Garner,1
George,1
Gibbons,1
Gibbs,1
Gibson,1
Gilbert,1
Giles,1
Gill,1
Glover,1
Goddard,1
Godfrey,1
Goodwin,1
Gordon,1
Gough,1
Gould,1
Graham,1
Grant,1
Gray,1
Green,1
Greenwood,1
Gregory,1
Griffin,1
Griffiths,1
Hale,1
Hall,1
Hamilton,1
Hammond,1
Hancock,1
Hanson,1
Harding,1
Hardy,1
Hargreaves,1
Harper,1
Harris,1
Harrison,1
Hart,1
Hartley,1
Harvey,1
Hawkins,1
Hayes,1
Haynes,1
Hayward,1
Heath,1
Henderson,1
Henry,1
Herbert,1
Hewitt,1
Hicks,1
Higgins,1
Hill,1
Hilton,1
Hobbs,1
Hodgson,1
Holden,1
Holland,1
Holloway,1
Holmes,1
Holt,1
Hooper,1
Hope,1
Hopkins,1
Horton,1
Houghton,1
Howard,1
Howarth,1
Howe,1
Howell,1
Howells,1
Hudson,1
Hughes,1
Humphreys,1
Humphries,1
Hunt,1
Hunter,1
Hurst,1
Hussain,1
Hutchinson,1
Hyde,1
Ingram,1
Iqbal,1
Jackson,1
James,1
Jarvis,1
Jenkins,1
Jennings,1
John,1
Johnson,1
Johnston,1
Jones,1
Jordan,1
Joyce,1
Kaur,1
Kay,1
Kelly,1
Kemp,1
Kennedy,1
Kent,1
Kerr,1
Khan,1
King,1
Kirby,1
Kirk,1
Knight,1
Knowles,1
Lamb,1
Lambert,1
Lane,1
Law,1
Lawrence,1
Lawson,1
Leach,1
Lee,1
Lees,1
Leonard,1
Lewis,1
Little,1
Lloyd,1
Long,1
Lord,1
Lowe,1
Lucas,1
Lynch,1
Lyons,1
Macdonald,1
Mahmood,1
Mann,1
Manning,1
Marsden,1
Marsh,1
Marshall,1
Martin,1
Mason,1
Matthews,1
May,1
Mccarthy,1
Mcdonald,1
Mckenzie,1
Mclean,1
Mellor,1
Metcalfe,1
Miah,1
Middleton,1
Miles,1
Miller,1
Mills,1
Mistry,1
Mitchell,1
Moore,1
Moran,1
Morgan,1
Morley,1
Morris,1
Morrison,1
Morton,1
Moss,1
Murphy,1
Murray,1
Myers,1
Nash,1
Naylor,1
Nelson,1
Newman,1
Newton,1
Nicholls,1
Nicholson,1
Nixon,1
Noble,1
Nolan,1
Norman,1
Norris,1
North,1
Norton,1
O'Brien,1
O'Connor,1
O'Donnell,1
O'Neill,1
O'Sullivan,1
Oliver,1
Osborne,1
Owen,1
Owens,1
Page,1
Palmer,1
Parker,1
Parkes,1
Parkin,1
Parkinson,1
Parry,1
Parsons,1
Patel,1
Patterson,1
Payne,1
Peacock,1
Pearce,1
Pearson,1
Perkins,1
Perry,1
Peters,1
Phillips,1
Pickering,1
Pollard,1
Poole,1
Pope,1
Porter,1
Potter,1
Potts,1
Powell,1
Power,1
Pratt,1
Preston,1
Price,1
Pritchard,1
Pugh,1
Quinn,1
Rahman,1
Randall,1
Read,1
Reed,1
Rees,1
Reeves,1
Reid,1
Reynolds,1
Rhodes,1
Rice,1
Richards,1
Richardson,1
Riley,1
Roberts,1
Robertson,1
Robinson,1
Robson,1
Rogers,1
Rose,1
Ross,1
Rowe,1
Rowley,1
Russell,1
Ryan,1
Sanders,1
Sanderson,1
Saunders,1
Savage,1
Schofield,1
Scott,1
Shah,1
Sharp,1
Sharpe,1
Shaw,1
Shepherd,1
Sheppard,1
Short,1
Simmons,1
Simpson,1
Sims,1
Sinclair,1
Singh,1
Skinner,1
Slater,1
Smart,1
Smith,1
Spencer,1
Stanley,1
Steele,1
Stephens,1
Stephenson,1
Stevens,1
Stevenson,1
Stewart,1
Stokes,1
Stone,1
Storey,1
Sullivan,1
Summers,1
Sutton,1
Swift,1
Sykes,1
Talbot,1
Taylor,1
Thomas,1
Thompson,1
Thomson,1
Thornton,1
Thorpe,1
Todd,1
Tomlinson,1
Townsend,1
Tucker,1
Turnbull,1
Turner,1
Tyler,1
Vaughan,1
Vincent,1
Wade,1
Walker,1
Wall,1
Wallace,1
Wallis,1
Walsh,1
Walters,1
Walton,1
Ward,1
Warner,1
Warren,1
Waters,1
Watkins,1
Watson,1
Watts,1
Webb,1
Webster,1
Welch,1
Wells,1
West,1
Weston,1
Wheeler,1
White,1
Whitehead,1
Whitehouse,1
Whittaker,1
Wilkins,1
Wilkinson,1
Williams,1
Williamson,1
Willis,1
Wilson,1
Winter,1
Wong,1
Wood,1
Woods,1
Woodward,1
Wright,1
Wyatt,1
Yates,1
Young,1