Aaron, 1
Aaronin, 1
Aaronsen, 1
Aaronson, 1
Aaronstein, 1
Abba, 1
Abel, 1
Abelson, 1
Abendana, 1
Aberke, 1
Aberl, 1
Aberlein, 1
Aberlieb, 1
Aberzuss, 1
Abil, 1
Abrabanel, 1
Abraham, 1
Abrahm, 1
Abrahmsohn, 1
Abram, 1
Abrami, 1
Abramin, 1
Abramov, 1
Abramowitz, 1
Abrams, 1
Abramsky, 1
Abramsohn, 1
Abramson, 1
Abravanel, 1
Abravaneln, 1
Absalom, 1
Abudraham, 1
Abulafia, 1
Abzug, 1
Achselrad, 1
Ackerman, 1
Acosta, 1
Adele, 1
Adelman, 1
Adelson, 1
Adelstein, 1
Ader, 1
Adler, 1
Admon, 1
Adolescenti, 1
Adonoilom, 1
Africk, 1
Afrom, 1
Agosi, 1
Agozi, 1
Agranat, 1
Agron, 1
Agronsky, 1
Ahavah, 1
Ahikam, 1
Ahitov, 1
Ahl, 1
Ahuvah, 1
Akabiah, 1
Akashia, 1
Akiba, 1
Album, 1
Alcalay, 1
Alembik, 1
Alfandari, 1
Algus, 1
Aliyah, 1
Alizah, 1
Alkus, 1
Alper, 1
Alpern, 1
Alpert, 1
Alpron, 1
Alter, 1
Alterman, 1
Altfeld, 1
Altmann, 1
Altneu, 1
Altschul, 1
Altschuler, 1
Altshule, 1
am, 1
Amdur, 1
Amdursky, 1
Amschel, 1
Amsel, 1
Amsle, 1
Amsler, 1
Amster, 1
Anastasios, 1
Anav, 1
Ancier, 1
Andrussier, 1
Anixter, 1
Ansbach, 1
Anschel, 1
Antman, 1
Anzieher, 1
Apel, 1
Apelopwitz, 1
Apfelbaum, 1
Appel, 1
Apt, 1
Apter, 1
Aren, 1
Arfa, 1
Arkin , 1
Arkules, 1
Aron,Aaron, 1
Aroni,Aaron, 1
Aronin,Aaron, 1
Aronoff,Aaron, 1
Aronov,Aaron, 1
Aronow,Aaron, 1
Aronowitch,Aaron, 1
Aronowitz,Aaron, 1
Aronson,Aaron, 1
Aronstam, 1
Aronstein, 1
Aronthal,Aaron, 1
Aryeh, 1
Arzt, 1
Asael, 1
Asaf, 1
Asch, 1
Aschenheim, 1
Aschenheimer, 1
Ascher, 1
Aschheim, 1
Ash, 1
Ashburg, 1
Ashendorf, 1
Ashkenazi, 1
Ashman, 1
Ashner, 1
Askush, 1
Asner, 1
Aspis, 1
Astruc, 1
Atar, 1
Atlin, 1
Atzmon, 1
Auerbach, 1
Auslander, 1
Auspitz, 1
Austern, 1
Averik, 1
Avi, 1
Avigaal, 1
Avigad, 1
Avigdor, 1
Avil, 1
Avindam, 1
Aviram, 1
Avraham, 1
Avrech, 1
Avril, 1
Avrom, 1
Awerbuch, 1
Axeldar, 1
Axelrad, 1
Axelrod, 1
Axelrood, 1
Ayalah, 1
Ayelet, 1
Ayzenschtat, 1
Azariah, 1
Azria, 1
Azzopardi, 1
Bab, 1
Babad, 1
Bacharach, 1
Bacher, 1
Bacherach, 1
Bachrach, 1
Bachrich, 1
Bad, 1
Badanes, 1
Bader, 1
Badt, 1
Baer, 1
Bailin, 1
Bak, 1
Bakst, 1
Balaban, 1
Balak, 1
Balfur, 1
Balsam, 1
Balta, 1
Balter, 1
Bamberg, 1
Bamberger, 1
Banet, 1
Bar, 1
Bar, 1
Bar, 1
Barad, 1
Baram, 1
Baratz, 1
Barbakoff, 1
Barch, 1
Bard, 1
Bardach, 1
Bardowitz, 1
Barg, 1
Barkan, 1
Barlas, 1
Barmak, 1
Barmash, 1
Barmat, 1
Baron, 1
Barr, 1
Barron, 1
Barrstein, 1
Barshay, 1
Barth, 1
Baru, 1
Baruch, 1
Barukh, 1
Barza, 1
Bas, 1
Basch, 1
Bashe, 1
Basheva, 1
Baskin, 1
Baskind, 1
Bass, 1
Bassan, 1
Bassani, 1
Bassovsky, 1
Basyah, 1
Batnick, 1
Batusanschi, 1
Batyah, 1
Baum, 1
Bauman, 1
Baumgarten, 1
Baxt, 1
Bayla, 1
Bechar, 1
Becher, 1
Bechor, 1
Bechtheim, 1
Becker, 1
Beckerman, 1
Beckman, 1
Bedwinek, 1
Beederman, 1
Behar, 1
Behokhmah, 1
Behrman, 1
Beifuss, 1
Beilin, 1
Beilke, 1
Bekher, 1
Bekhorath, 1
Belier, 1
Belka, 1
Belkin, 1
Bellow, 1
Belmont, 1
Belmonte, 1
Belofsky, 1
Belzer, 1
Ben, 1
Ben, 1
Ben, 1
Ben, 1
Ben, 1
Bender, 1
Bendit, 1
Bendor, 1
Benjamin, 1
Benowitz, 1
Bensheim, 1
Bensinger, 1
Bentwich, 1
Benveniste, 1
Ber, 1
Berakhiah, 1
Berg, 1
Berger, 1
Bergman, 1
Berish, 1
Berkal, 1
Berkman, 1
Berko, 1
Berkovits, 1
Berkowitz, 1
Berl, 1
Berlin (Nothing to do with the city. The name means Son of Berl'), 1
Berliner, 1
Berman, 1
Bernbaum, 1
Bernheim, 1
Bernick, 1
Bernstein, 1
Bertinero, 1
Beshanim, 1
Beshar, 1
Besser, 1
Bethel, 1
Bettelheim, 1
Bettsack, 1
Betzalel, 1
Biback, 1
Biber, 1
Bibick, 1
Bickel, 1
Biederman, 1
Biegeleisen, 1
Bildhauer, 1
Bilu, 1
Binder, 1
Bing, 1
Birnbaum, 1
Bistritzky, 1
Bitensky, 1
Blacher, 1
Black, 1
Blaser, 1
Blashki, 1
Blaszka, 1
Blau, 1
Blaustein, 1
Blecher, 1
Blechman, 1
Bleich, 1
Bleiweiss, 1
Blitstein, 1
Bloch, 1
Block, 1
Bloom, 1
Bloomberg, 1
Bloomfeld, 1
Bloomfield, 1
Bloomingdale, 1
Blowitz, 1
Blozer, 1
Bluestein, 1
Blum, 1
Bluma, 1
Blumenberg, 1
Blumenfeld, 1
Blumengarten, 1
Blumenheim, 1
Blumenkrantz, 1
Blumenkrohn, 1
Blumenreich, 1
Blumenstein, 1
Blumenstock, 1
Blumenthal, 1
Blumfeld, 1
Blumkin, 1
Blustein, 1
Bobroff, 1
Bochner, 1
Bodanis, 1
Bodek, 1
Bodenstein, 1
Bodner, 1
Boerne, 1
Bogatch, 1
Bogati, 1
Bogolub, 1
Bogoraz, 1
Bohm, 1
Boim, 1
Bokser, 1
Bollag, 1
Bolotin, 1
Bondi, 1
Borer, 1
Bornstein, 1
Borodaty, 1
Boros, 1
Borowsky, 1
Bortnik, 1
Boruchschomer, 1
Botbol, 1
Botnick, 1
Botstein, 1
Botushansky, 1
Botwinnik, 1
Boxerman, 1
Boyer, 1
Brüll, 1
Brach, 1
Bradt, 1
Brady, 1
Braf, 1
Bragin, 1
Brainin, 1
Bram, 1
Bran, 1
Brandão, 1
Brand, 1
Brandeis, 1
Brandelstein, 1
Brander, 1
Brandler, 1
Brandwein, 1
Brann, 1
Brasch, 1
Brat, 1
Braude, 1
Braunfeld, 1
Braunschild, 1
Braunspan, 1
Braunstein, 1
Braunthal, 1
Braverman, 1
Breger, 1
Breindel, 1
Breine, 1
Bremel, 1
Brender, 1
Brenner, 1
Breuer, 1
Brewda, 1
Breyer, 1
Brickenstein, 1
Brik, 1
Brill, 1
Brilliant, 1
Brim, 1
Brisch, 1
Brock, 1
Brockman, 1
Brod, 1
Broder, 1
Brodner, 1
Brodsky, 1
Brodt, 1
Brody, 1
Brog, 1
Broitman, 1
Bromberg, 1
Bronfman, 1
Bronfn, 1
Bronstein, 1
Brosch, 1
Brostoff, 1
Brownstein, 1
Bruck, 1
Bruckenstein, 1
Bruckstein, 1
Buber, 1
Buchsbaum, 1
Buchwald, 1
Bufman, 1
Bukspan, 1
Bulka, 1
Bunim, 1
Burack, 1
Burla, 1
Burstein, 1
Buschbaum, 1
Buxbaum, 1
C, 1
Cahan, 1
Cahen, 1
Cahn, 1
Calish, 1
Cantarini, 1
Cardozo, 1
Carlebach, 1
Caro, 1
Casdan, 1
Cassirer , 1
Castro, 1
Casuto, 1
Chabas, 1
Chabin, 1
Chabner, 1
Chagall, 1
Chai, 1
Chaikin, 1
Chaim, 1
Chait, 1
Chalef, 1
Chalfan, 1
Chamedes, 1
Chameides, 1
Chamides, 1
Chamudes, 1
Chanen, 1
Chanin, 1
Chankin, 1
Chapiro, 1
Charlap, 1
Charmatz, 1
Charness, 1
Charnis, 1
Charrik, 1
Charry, 1
Chasin, 1
Chasins, 1
Chason, 1
Chatan, 1
Chavkin, 1
Chayes, 1
Chayim, 1
Chayyah, 1
Chazan, 1
Chazzan, 1
Cherkasky, 1
Cherniak, 1
Chernik, 1
Chernoff, 1
Chernoffsky, 1
Chiel, 1
Chiger, 1
Chiya, 1
Chodes, 1
Chodesh, 1
Chodosh, 1
Chomsky, 1
Chorney, 1
Chubin, 1
Chubinsky, 1
Chudnow, 1
Citron, 1
Cogan, 1
Cohan, 1
Cohen, 1
Cohen, 1
Cohen, 1
Cohen, 1
Cohen , 1
Cohn, 1
Cohnheim, 1
Cohnstein, 1
Cole, 1
Colombo, 1
Cone–Cohen, 1
Consolina, 1
Cooper (Some Gentiles also use this name), 1
Cooperman, 1
Cornberg, 1
Cornblith, 1
Cornblum, 1
Cornfein, 1
Cornfeld, 1
Cornfield, 1
Corngreen, 1
Corngut, 1
Cornpracht, 1
Cramer, 1
Cresca, 1
Csillag, 1
Czaczkes, 1
D, 1
Da Costa, 1
Damrosch, 1
Danto, 1
Daskal, 1
Daskelowitz, 1
Daube, 1
Dauber, 1
David, 1
Davidovitch, 1
Davidowitz, 1
Davidson, 1
Davis, 1
Dayag, 1
Dayan, 1
De Haas, 1
Dekovnick, 1
Del Medigo, 1
Del Vecchio, 1
Dembitz, 1
Dewoskin, 1
Diamant, 1
Dick, 1
Dickenstein, 1
Dickstein, 1
Dienesmann, 1
Dieudonné, 1
Diofatto, 1
Dissen, 1
Ditzah, 1
Dobe, 1
Dobkin, 1
Dobrin, 1
Dohm, 1
Dolinsky, 1
Dorfman, 1
Doron, 1
Drach, 1
Dratwa, 1
Drechsler, 1
Dreebin, 1
Dreifuss, 1
Dresner, 1
Dressler, 1
Drexler, 1
Drexsler, 1
Dreyfus, 1
Dreyfuss, 1
Druck, 1
Drucker, 1
Dubin, 1
Dubofsky, 1
Dubow, 1
Dubowsky, 1
Duchan, 1
Duchen, 1
Duchin, 1
Duchovny, 1
Dukhen, 1
Dunkelman, 1
Durchschlag, 1
Dushkin, 1
Duskin, 1
Duvdevani, 1
Dvoshke, 1
Dym, 1
E, 1
Eberman, 1
Ebril, 1
Eckstein, 1
Edel, 1
Edelman, 1
Edelsberg, 1
Edelstein, 1
Efer, 1
Efroike, 1
Efroikin, 1
Eger, 1
Egers, 1
Ehmann, 1
Ehren (all names with Ehren are variations of Aaron), 1
Ehrenberg, 1
Ehrenfeld, 1
Ehrenfest, 1
Ehrenfreund, 1
Ehrenfried, 1
Ehrenfrucht, 1
Ehrenhaft, 1
Ehrenhaus, 1
Ehrenkrantz, 1
Ehrenpreis, 1
Ehrenreich, 1
Ehrenstamm, 1
Ehrenstein, 1
Ehrenteil, 1
Ehrenthal, 1
Ehrentreu, 1
Ehrenzweig, 1
Ehrlich, 1
Ehrman, 1
Eibenschütz, 1
Eibenschitz, 1
Eibeschütz, 1
Eichel, 1
Eichhorn, 1
Eichler, 1
Eidels, 1
Eifer, 1
Eiferman, 1
Eige, 1
Eiger, 1
Eiges, 1
Einhorn, 1
Einstein, 1
Eisbart, 1
Eise, 1
Eiseman, 1
Eisen, 1
Eisenbach, 1
Eisenberg, 1
Eisengarten, 1
Eisenheim, 1
Eisenhower, 1
Eisenkraft, 1
Eisenman, 1
Eisenstadt, 1
Eisenstam, 1
Eisenstark, 1
Eisenstein, 1
Eisinger, 1
Eisler, 1
Eisman, 1
Eisner, 1
Eisnick, 1
Eissig, 1
Eizik, 1
Elath, 1
Elazar, 1
Elbaz, 1
Elchanan, 1
Eleazar, 1
Elhanan, 1
Eliakim, 1
Elias, 1
Eliasaph, 1
Eliezer, 1
Elijah, 1
Elimelech, 1
Elimelekh, 1
Elishama, 1
Elishaphat, 1
Elkan, 1
Elkin, 1
Ellbogen, 1
Ellenbogen, 1
Ellman, 1
Elman, 1
Elnathan, 1
Elow, 1
Elowitz, 1
Elya, 1
Emale, 1
Embden, 1
Emden, 1
Engel, 1
Engeler, 1
Enker, 1
Entin, 1
Enzil, 1
Enzlin, 1
Ephraim, 1
Ephrat, 1
Ephron, 1
Ephros, 1
Eppenstein, 1
Eppstein, 1
Epsteen, 1
Epstein, 1
Erlanger, 1
Eshkol, 1
Espérance, 1
Esperanza, 1
Esterine, 1
Esterman, 1
Esterson, 1
Estrin, 1
Ettinger, 1
Ettlinger, 1
Evron, 1
Ewig, 1
Ewigkeit, 1
Eybeschitz, 1
Ezekiel, 1
Fürth, 1
Fürther, 1
Fagan, 1
Fagin, 1
Faibisch, 1
Fairchild, 1
Falk, 1
Falkenberg, 1
Falkenfeld, 1
Falkenheim, 1
Falkenstein, 1
Falkenthal, 1
Falkheim, 1
Farber, 1
Farkas, 1
Fassbinder, 1
Fayvel, 1
Feder, 1
Federbusch, 1
Federman, 1
Feibelman, 1
Feig, 1
Feige, 1
Feigel, 1
Feigelman, 1
Feigelstock, 1
Feigenbaum, 1
Feigenblat, 1
Feigin, 1
Feigler, 1
Feigon, 1
Feilchenfeld, 1
Fein, 1
Feinberg, 1
Feiner, 1
Feinerman, 1
Feingold, 1
Feinman, 1
Feinsilver, 1
Feinstein, 1
Feis, 1
Feischl, 1
Feitel, 1
Feivel, 1
Feivis, 1
Feivish, 1
Feivus, 1
Fekete, 1
Feld, 1
Feldbaum, 1
Feldblum, 1
Feldhaus, 1
Feldheim, 1
Feldinger, 1
Feldleit, 1
Feldman, 1
Feldscher, 1
Feldstein, 1
Feller, 1
Fellerman, 1
Fellner, 1
Felltrager, 1
Felman, 1
Felsen, 1
Felsenbach, 1
Felsenberg, 1
Felsenstein, 1
Felsenthal, 1
Felsher, 1
Feltenberg, 1
Fenichel, 1
Fenster, 1
Ferber, 1
Fertel, 1
Fetterer, 1
Feuchtwanger, 1
Feuer, 1
Feuerstein, 1
Fiedler, 1
Figel, 1
Figler, 1
Figlin, 1
Filehne, 1
Filene, 1
Filler, 1
Fine, 1
Fingerhut, 1
Fink, 1
Finkdorf, 1
Finke, 1
Finkel, 1
Finkelstein (dealing in diamonds), 1
Finkenfeld, 1
Finkerfeld, 1
Finkheim, 1
Finkhof, 1
Finn, 1
Finzi, 1
Firestone, 1
Fisch, 1
Fischbein, 1
Fischel, 1
Fischer, 1
Fischman, 1
Fiscl, 1
Fishkin, 1
Fishkind, 1
Fishman, 1
Flacksman, 1
Flaks, 1
Flasch, 1
Flaschin, 1
Flax, 1
Flaxman, 1
Fleischer, 1
Fleischhaker, 1
Fleischhauer, 1
Fleischman, 1
Flesch, 1
Flexner, 1
Florscheim, 1
Florsheim, 1
Floss, 1
Flosser, 1
Fogel, 1
Fogelbaum, 1
Fogelman, 1
Fogelsang, 1
Fogelsdorf, 1
Fogelson, 1
Fogelstein, 1
Fonseca, 1
Forman, 1
Forscheim, 1
Fortel, 1
Forti, 1
Fradkin, 1
Fraime, 1
Fram, 1
Frank, 1
Frankel, 1
Frankfurter, 1
Frayda, 1
Freeman, 1
Freilach, 1
Freilich, 1
Frenkel, 1
Freud, 1
Freudenberg, 1
Freudenfeld, 1
Freudenfels, 1
Freudenheim, 1
Freudenreich, 1
Freudenstein, 1
Freudenthal, 1
Freudman, 1
Fried, 1
Friedel, 1
Friedenheim, 1
Friedenson, 1
Friedenstein, 1
Friedenthal, 1
Frieder, 1
Friedheim, 1
Friedjung, 1
Friedländ, 1
Friedland, 1
Friedlich, 1
Friedman, 1
Friedson, 1
Friedwald, 1
Frohlich, 1
Froike, 1
Froikin, 1
Froim, 1
Fromel, 1
Fromer, 1
Fromkin, 1
Fromm, 1
Frommer, 1
Frosch, 1
Fruma, 1
Fuchs, 1
Fudim, 1
Fudm, 1
Fudym, 1
Fuld, 1
Funk, 1
Furrier, 1
Futorian, 1
Futterman, 1
Gabbai, 1
Gabel, 1
Gabler, 1
Gad, 1
Gada, 1
Gaffen, 1
Galinsky, 1
Galpern, 1
Gam, 1
Gamliel, 1
Gamoran, 1
Gans, 1
Garfinkel, 1
Garfunkel (dealings with diamonds), 1
Garland, 1
Garmaize, 1
Gartenhaus, 1
Gaster, 1
Gedaliah, 1
Geduld, 1
Geffen, 1
Geffner, 1
Geiger, 1
Gelbart, 1
Gelber, 1
Gelfman, 1
Geller, 1
Gellman, 1
Gendel, 1
Gerber, 1
Gersh, 1
Gershman, 1
Gershom, 1
Gershon, 1
Gershovitz, 1
Gerson, 1
Gerstein, 1
Gerstner, 1
Gertz, 1
Getz, 1
Getzel, 1
Getzl, 1
Gewirtz, 1
Gewirtzman, 1
Giblichman, 1
Giesser, 1
Gilah, 1
Gilden, 1
Gilman, 1
Gimbel, 1
Gimpel, 1
Gingold, 1
Ginsburg, 1
Ginzberg, 1
Giora, 1
Gittel, 1
Gittelmacher, 1
Gittelman, 1
Gittelsohn, 1
Gittelson, 1
Gitzok, 1
Glass, 1
Glassman, 1
Glatzer, 1
Glazer, 1
Glick, 1
Glickberg, 1
Glickin, 1
Glickman, 1
Glicksberg, 1
Glickselig, 1
Glicksman, 1
Glickstein, 1
Glickstern, 1
Gluck, 1
Gluckenspiegel, 1
Gnendel, 1
Goetzl, 1
Goiten, 1
Golan, 1
Gold, 1
Goldbart, 1
Goldbaum, 1
Goldberg, 1
Goldberger, 1
Goldblatt, 1
Goldblitt, 1
Goldblum, 1
Goldbrunn, 1
Golde, 1
Golden, 1
Goldenbaum, 1
Goldenberg, 1
Goldenthal, 1
Goldfarb, 1
Goldfeder, 1
Goldfish, 1
Goldfluss, 1
Goldhaber, 1
Goldhammer, 1
Goldheim, 1
Goldhirsch, 1
Goldich, 1
Goldkorn, 1
Goldkrantz, 1
Goldkraut, 1
Goldman, 1
Goldmann, 1
Goldmark, 1
Goldner, 1
Goldreich, 1
Goldsand, 1
Goldscheider, 1
Goldschild, 1
Goldschlag, 1
Goldschmidt, 1
Goldsmith, 1
Goldstadt, 1
Goldstaub, 1
Goldstein, 1
Goldstern, 1
Goldstrand, 1
Goldstrom, 1
Goldzweig, 1
Golomb, 1
Goltz, 1
Goltzer, 1
Goltzman, 1
Golub, 1
Gompers, 1
Gompertz, 1
Goodman, 1
Gordon (also used by many Gentiles, originally a Gentile name), 1
Goren, 1
Gorenstein, 1
Gorfinkel, 1
Goronchik, 1
Gorwitz, 1
Gottesman, 1
Gottinger, 1
Gottlieb, 1
Gottstein, 1
Gotze, 1
Gougenheim, 1
Gould, 1
Goveh, 1
Grabber, 1
Graiver, 1
Granot, 1
Granovsky, 1
Gratz, 1
Graubart, 1
Green, 1
Greenberg, 1
Greene, 1
Greenhut, 1
Greenleaf, 1
Greenspan, 1
Greenspun, 1
Greenstein, 1
Greenstone, 1
Grinberg, 1
Grobtuch, 1
Gross, 1
Grossbart, 1
Grossinger, 1
Grossman, 1
Grozovsky, 1
Gruenbaum, 1
Guberman, 1
Guckenheim, 1
Guggenheim, 1
Guggenheimer, 1
Gumbeiner, 1
Gumpel, 1
Gumpertz, 1
Gumprecht, 1
Gunzburg, 1
Gunzelmann, 1
Gur, 1
Gurion, 1
Gurovitz, 1
Gurvich, 1
Gute, 1
Gutein, 1
Gutfeld, 1
Gutfreund, 1
Gutmacher, 1
Gutman, 1
Gutreich, 1
Gutstein, 1
Gutter, 1
Gutterman, 1
Guttman, 1
Haare, 1
Haas, 1
Haber, 1
Habib, 1
Hadash, 1
Hadassah, 1
Haffkin, 1
Haganah, 1
Hahn, 1
Hait, 1
Halafta, 1
Halevi, 1
Halevy, 1
Halfan, 1
Halper, 1
Halperin, 1
Halprin, 1
Hamashbir, 1
Hammerstein, 1
Hananel, 1
Hananiah, 1
Handel, 1
Handwerger, 1
Handwerker, 1
Hankin, 1
Hanoch, 1
Hardt, 1
Harif, 1
Harpaz, 1
Harris (also used by some Gentiles), 1
Hart (also used by some Gentiles), 1
Hartig, 1
Hartman (also used by some Gentiles), 1
Hartog, 1
Hartwick, 1
Hartwig, 1
Harz, 1
Haspel, 1
Hassan, 1
Hatzkel, 1
Hauer, 1
Havah, 1
Havkin, 1
Hayt, 1
Hayyah, 1
Hayyim, 1
Hazan, 1
Hedvah, 1
Hefter, 1
Heifetz, 1
Heilbron, 1
Heilbronner, 1
Heilbrun, 1
Heilpern, 1
Heilprin, 1
Heilprun, 1
Heiman, 1
Heine, 1
Helfgott, 1
Heller, 1
Hellman, 1
Helpern, 1
Hendel, 1
Henkin, 1
Hersch, 1
Herschel, 1
Herschfus, 1
Herschson, 1
Herschstein, 1
Hersh, 1
Hershdorfer, 1
Herskowitz, 1
Herstein, 1
Hertzman, 1
Hertzmark, 1
Herz, 1
Herzbach, 1
Herzberg, 1
Herzbrunn, 1
Herzfeld, 1
Herzl, 1
Herzlia, 1
Herzog, 1
Heskel, 1
Heuer, 1
Heyman, 1
Hezekiah, 1
Hickman, 1
Higger, 1
Hildesheim, 1
Hillel (Hillel is also the name for the Jewish center on college campuses), 1
Hillman, 1
Himmelfarb, 1
Hinda, 1
Hindes, 1
Hindin, 1
Hirsch, 1
Hirschbaum, 1
Hirschberg, 1
Hirschberger, 1
Hirschbruk, 1
Hirschburg, 1
Hirschfeld, 1
Hirschfield, 1
Hirschhaut, 1
Hirschhorn, 1
Hirschkopf, 1
Hirschkorn, 1
Hirschler, 1
Hirschman, 1
Hirschthal, 1
Hirschwald, 1
Hirsh, 1
Hirz, 1
Hirzh, 1
Hirzhman, 1
Hite, 1
Hittelmacher, 1
Hode, 1
Hodel, 1
Hodes, 1
Hodesmann, 1
Hodi, 1
Hoffman (also used by Gentiles), 1
Hofstadter, 1
Holtz, 1
Holtzer, 1
Holz, 1
Holzer, 1
Holzman, 1
Hoos, 1
Horin, 1
Horn, 1
Hornstein, 1
Hornthal, 1
Horowitz, 1
Horre, 1
Horwitz, 1
Houseman, 1
Huberman, 1
Hudel, 1
Hyman, 1
Hymen, 1
Hyrcanos, 1
Ibn, 1
Ichel, 1
Idelson, 1
Ifland, 1
Ignatz, 1
Ilan, 1
Imber, 1
Ingber, 1
Irving, 1
Isaac, 1
Isaacsohn, 1
Isaacson, 1
Isaakovitch, 1
Isak, 1
Ishmael, 1
Isidore, 1
Israel, 1
Israelin, 1
Isril, 1
Isser, 1
Isserl, 1
Isserles, 1
Isserlin, 1
Itkin, 1
Itts, 1
Itzhaki, 1
Itzhakin, 1
Itzig, 1
Itzik, 1
Itzkovitz, 1
Itzl, 1
Jacob, 1
Jacobin, 1
Jacobsen, 1
Jacobson, 1
Jaffe, 1
Jaffin, 1
Jastrow, 1
Javitz, 1
Jehoshaphat, 1
Jellenik, 1
Jellin, 1
Jellinik, 1
Jephthah, 1
Jerusalimsky, 1
Jessel, 1
Jesselman, 1
Jewison, 1
Jochanan, 1
Joffin, 1
Joske, 1
Judah, 1
Judel, 1
Julius, 1
Jurnove, 1
Kabakoff, 1
Kacev, 1
Kaciff, 1
Kadar, 1
Kadoorie, 1
Kadury, 1
Kafka, 1
Kagan, 1
Kaganoff, 1
Kahane, 1
Kahn, 1
Kaiserman, 1
Kalisch, 1
Kalischer, 1
Kalman, 1
Kalonymos, 1
Kaluzna, 1
Kamin, 1
Kaminetzsky, 1
Kamins, 1
Kammerstein, 1
Kane–Cohen, 1
Kansi, 1
Kantor, 1
Kapke, 1
Kaplan, 1
Karelitz, 1
Karlin, 1
Karliner, 1
Karlinsky, 1
Karlman, 1
Kartagener, 1
Kashdan, 1
Kaskel, 1
Kaspi, 1
Kassirer (Yiddish for Cash), 1
Katz, 1
Katzenellenbogen, 1
Katzenstein, 1
Katzer, 1
Katziff, 1
Katzin (rich), 1
Katzman, 1
Katzoff, 1
Katzovitz, 1
Kaufman, 1
Kavinoky, 1
Kavka, 1
Kavner, 1
Kawka, 1
Kay, 1
Kaye, 1
Kayla, 1
Kazan, 1
Kazhdan, 1
Kedoshim, 1
Kele, 1
Kelman, 1
Kelpfish, 1
Kemmelman, 1
Kemp, 1
Kempenich, 1
Kemper, 1
Kempler, 1
Kesef, 1
Kestenbaum, 1
Kevod, 1
Kibalti, 1
Kibaltic, 1
Kimchi, 1
Kimmelman, 1
Kirchen, 1
Kirchstein, 1
Kirmeyer, 1
Kirsch, 1
Kirschdorf, 1
Kirsche, 1
Kirschenbaum, 1
Kirschenberg, 1
Kirschenblatt, 1
Kirschenzweig, 1
Kirschheim, 1
Kirschner, 1
Kirstein, 1
Kirsten, 1
Kirzner, 1
Kisch, 1
Kisselevich, 1
Kissinger, 1
Kissner, 1
Kitay, 1
Kivel, 1
Klapholtz, 1
Klass, 1
Klausner, 1
Kleban, 1
Klein, 1
Kleinman, 1
Kleinsinger, 1
Klinger, 1
Klippfisch, 1
Klopman, 1
Kluger, 1
Klugman, 1
Knesset, 1
Kobel, 1
Kobrin, 1
Kochabi, 1
Kodesh, 1
Koenig, 1
Koenigsberg, 1
Kofman, 1
Kogan, 1
Kogen, 1
Kohanim, 1
Kohen–Cohen, 1
Kohlberg, 1
Kohn–Cohen, 1
Kohut, 1
Kojeteiner, 1
Kokhba, 1
Kolatch, 1
Kolben, 1
Kolitz, 1
Kolodkin, 1
Kolodny, 1
Kompert, 1
Kone–Cohen, 1
Konotopsky, 1
Kopel, 1
Kopelman, 1
Kopeloff, 1
Kopelovitch, 1
Kopke, 1
Koppel, 1
Koppelman, 1
Korentayer, 1
Korf, 1
Korff, 1
Korn, 1
Kornberg, 1
Kornfeld, 1
Kornfield, 1
Korngold, 1
Kornreich, 1
Korshak, 1
Koshes, 1
Koslowsky, 1
Kossowsky, 1
Kotelschik, 1
Kotlar, 1
Kovalsky, 1
Kovarsky, 1
Kozin, 1
Kraines, 1
Krainin, 1
Kramer, 1
Krasny, 1
Kratchmer, 1
Kraus, 1
Kraushaar, 1
Krauskopf, 1
Krauss, 1
Kreindel, 1
Kreine, 1
Krensky, 1
Kretske, 1
Kretskes, 1
Krichevsky, 1
Krieger, Kriegman (This name is also used by Gentiles), 1
Kripke, 1
Krischer, 1
Krochmal, 1
Kronish, 1
Krulewitz, 1
Krumbein, 1
Krupnick, 1
Kuhn–Cohen, 1
Kulefsky, 1
Kulikowsky, 1
Kulp, 1
Kumpert, 1
Kupietz, 1
Kuppenheim, 1
Kurtz, 1
Kus, 1
Kushner, 1
Kusiel, 1
Kusmann, 1
Kutner, 1
Kutoff, 1
Kuznitsky, 1
Kwilecki, 1
Löw, 1
Lachman, 1
Ladany, 1
Laffer, 1
Lagover, 1
Lakin, 1
Lamdan, 1
Lamech, 1
Landau, 1
Landman, 1
Lang, 1
Langsam, 1
Lansky, 1
Lanzner, 1
Lapidus, 1
Lapin, 1
Lapman, 1
Lasar, 1
Lash, 1
Lasker, 1
Laskov, 1
Laskowitz, 1
Lautenberg, 1
LaVine, 1
Lawentman, 1
Layb, 1
Lazarowitch, 1
Lazarus, 1
Leah, 1
Leahy, 1
Lebeau, 1
Lebedoff, 1
Leblang, 1
Lebovitch, 1
Lebow, 1
Lebowitz, 1
Leder, 1
Lederer, 1
Leeser, 1
Leff, 1
Lehman (money lender), 1
Lehner, 1
Lehrer, 1
Leibowitz, 1
Lekach, 1
Lekachman, 1
Lemberger, 1
Leml, 1
Lemlin, 1
Lempert, 1
Lenchitzky, 1
lending business), 1
Leno, 1
Lenoff, 1
Leorekh, 1
Lepavsky, 1
Lepretre, 1
Lerner, 1
Leser, 1
Lev, 1
Levandula, 1
Levenson, 1
Levey, 1
Levi (Exclusively Jewish, including all variations, 1
Levigne, 1
Levin, 1
LeVine, 1
Levine, 1
Levinsky/i, 1
Levinstein, 1
Levinthal, 1
Levitan/sky or ski, 1
Levitch, 1
Levite, 1
Levitt, 1
Levitz, 1
Levy, 1
Lewin, 1
Lewis, 1
Leyisrael, 1
Leyser, 1
Liba, 1
Libschitz, 1
Licht, 1
Lichtenberg, 1
Lichtenfeld, 1
Lichterman, 1
Lichtman, 1
Lichtzer, 1
Lieb, 1
Lieberman, 1
Liebman, 1
Liebowitz, 1
Lifschitz, 1
Lifshitz, 1
Ligorner, 1
Lilienthal, 1
Linetsky, 1
Linker, 1
Lipa, 1
Lipes, 1
Lipis, 1
Lipkin, 1
Lipman, 1
Lipschitz, 1
Lipschuetz, 1
Lipsky, 1
Lis, 1
Lisagor, 1
Liss, 1
Litant, 1
Litaur, 1
Litman, 1
Littauer, 1
Littman, 1
Litvak, 1
Litwack, 1
Litwin, 1
Locker, 1
Loeb, 1
Loetstein, 1
Lome, 1
Long, 1
Lopata, 1
Lopatnik, 1
Lopatnikov, 1
Lopez, 1
Lorge, 1
Lorig, 1
Lorsch, 1
Lotstein, 1
Lowenbraun, 1
Lowenstein, 1
Lowitz, 1
Luban, 1
Lubar, 1
Lubarsky, 1
Lubin, 1
Lubowitz, 1
Ludwig, 1
Luepschuetz, 1
Lugner, 1
Lukatzsky, 1
Lunz, 1
Luria, 1
Lurie, 1
Lurje, 1
Lustig, 1
Lutz, 1
Luzzati, 1
Luzzato, 1
Lysagora, 1
Maccabi, 1
Macht, 1
Magid, 1
Magida, 1
Magidson, 1
Magit, 1
Magtaz, 1
Mahalalel, 1
Mahler, 1
Maimon, 1
Maites, 1
Maitin, 1
Maizlish, 1
Malachi, 1
Malawsky, 1
Malbim, 1
Malech, 1
Malev, 1
Malevsky, 1
Malin, 1
Malkah, 1
Malkes, 1
Malkiel, 1
Malkin, 1
Malkinson, 1
Malkoff, 1
Malkov, 1
Mall, 1
Malter, 1
Maltin, 1
Manba, 1
Mandel, 1
Mandelbaum, 1
Mandelblum, 1
Mandelbrodt, 1
Mandelbrot, 1
Mandelman, 1
Mandelstam, 1
Mandelstamm, 1
Mandelsuss, 1
Manewith, 1
Manewitz, 1
Maniowitz, 1
Manisch, 1
Manischewitz, 1
Manishen, 1
Mankovsky, 1
Mankuta, 1
Mann, 1
Mannheim, 1
Mannish, 1
Mannsky, 1
Manoah, 1
Mapu, 1
Maram, 1
Marans, 1
Marantz, 1
Marburg, 1
Marcuse, 1
Maremont, 1
Margalit, 1
Marganit, 1
Margolin, 1
Margolioth, 1
Margolis, 1
Margolouth, 1
Marguiles, 1
Margules, 1
Margulies, 1
Margulis, 1
Marhuc, 1
Markowitz, 1
Marks, 1
Marmelstein, 1
Marpurch, 1
Marpurg, 1
Marshak, 1
Marx, 1
Mashbir, 1
Mashbitz, 1
Mashgiah, 1
Maslin, 1
Mass, 1
Matanky, 1
Mattathias, 1
Mattis, 1
Mattisoff, 1
Mattison, 1
Mattityahu, 1
Mattiyahu, 1
Mautner, 1
May, 1
Mayefsky, 1
Mayer, 1
Maymin, 1
Maza, 1
Mazal, 1
Mazur, 1
Meckler, 1
Medinah, 1
Meer, 1
Meersand, 1
Mehler, 1
Mehlman, 1
Meir, 1
Meisel, 1
Meislish, 1
Meisterlin, 1
Meites, 1
Meitin, 1
Melamed, 1
Melber, 1
Melezin, 1
Mellitz, 1
Melnick, 1
Melnikoff, 1
Meltsner, 1
Meltz, 1
Meltzer, 1
Melzner, 1
Menachem, 1
Menachim, 1
Menaheim, 1
Menahem, 1
Menaker, 1
Menasche, 1
Menba, 1
Menche, 1
Menchen, 1
Mendel, 1
Mendelberg, 1
Mendelheim, 1
Mendelovitch, 1
Mendelovitz, 1
Mendelsberg, 1
Mendelsohn, 1
Mendelson, 1
Mendelssohn, 1
Mendheim, 1
Mendthal, 1
Menke, 1
Menken, 1
Menkin, 1
Menlin, 1
Menuchin, 1
Menuhah, 1
Menuhin, 1
Menz, 1
Merman, 1
Merr, 1
Merrick, 1
Mervitz, 1
Meslin, 1
Messenger, 1
Metchik, 1
Metz, 1
Metzger, 1
Metzia, 1
Mevaser, 1
Meyer, 1
Meyerfeld, 1
Meyerhardt, 1
Meyerheim, 1
Meyeroff, 1
Meyers, 1
Meyersberg, 1
Meyersicht, 1
Meyerstein, 1
Michel, 1
Mihály, 1
Milgrom, 1
Milhaud, 1
Miller, 1
Millman, 1
Milstein, 1
Milton, 1
Minc, 1
Mince, 1
Mindel, 1
Minkche, 1
Minkovsky, 1
Minne, 1
Minowitz, 1
Mintz, 1
Miriam, 1
Mirman, 1
Mirsky, 1
Mirvis, 1
Mishkin, 1
Mishnah, 1
Mizera, 1
Mlotok, 1
Model, 1
Mogilner, 1
Mohel, 1
Molotok, 1
Monsky, 1
Montagu, 1
Montalban, 1
Montefiore (disambiguation), 1
Morah, 1
Moran, 1
Mordecai, 1
Moreh, 1
Morenu, 1
Morgenstern, 1
Morgenthau, 1
Moritz, 1
Morpurgo, 1
Mosak , 1
Moscheles, 1
Moses, 1
Moshe, 1
Moshia, 1
Moskowitz, 1
Moss, 1
Mosse, 1
Motche, 1
Moteff, 1
Motel, 1
Motele, 1
Motew, 1
Motke, 1
Motlin, 1
Motz, 1
Motzkin, 1
Mozak, 1
Muchnik, 1
Mukel, 1
Munves, 1
Munz, 1
Mytofsky, 1
Mytosky, 1
Mytowsky, 1
Nachman, 1
Nadel, 1
Naftalin, 1
Naftulin, 1
Naftulis, 1
Nagel, 1
Nager, 1
Nahman, 1
Nahum, 1
Naiman, 1
Naimon, 1
Najmark, 1
Namir, 1
Namslau, 1
Naparstek, 1
Naphtali, 1
Nardi, 1
Narkiss, 1
Narudetzki, 1
Nasati, 1
Nasatir, 1
Nash, 1
Nashelka, 1
Nass, 1
Natati, 1
Nathan, 1
Nathaniel, 1
Nathanson, 1
Naymark, 1
Neeman, 1
Nehamah, 1
Nehemiah, 1
Nehunyah, 1
Neiger, 1
Nelkin, 1
Nemirovsky, 1
Nerenberg, 1
Netzky, 1
Neumark, 1
Neviaser, 1
Nevler, 1
Newmark, 1
Nierenstein, 1
Nili, 1
Nissan, 1
Nissen, 1
Nissenbaum, 1
Nissenfeld, 1
Nissenholtz, 1
Nissim, 1
Novak, 1
Novick, 1
Nuger, 1
Nussbaum, 1
Oberlander, 1
Ochakoff, 1
Ochs, 1
Ochsenschwantz, 1
Oder, 1
Oettinger, 1
Ofen, 1
Offen, 1
Ohringer, 1
Okner, 1
Okun, 1
Olshansky, 1
Onixt, 1
Oppenheim, 1
Oppenheimer, 1
Or, 1
Orbach, 1
Ore, 1
Oren, 1
Orenstamm, 1
Orenstein, 1
Orenthal, 1
Orke, 1
Orkin, 1
Orlansky, 1
Orlik, 1
Orlinsky, 1
Ornstein, 1
Oron, 1
Orun, 1
Oshinsky, 1
Osina, 1
Osinsky, 1
Osterweil, 1
Ostrow, 1
Ostrower, 1
Ottensosser, 1
Ovosky, 1
Ozarovsky, 1
Pacifico, 1
Packer, 1
Pailet, 1
Paiser, 1
Panet, 1
Papernick, 1
Papiermeister, 1
Papirnyi, 1
Pappenheim, 1
Parchi, 1
Parness, 1
Pasch, 1
Pasternack, 1
Patinka, 1
Patinkin, 1
Pauker, 1
Pearl, 1
Pearlman, 1
Pechenik, 1
Peiman, 1
Peiser, 1
Pekarsky, 1
Peled, 1
Pelles, 1
Pelofsky, 1
Penner, 1
Perachiah, 1
Perah, 1
Perelman, 1
Peres, 1
Pergament, 1
Perles, 1
Perlin, 1
Perlman, 1
Perlmutter, 1
Perlow, 1
Perlowsky, 1
Perlstein, 1
Perlzweig, 1
Persky, 1
Pervin, 1
Peshe, 1
Peshke, 1
Peshkin, 1
Pessel, 1
Pevsner, 1
Pfaltzer, 1
Pforzheim, 1
Pianko, 1
Pick, 1
Pikelny, 1
Pilch, 1
Pinchofsky, 1
Pinchuk, 1
Pines, 1
Pinhas, 1
Pinke, 1
Pinkhas, 1
Pinner, 1
Pinsk, 1
Pinsker, 1
Pinsky, 1
Piser, 1
Pizer, 1
Plisken, 1
Plotkin, 1
Plotnick, 1
Podoloff, 1
Podolov, 1
Podolsky, 1
Polier, 1
Politzer, 1
Polka, 1
Pollack, 1
Pollock, 1
Polski, 1
Polster, 1
Pomis, 1
Poneviaser, 1
Popp, 1
Popper, 1
Poppers, 1
Porat, 1
Porath, 1
Portnoy, 1
Portugal, 1
Posner, 1
Potashnik, 1
Poticha, 1
Potok, 1
Prensky, 1
Prenzlau, 1
Presch, 1
Presser, 1
Primack, 1
Pringsheim, 1
Prinz, 1
Pritikin, 1
Prochownik, 1
Proskauer, 1
Pruzansky, 1
Pugatch, 1
Rödelheim, 1
Rabad, 1
Rabak, 1
Rabb, 1
Rabbi, 1
Rabin, 1
Rabinovitch, 1
Rabinowitz, 1
Rackofsky, 1
Rackover, 1
Racoosin, 1
Racusen, 1
Racusin, 1
Radzik, 1
Rafael, 1
Rahamin, 1
Rakh, 1
Rakowsky, 1
Rakusin, 1
Ralbag, 1
Rambaum, 1
Raphael, 1
Raphan, 1
Rappaport, 1
Rashal, 1
Rashi, 1
Raskin, 1
Rasofsky, 1
Rathenau, 1
Ratner, 1
Rauchwerker, 1
Ravidovitch, 1
Rawitz, 1
Rayzel, 1
Razumny, 1
Rebhuhn, 1
Rebhun, 1
Redstone, 1
Reese, 1
Regensberg, 1
Regensburg, 1
Reich, 1
Reiche, 1
Reichel, 1
Reichelson, 1
Reichenbaum, 1
Reichenheim, 1
Reichenthal, 1
Reichman, 1
Reichner, 1
Reichstein, 1
Reifman, 1
Reines, 1
Reis, 1
Reisen, 1
Reiss, 1
Reiter, 1
Reitza, 1
Reitzes, 1
Rele, 1
Reles, 1
Remba, 1
Rembo, 1
Renah, 1
Rephun, 1
Resh, 1
Resnick, 1
Reuben, 1
Reuven, 1
Reysel, 1
Riback, 1
Ribalow, 1
Ribeisen, 1
Ribicoff, 1
Ribnick, 1
Richter, 1
Ridker, 1
Ries, 1
Riese, 1
Rifkin, 1
Rifkind, 1
Rimland, 1
Ringel, 1
Ringlet, 1
Rise, 1
Rivke, 1
Rivkes, 1
Rivki, 1
Rivkin, 1
Rivkind, 1
Rivlin, 1
Roback, 1
Rockoff, 1
Rofe, 1
Rofeh, 1
Rogoff, 1
Rogov, 1
Rogover, 1
Rogovsky, 1
Rogow, 1
Roman, 1
Rose, 1
Rosen, 1
Rosenbach, 1
Rosenbaum, 1
Rosenberg, 1
Rosenblatt, 1
Rosenblith, 1
Rosenblum, 1
Rosenbusch, 1
Rosendorf, 1
Rosendorn, 1
Rosenfarb, 1
Rosenfeld, 1
Rosenfrucht, 1
Rosengarten, 1
Rosenhaft, 1
Rosenhain, 1
Rosenhaus, 1
Rosenheim, 1
Rosenkrantz, 1
Rosenkwit, 1
Rosenmann, 1
Rosenschein, 1
Rosenstamm, 1
Rosenstein, 1
Rosenstern, 1
Rosenstock, 1
Rosenstrauch, 1
Rosenstrauss, 1
Rosenthal, 1
Rosenwald, 1
Rosenwasser, 1
Rosenwein, 1
Rosenzweig, 1
Rosh, 1
Roskin, 1
Rosmarin, 1
Rosow, 1
Rosshaelter, 1
Rossi, 1
Rossof, 1
Rossovsky, 1
Rostholder, 1
Roth, 1
Rothbart, 1
Rothberg, 1
Rothenberg, 1
Rothman, 1
Rothschild, 1
Rothstein, 1
Routenstein, 1
Rovner, 1
Roytbarg, 1
Rubashov, 1
Rubel, 1
Rubenchick, 1
Rubenstein, 1
Rubenzik, 1
Rubin, 1
Rubinfeld, 1
Rubinger, 1
Rubinstein, 1
Ruchames, 1
Ruffer, 1
Rush, 1
Rushnevsky, 1
Ruskin, 1
Ruttman, 1
Rymartz, 1
Rymer, 1
Ryter, 1
Sacerdote, 1
Sachs, 1
Sahl, 1
Saks, 1
Salaman, 1
Salander, 1
Salant, 1
Salanter, 1
Salida, 1
Salinger, 1
Salmen, 1
Salmon, 1
Salomon, 1
Salpeter, 1
Salzman, 1
Sameth, 1
Samter, 1
Samuel, 1
Sandak, 1
Sandek, 1
Sanditen, 1
Sanvil, 1
Saperstein (deals with sapphire), 1
Saphir (deals with sapphire), 1
Sapoznik, 1
Saran, 1
Sarassohn, 1
Sarfatti, 1
Sason, 1
Sasportas, 1
Sassoon, 1
Satz, 1
Saunders, 1
Savit, 1
Savitt, 1
Savitz, 1
Savitzky, 1
Schach, 1
Schachtel, 1
Schaffer, 1
Schaffner, 1
Schalit, 1
Scharf, 1
Scharfman, 1
Scharfstein, 1
Schatz, 1
Schatzmann, 1
Schauer, 1
Schayer, 1
Schechter, 1
Scheier, 1
Schein, 1
Scheinberg, 1
Scheinberger, 1
Scheinfeld, 1
Scheinman, 1
Schemlke, 1
Schen, 1
Schenberg, 1
Schenberger, 1
Schenfeld, 1
Schenman, 1
Scher, 1
Scherer, 1
Schertzer, 1
Scheuer, 1
Schick, 1
Schiff, 1
Schimmel, 1
Schindler, 1
Schinkel, 1
Schlagbaum, 1
Schlampps, 1
Schlamps, 1
Schlechter, 1
Schleh, 1
Schleifer, 1
Schlesinger, 1
Schloss, 1
Schlossberg, 1
Schlossman, 1
Schmaltz, 1
Schmelkin, 1
Schmukler, 1
Schmulke, 1
Schnaittacher, 1
Schneebalg, 1
Schneider (some Gentiles use this name), 1
Schnell, 1
Schnitman, 1
Schochet, 1
Schoenteil, 1
Schonbrunn, 1
Schorr, 1
Schram, 1
Schramm, 1
Schreiber, 1
Schreier, 1
Schreiner, 1
Schreter, 1
Schrift, 1
Schulhof, 1
Schulman, 1
Schulsinger, 1
Schultz, 1
Schupack, 1
Schupakevitch, 1
Schwab, 1
Schwartz, 1
Schwartzbart, 1
Schwartzberg, 1
Schwartzchild, 1
Schwartzenberg, 1
Schwartzman, 1
Schwarz, 1
Schwarzschild, 1
Schweid, 1
Schwersensky, 1
Sculsinger, 1
Scwartzen, 1
Seagal, 1
Seckel, 1
Seckl, 1
Sedlis, 1
Sefansky, 1
Seff, 1
Segal, 1
Segalowitch, 1
Segalowitz, 1
Segan, 1
Seidman, 1
Seidner, 1
Seigal, 1
Seigel, 1
Seiler, 1
Seixas, 1
Selda, 1
Selde, 1
Seldes, 1
Seldin, 1
Seldis, 1
Selig, 1
Seligman, 1
Selik, 1
Seltzer, 1
Senelnick, 1
Sered, 1
Sertels, 1
Sexton, 1
Shabad, 1
Shabbetai, 1
Shaffer, 1
Shafran, 1
Shahar, 1
Shaliah, 1
Shalom, 1
Shames, 1
Shandalov, 1
Shaphat, 1
Shapiro, 1
Sharer, 1
Sharett, 1
Sharf, 1
Sharfman, 1
Sharlott, 1
Shatach, 1
Shatsky, 1
Shatz, 1
Shaul, 1
Shayna, 1
Shayndel, 1
Shazar, 1
Shelomo (Solomon), 1
Shemo, 1
Shephatiah, 1
Sherer, 1
Shereshefsky, 1
Sherman, 1
Shertok, 1
Sheva, 1
Shevin, 1
Shick, 1
Shifra, 1
Shifrin, 1
Shigon, 1
Shik, 1
Shikolnik, 1
Shimke, 1
Shimme, 1
Shimmel, 1
Shimon, 1
Shimshelevich, 1
Shimshon, 1
Shkolnik, 1
Shlensky, 1
Shlomit, 1
Shlomo (Solomon), 1
Shlonsky, 1
Shmelke, 1
Shmuel, 1
Shmulik, 1
Shnayer, 1
Shnitke, 1
Shoenkind, 1
Shohet, 1
Sholk, 1
Shor, 1
Shoshan, 1
Shprinzel, 1
Shteyn, 1
Shtull, 1
Shub, 1
Shuldine, 1
Shulruf, 1
Shulvass, 1
Shulweis, 1
Sickel, 1
Sidelko, 1
Sidney, 1
Siedenfaden, 1
Siegal, 1
Siegbert, 1
Siegel, 1
Siegelman, 1
Siegfried, 1
Sigismund, 1
Sigmund, 1
Silber, 1
Silberberg, 1
Silberman, 1
Silver, 1
Silverberg (mountain of silver), 1
Silverman, 1
Silvermintz (name of one in the money, 1
Silvers, 1
Silverstein (jeweler), 1
Simeon, 1
Simhah, 1
Simkin, 1
Simmon, 1
Simmons, 1
Simms, 1
Simon, 1
Simonsky, 1
Singer, 1
Sinilnik, 1
Sinykin, 1
Sirkes, 1
Sirkin, 1
Sirota, 1
Sivitz, 1
Sklar, 1
Skolnik, 1
Skora, 1
Skudin, 1
Skurnik, 1
Skyer, 1
Sladovsky, 1
Slava, 1
Slavin, 1
Slepin, 1
Sliva, 1
Sloma, 1
Slonimsky, 1
Slova, 1
Slovin, 1
Slutzky, 1
Sluva, 1
Smilansky, 1
Smoler, 1
Smorgansky, 1
Sobol, 1
Sofar, 1
Sofer, 1
Sokol, 1
Sokoloff, 1
Sokolow, 1
Sokolowsky, 1
Sokolsky, 1
Solarz, 1
Solinger, 1
Sollender, 1
Solodar, 1
Solomon, 1
Soloveichik, 1
Soref, 1
Sorke, 1
Sorkin, 1
Soroka, 1
Sorotzkin, 1
Sourkes, 1
Spanier, 1
Spear, 1
Spector, 1
Speishandler, 1
Spelling, 1
Spellman, 1
Sperling, 1
Spero, 1
Spett, 1
Speyer, 1
Spiegel, 1
Spiegler, 1
Spielberg, 1
Spier, 1
Spilky, 1
Spira, 1
Spire, 1
Spiro, 1
Spitalny, 1
Spitz, 1
Spitzer, 1
Spivak, 1
Sprai, 1
Springer, 1
Sprinze, 1
Spritzer, 1
Srol, 1
Srul, 1
Srulik, 1
Sruloff, 1
Stamm, 1
Stampfer, 1
Stark, 1
Starkman, 1
Stawitsky, 1
Stein (exclusively Jewish), 1
Steinberg, 1
Steinberger, 1
Steinem, 1
Steiner, 1
Steinitz, 1
Stellmacher, 1
Stendal, 1
Stern, 1
Sternberg, 1
Sternin, 1
Steuer, 1
Sticker, 1
Stier, 1
Stoller, 1
Stolper, 1
Storch, 1
Storm, 1
Strahl, 1
Strashun, 1
Strauss (used by some Gentiles), 1
Strikman, 1
Strizower, 1
Stroh, 1
Sturm, 1
Sudnovsky, 1
Sukenik, 1
Sulz, 1
Sulzbach, 1
Sulzberg, 1
Susskind, 1
Sussman, 1
Svirsky, 1
Swibel, 1
Synikin, 1
Szpir, 1
Szrift, 1
Térine, 1
Tabachnik, 1
Tabor, 1
Tadlis, 1
Tahlifa, 1
Taksen , 1
Talesnick, 1
Talisman, 1
Talisnick, 1
Talmach, 1
Talmadge, 1
Tamar, 1
Tamara, 1
Tamari, 1
Tamarkin, 1
Tambor, 1
Tandler, 1
Tannenbaum, 1
Tanzer, 1
Taradash, 1
Targ, 1
Targovetsky, 1
Targow, 1
Targownik, 1
Tarler, 1
Tarr, 1
Tarshish, 1
Tartakover, 1
Taub, 1
Taube, 1
Tauber, 1
Taxin, 1
Tcherikover, 1
Tchernowitz, 1
Tehiya, 1
Teibel, 1
Teig, 1
Teigman, 1
Teitelbaum, 1
Teller, 1
Temkin, 1
Tendler, 1
Tene, 1
Tenenbaum, 1
Teomim, 1
Teplitz, 1
Tessler, 1
Tewel, 1
Tewele, 1
Teybel, 1
Tibbon, 1
Ticktin, 1
Tikvah, 1
Tischler, 1
Tobias, 1
Tolmach, 1
Tomim, 1
Toporek, 1
Touro, 1
Tov, 1
Tovah, 1
Tovim, 1
Trèves, 1
Trachtenberg, 1
Trainin, 1
Trana, 1
Trandel, 1
Trattner, 1
Trefus, 1
Treindel, 1
Treine, 1
Treinel, 1
Treves, 1
Trevis, 1
Tribas, 1
Trilling, 1
Trillinger, 1
Tringler, 1
Trivash, 1
Trock, 1
Trubnick, 1
Tuchman, 1
Tulman, 1
Tunik, 1
Turbin, 1
Turetz, 1
Turetzky, 1
Turoff, 1
Turofsky, 1
Turov, 1
Turover, 1
Turowitz, 1
Tuvia, 1
Tuviah, 1
Twersky, 1
Tygel, 1
Tzabok, 1
Tzahal, 1
Tzarfat, 1
Tzchernowitz, 1
Tzedek, 1
Tzedekah, 1
Tzevi, 1
Tzibbur, 1
Tzion, 1
tzion, 1
Tzipor, 1
Tzipporah, 1
Tzirel, 1
Tziyonah, 1
Tzukerman, 1
Tzur, 1
Tzvah, 1
Tzvi, 1
Uchitel, 1
Udelevsky, 1
Udell, 1
Ulman, 1
Ulrich, 1
Umelitz, 1
Ungar, 1
Unger, 1
Unna, 1
Urbach, 1
Urevich, 1
Uri, 1
Ushpiz, 1
Uziel, 1
Uzziah, 1
Uzziel, 1
Valk, 1
Vardah, 1
Vardimon, 1
Vardina, 1
Vardit, 1
Varon, 1
Veinberg, 1
Veivelman, 1
Veivis, 1
Velikoff, 1
Velikov, 1
Velikovsky, 1
Verbin, 1
Vered, 1
Vidal, 1
Vifs, 1
Vigder, 1
Vigdorchik, 1
Vigdorowitz, 1
Vigoda, 1
Vis, 1
Viscl, 1
Vital, 1
Vitkin, 1
Vivant, 1
Vivanti, 1
Vivas, 1
Vivelman, 1
Vives, 1
Vivis, 1
Vivs, 1
Vogel, 1
Voorsanger, 1
Vromel, 1
Wachtel, 1
Wahl (This name is also used by some Gentiles), 1
Wahrman, 1
Waldenburg, 1
Walfish, 1
Walk, 1
Walker, 1
Wallach, 1
Wallack, 1
Wallerstein, 1
Wallich, 1
Wallik, 1
Wank, 1
Wapner, 1
Warberg, 1
Warburg, 1
Warnik, 1
Wartel, 1
Wasserman, 1
Wasserstein, 1
Waxman, 1
Waxstein, 1
Weber, 1
Wechsler, 1
Weckler, 1
Weil, 1
Weile, 1
Weiler, 1
Weill, 1
Wein, 1
Weinberg, 1
Weinberger, 1
Weiner, 1
Weinglass, 1
Weinlaub, 1
Weinles, 1
Weinreb, 1
Weinreich, 1
Weinstein, 1
Weintraub, 1
Weisbart, 1
Weisberg, 1
Weisberger, 1
Weisel, 1
Weiss, 1
Weissmann, 1
Weisz, 1
Weitz, 1
Weizman, 1
Welsch, 1
Werben, 1
Werbin, 1
Wernik, 1
Wertheim, 1
Wertheimer, 1
Westheimer, 1
Wetzlar, 1
Wexler, 1
Wieder, 1
Wiederman, 1
Wigodar, 1
Wigodney, 1
Wilk, 1
Windner, 1
Winkler, 1
Winnick, 1
Winokur, 1
Winternitz, 1
Wita, 1
Witkin, 1
Wittenberg, 1
Wloch, 1
Wolf, 1
Wolfberg, 1
Wolfenberg, 1
Wolfenfeld, 1
Wolfenstein, 1
Wolfenthal, 1
Wolfheim, 1
Wolfinger, 1
Wolfish, 1
Wolfsfeld, 1
Wolfshaut, 1
Wolfsheimer, 1
Wolfsohn, 1
Wolfson, 1
Wolk, 1
Wollman, 1
Wolper, 1
Woskoboinik, 1
Wygoda, 1
Yaakov (variation of Jacob), 1
Yablunsky, 1
Yafeh, 1
Yaffah, 1
Yaffe, 1
Yaffin, 1
Yakhne, 1
Yakir, 1
Yakobl (variation of Jacob), 1
Yakof (variation of Jacob), 1
Yakofman (variation of Jacob), 1
Yakov (variation of Jacob), 1
Yakovman (variation of Jacob), 1
Yale, 1
Yamin, 1
Yampol, 1
Yampolsky, 1
Yankel, 1
Yankelowitz, 1
Yarchi, 1
Yareah, 1
Yarmak, 1
Yatkeman, 1
Yavetz, 1
Yechiel, 1
Yedidya, 1
Yedidyah, 1
Yehezkel, 1
Yehi, 1
Yehiel, 1
Yehielchik, 1
Yehieli, 1
Yehuda, 1
Yekel, 1
Yekusiel, 1
Yekutiel, 1
Yellen, 1
Yellin, 1
Yellinik, 1
Yente, 1
Yentlin, 1
Yerahmiel, 1
Yesse, 1
Yishtabach, 1
Yisrael, 1
Yitkin, 1
Yitzhak, 1
Yoelberg, 1
Yoelsdorf, 1
Yoelson, 1
Yoetz, 1
Yokel, 1
Yolleck, 1
Yollenberg, 1
Yolles, 1
Yos, 1
Yosef, 1
Yosel, 1
Yosi, 1
Yoske, 1
Yudke, 1
Yudko, 1
Yukel, 1
Z'fansky, 1
Zackheim, 1
Zadok, 1
Zager, 1
Zahav, 1
Zaitz, 1
Zakai, 1
Zakkai, 1
Zaks, 1
Zalkin, 1
Zalman, 1
Zamattison, 1
Zangwill, 1
Zarchin, 1
Zaret, 1
Zaretsky, 1
Zarfatti, 1
Zaslavsky, 1
Zavill, 1
Zechariah, 1
Zeckendorf, 1
Zederbaum, 1
Zeev, 1
Zeevy, 1
Zegman, 1
Zehavah, 1
Zehavit, 1
Zehuva, 1
Zeideman, 1
Zeidler, 1
Zeidner, 1
Zeitel, 1
Zeitlin, 1
Zeitman, 1
Zeitz, 1
Zekl, 1
Zelda, 1
Zelde, 1
Zeldes, 1
Zeldin, 1
Zeleznikov, 1
Zelig, 1
Zeliger, 1
Zelighaus, 1
Zeligsberg, 1
Zeligsheim, 1
Zeligstein, 1
Zelik, 1
Zelikovitz, 1
Zelinger, 1
Zemach, 1
Zerobnick, 1
Zertel, 1
Zev, 1
Zevin, 1
Zfass, 1
Zfassman, 1
Ziegel, 1
Ziegelman, 1
Ziegler, 1
Ziff, 1
Zilber, 1
Zimbalist, 1
Zimmerman, 1
Zimmet, 1
Zimring, 1
Zinneman, 1
Zipperstein, 1
Zipporah, 1
Zirelsohn, 1
Zitnik, 1
Zlate, 1
Zlatkin, 1
Zlotkin, 1
Zlotnick, 1
Zloty, 1
Zmira, 1
Zoe, 1
Zohar, 1
Zokovsky, 1
Zolotar, 1
Zorach, 1
Zoref, 1
Zucker, 1
Zuckerman, 1
Zunder, 1
Zunz, 1
Zupnick, 1
Zvi, 1
Zweibel, 1
Zweig, 1
Zwibel, 1
Zwillenberg, 1
Zwirn, 1
, 1