Aalsburg,1
Aalst,1
Aarle,1
Achteren,1
Achthoven,1
Adrichem,1
Aggelen,1
Agteren,1
Agthoven,1
Akkeren,1
Aller,1
Alphen,1
Alst,1
Altena,1
Althuis,1
Amelsvoort,1
Amersvoort,1
Amstel,1
Andel,1
Andringa,1
Ankeren,1
Antwerp,1
Antwerpen,1
Apeldoorn,1
Arendonk,1
Asch,1
Assen,1
Baarle,1
Bokhoven,1
Breda,1
Bueren,1
Buggenum,1
Buiren,1
Buren,1
Can,1
Cann,1
Canne,1
Daal,1
Daalen,1
Dael,1
Daele,1
Dale,1
Dalen,1
Laar,1
Vliert,1
Akker,1
Andel,1
Denend,1
Aart,1
Beek,1
Berg,1
Hout,1
Laar,1
See,1
Stoep,1
Veen,1
Ven,1
Venn,1
Venne,1
Vennen,1
Zee,1
Donk,1
Haanraads,1
Haanraats,1
Haanrade,1
Haanrath,1
Haenraats,1
Haenraets,1
Hanraets,1
Hassel,1
Hautem,1
Hautum,1
Heel,1
Herten,1
Hofwegen,1
Horn,1
Hout,1
Houte,1
Houtem,1
Houten,1
Houttum,1
Houtum,1
Kan,1
Kann,1
Kanne,1
Kappel,1
Karl,1
Kikkert,1
Klein,1
Klerk,1
Klerken,1
Klerks,1
Klerkse,1
Klerkx,1
Klerx,1
Kloet,1
Kloeten,1
Kloeter,1
Koeman,1
Koemans,1
Kolen,1
Kolijn,1
Kollen,1
Koning,1
Kool,1
Koole,1
Koolen,1
Kools,1
Kouman,1
Koumans,1
Krantz,1
Kranz,1
Krusen,1
Kuijpers,1
Kuiper,1
Kuipers,1
Laar,1
Langbroek,1
Laren,1
Lauwens,1
Lauwers,1
Leeuwenhoeck,1
Leeuwenhoek,1
Leeuwenhoek,1
Lucas,1
Lucassen,1
Lyon,1
Maas,1
Maes,1
Maessen,1
Marquering,1
Marqueringh,1
Marquerink,1
Mas,1
Meeuwe,1
Meeuwes,1
Meeuwessen,1
Meeuweszen,1
Meeuwis,1
Meeuwissen,1
Meeuwsen,1
Meisner,1
Merckx,1
Mertens,1
Michel,1
Middelburg,1
Middlesworth,1
Mohren,1
Mooren,1
Mulder,1
Muyskens,1
Nagel,1
Nelissen,1
Nifterick,1
Nifterick,1
Nifterik,1
Nifterik,1
Niftrik,1
Niftrik,1
Offermans,1
Ogterop,1
Ogtrop,1
Oirschot,1
Oirschotten,1
Oomen,1
Oorschot,1
Oorschot,1
Ophoven,1
Otten,1
Pander,1
Panders,1
Paulis,1
Paulissen,1
Peerenboom,1
Peeters,1
Peij,1
Pender (2),1
Penders,1
Pennders,1
Penner,1
Penners,1
Peter,1
Peusen,1
Pey,1
Philips,1
Prinsen,1
Rademaker,1
Rademakers,1
Ramaaker,1
Ramaker,1
Ramakers,1
Ramecker,1
Rameckers,1
Raske,1
Reijnder,1
Reijnders,1
Reinder,1
Reinders,1
Reynder,1
Reynders,1
Richard,1
Rietveld,1
Rijnder,1
Rijnders,1
Robert,1
Roggeveen,1
Roijacker,1
Roijackers,1
Roijakker,1
Roijakkers,1
Romeijn,1
Romeijnders,1
Romeijnsen,1
Romijn,1
Romijnders,1
Romijnsen,1
Rompa,1
Rompa,1
Rompaeij,1
Rompaey,1
Rompaij,1
Rompay,1
Rompaye,1
Rompu,1
Rompuy,1
Rooiakker,1
Rooiakkers,1
Rooijakker,1
Rooijakkers,1
Roosa,1
Roosevelt,1
Rossem,1
Rossum,1
Rumpade,1
Rutten,1
Ryskamp,1
Samson,1
Sanna,1
Schenck,1
Schermer,1
Schneider,1
Schneiders,1
Schneijder,1
Schneijders,1
Schoonenburg,1
Schoonraad,1
Schoorel,1
Schoorel,1
Schoorl,1
Schorel,1
Schrijnemakers,1
Schuyler,1
Schwarzenberg,1
Seeger,1
Seegers,1
Seelen,1
Segers,1
Segher,1
Seghers,1
Severijns,1
Severins,1
Sevriens,1
Silje,1
Simon,1
Simonis,1
Slootmaekers,1
Smeets,1
Smets,1
Smit,1
Smits,1
Snaaijer,1
Snaijer,1
Sneiders,1
Sneijder,1
Sneijders,1
Sneijer,1
Sneijers,1
Snell,1
Snider,1
Sniders,1
Snijder,1
Snijders,1
Snyder,1
Snyders,1
Specht,1
Spijker,1
Spiker,1
Ter Avest,1
Teunissen,1
Theunissen,1
Tholberg,1
Tillens,1
Tunison,1
Tunneson,1
Vandale,1
Vandroogenbroeck,1
Vann,1