Abate,1
Abati,1
Abba,1
Abbate,1
Abbruzzese,1
Acampora,1
Accardi,1
Accardo,1
Accogli,1
Accorsi,1
Acquaviva,1
Adami,1
Adamo,1
Adinolfi,1
Agazzi,1
Agnelli,1
Agnel,1
Agnese,1
Agosta,1
Agosti,1
Agostinelli,1
Agostini,1
Agostino,1
Agosto,1
Agresti,1
Agus,1
Aiel,1
Airaghi,1
Airoldi,1
Alaimo,1
Alampi,1
Alba,1
Albanese,1
Albanesi,1
Albani,1
Albertazzi,1
Alberti,1
Albertini,1
Alberto,1
Albini,1
Aldrovandi,1
Ales,1
Alessandri,1
Alessandrini,1
Alessi,1
Alessio,1
Alfano,1
Alfieri,1
Alfonsi,1
Alfonso,1
Ali,1
Aliberti,1
Alighieri,1
Allegra,1
Allegretti,1
Allegri,1
Allegro,1
Aloi,1
Aloisi,1
Aloisio,1
Altamura,1
Altavil,1
Altieri,1
Altomare,1
Alunni,1
Alvino,1
Amabile,1
Amadei,1
Amadio,1
Amadori,1
Amati,1
Amato,1
Ambra,1
Ambrogio,1
Ambrosetti,1
Ambrosi,1
Ambrosini,1
Ambrosino,1
Ambrosio,1
Amendo,1
Amenta,1
Amici,1
Amico,1
Ammendo,1
Amodeo,1
Amodio,1
Amore,1
Amoroso,1
Amoruso,1
Anania,1
Anastasi,1
Anastasia,1
Anastasio,1
Anceschi,1
Ancona,1
Ancora,1
Anderson,1
Andreani,1
Andrei,1
Andreini,1
Andreoli,1
Andreoni,1
Andreotti,1
Andreozzi,1
Andriani,1
Andrio,1
Anedda,1
Anelli,1
Anel,1
Angeletti,1
Angeli,1
Angelini,1
Angelino,1
Ange,1
Angeloni,1
Angelucci,1
Angiolini,1
Angioni,1
Angius,1
Angrisani,1
Annalisa,1
Anni,1
Annunziata,1
Ansaldi,1
Anselmi,1
Anselmo,1
Antani,1
Antinori,1
Anto,1
Antolini,1
Antonacci,1
Antonaci,1
Antonazzo,1
Antonel,1
Antonelli,1
Antonel,1
Antoni,1
Antoniazzi,1
Antonicelli,1
Antonini,1
Antonioli,1
Antonucci,1
Anzalone,1
Apicel,1
Aprea,1
Aprile,1
Arata,1
Arca,1
Arcangeli,1
Archetti,1
Arcidiacono,1
Arcuri,1
Ardizzone,1
Arduini,1
Arena,1
Aresu,1
Argenti,1
Argentieri,1
Argento,1
Argiolas,1
Aria,1
Ariano,1
Arico,1
Ariu,1
Armani,1
Arnoldi,1
Arnone,1
Arosio,1
Arpaia,1
Arrigo,1
Arrigoni,1
Artioli,1
Asaro,1
Ascione,1
Asia,1
Asta,1
Astarita,1
Astolfi,1
Astorino,1
Attanasio,1
Attianese,1
Attisani,1
Atzeni,1
Atzori,1
Auletta,1
Aureli,1
Auriemma,1
Austacchio,1
Avallone,1
Avanzi,1
Avellino,1
Aversa,1
Avitabile,1
Avolio,1
Azzali,1
Azzaro,1
Azzolini,1
Azzollini,1
Azzurra,1
Azzurro,1
Bacci,1
Baggio,1
Bagnoli,1
Balboni,1
Baldassarre,1
Baldi,1
Baldini,1
Baldo,1
Baldoni,1
Balducci,1
Balestra,1
Ballarin,1
Balzano,1
Bandini,1
Banfi,1
Baraldi,1
Barba,1
Barbagal,1
Barbaro,1
Barbato,1
Barbera,1
Barbero,1
Barbi,1
Barbieri,1
Barbiero,1
Barcel,1
Bardi,1
Barile,1
Barletta,1
Barone,1
Baroni,1
Barra,1
Barresi,1
Barsotti,1
Bartoli,1
Bartolini,1
Basile,1
Bassani,1
Bassi,1
Basso,1
Battaglia,1
Battista,1
Battistel,1
Battisti,1
Battistini,1
Baudo,1
Belfiore,1
Belletti,1
Belli,1
Bellini,1
Bel,1
Bellomo,1
Belloni,1
Bellotti,1
Bellucci,1
Belmonte,1
Belotti,1
Beltrame,1
Beltrami,1
Benassi,1
Benedetti,1
Benedetto,1
Benelli,1
Benetti,1
Benigni,1
Benini,1
Benni,1
Benvenuti,1
Benvenuto,1
Berardi,1
Berardino,1
Beretta,1
Bergamaschi,1
Bergamini,1
Bergamo,1
Berlusconi,1
Berna,1
Bernardi,1
Bernardini,1
Bernasconi,1
Berni,1
Bernini,1
Bersani,1
Bertani,1
Bertelli,1
Berti,1
Bertini,1
Berto,1
Bertocchi,1
Berto,1
Bertoldi,1
Bertoli,1
Bertolini,1
Bertolino,1
Bertone,1
Bertoni,1
Bertozzi,1
Beta,1
Bettinelli,1
Bettini,1
Bevilacqua,1
Bezzi,1
Biagi,1
Biagini,1
Bianchetti,1
Bianchi,1
Bianchini,1
Bianco,1
Bianconi,1
Bibi,1
Biffi,1
Bigi,1
Bignami,1
Billi,1
Binda,1
Bindi,1
Bini,1
Biondi,1
Biondo,1
Bisio,1
Blasi,1
Blue,1
Bocca,1
Bocci,1
Boccia,1
Boi,1
Boldrini,1
Bologna,1
Bolognesi,1
Bon,1
Bona,1
Bonacini,1
Bonanni,1
Bonanno,1
Bonato,1
Bondi,1
Bonelli,1
Bonetti,1
Bonfanti,1
Bonfiglio,1
Bongiovanni,1
Boni,1
Bonini,1
Bono,1
Bonomi,1
Bonomo,1
Bonora,1
Bontempi,1
Borelli,1
Borghesi,1
Borghi,1
Borgia,1
Borrelli,1
Borriel,1
Borroni,1
Bortolotti,1
Boschetti,1
Boschi,1
Bosco,1
Bosco,1
Boselli,1
Bosi,1
Bosio,1
Bossi,1
Botta,1
Botti,1
Bova,1
Bove,1
Bovi,1
Bozza,1
Bozzi,1
Bracci,1
Braga,1
Branca,1
Brandi,1
Bravi,1
Bravo,1
Breda,1
Brescia,1
Bresciani,1
Bressan,1
Briganti,1
Brizzi,1
Broggi,1
Broglia,1
Brunelli,1
Brunetti,1
Bruni,1
Bruno,1
Bruschi,1
Bruzzone,1
Bucci,1
Bucciarelli,1
Buffa,1
Buono,1
Burgio,1
Busato,1
Busi,1
Buzzi,1
Buzzoni,1
Cabras,1
Cacace,1
Caccia,1
Cacciatore,1
Caiazzo,1
Calabrese,1
Calabro,1
Calcagno,1
Cali,1
Callegari,1
Ca,1
Calvi,1
Campagna,1
Campana,1
Campanel,1
Campi,1
Campisi,1
Campo,1
Canale,1
Cannata,1
Cannel,1
Cannone,1
Canova,1
Cantini,1
Canu,1
Capasso,1
Capelli,1
Capobianco,1
Capone,1
Cappelletti,1
Cappelli,1
Cappel,1
Capponi,1
Capra,1
Capuano,1
Caputo,1
Cara,1
Caraccio,1
Carbone,1
Carboni,1
Cardil,1
Cardinali,1
Cardone,1
Carel,1
Carini,1
Carletti,1
Carli,1
Carlini,1
Carloni,1
Carlucci,1
Carminati,1
Carnevale,1
Caroli,1
Carol,1
Carrara,1
Carraro,1
Carrieri,1
Caruso,1
Casa,1
Casadei,1
Casagrande,1
Casale,1
Casali,1
Casanova,1
Casati,1
Cascio,1
Cascone,1
Casel,1
Caselli,1
Casini,1
Casiraghi,1
Caso,1
Cassani,1
Cassano,1
Castagna,1
Castaldi,1
Castaldo,1
Castellani,1
Castellano,1
Castelli,1
Castel,1
Castiglione,1
Castiglioni,1
Casu,1
Casu,1
Catalano,1
Cataldi,1
Cataldo,1
Catania,1
Cattaneo,1
Cau,1
Cavagna,1
Cavaliere,1
Cavalieri,1
Cavallari,1
Cavallaro,1
Cavalli,1
Cavallini,1
Cazzaniga,1
Ceccarelli,1
Cecchetti,1
Cecchi,1
Cecchini,1
Cecconi,1
Cecere,1
Ceci,1
Celentano,1
Cel,1
Celli,1
Cenci,1
Cerri,1
Cerutti,1
Cervi,1
Cesari,1
Cesarini,1
Cherubini,1
Chessa,1
Chiari,1
Chiarini,1
Chiesa,1
Chirico,1
Ciccarelli,1
Cicci,1
Ciccia,1
Ciccone,1
Cimaglia,1
Cimmino,1
Cinelli,1
Cini,1
Cinque,1
Cinzia,1
Cioffi,1
Cioni,1
Ciotti,1
Cipol,1
Cipriani,1
Ciril,1
Claudio,1
Clemente,1
Clementi,1
Clerici,1
Cocchi,1
Coccia,1
Cocco,1
Coco,1
Co,1
Colange,1
Colel,1
Colli,1
Collu,1
Colombi,1
Colombo,1
Colonna,1
Colucci,1
Comi,1
Congiu,1
Consoli,1
Consonni,1
Conte,1
Conti,1
Contini,1
Coppo,1
Coralluzzo,1
Corazza,1
Corazzesi,1
Corda,1
Corona,1
Corradi,1
Corradini,1
Corrado,1
Corrias,1
Corsi,1
Corsini,1
Corso,1
Cortese,1
Cortesi,1
Corti,1
Corvino,1
Cosentino,1
Cosenza,1
Cossu,1
Costa,1
Costantini,1
Costantino,1
Costanzo,1
Cozzi,1
Cozzolino,1
Cremonesi,1
Crepaldi,1
Crespi,1
Crippa,1
Crispino,1
Cristiano,1
Cristina,1
Croce,1
Cucchi,1
Cuccu,1
Cuomo,1
Curcio,1
Curti,1
Agostino,1
Alessandro,1
Alessio,1
Amato,1
Ambrosio,1
Amico,1
Amore,1
Andrea,1
Ange,1
Aniel,1
Anna,1
Antoni,1
Antonio,1
Arco,1
Arrigo,1
Auria,1
Elia,1
Errico,1
Onofrio,1
Orazio,1
Urso,1
Dada,1
Damato,1
Damiani,1
Damiano,1
Danese,1
Danesi,1
Dange,1
Dani,1
Danieli,1
Dante,1
Dario,1
Davi,1
Davide,1
Davoli,1
Dea,1
Degl,1
Innocenti,1
Deiana,1
Deidda,1
Gaudio,1
Giudice,1
Grosso,1
Monte,1
Prete,1
Vecchio,1
Delfino,1
Delia,1
Acqua,1
Monica,1
Torre,1
Valle,1
Deluca,1
Demaria,1
Denaro,1
Denti,1
Deplano,1
Derosa,1
Derossi,1
Desantis,1
Desideri,1
Desiderio,1
Dessi,1
Bari,1
Bel,1
Benedetto,1
Berardino,1
Bernardo,1
Biase,1
Caprio,1
Car,1
Cesare,1
Costanzo,1
Dio,1
Domenico,1
Donato,1
Fazio,1
Felice,1
Filippo,1
Fiore,1
Francesco,1
Franco,1
Gennaro,1
Giacomo,1
Giorgio,1
Giovanni,1
Girolamo,1
Giulio,1
Giuseppe,1
Grazia,1
Gregorio,1
Iorio,1
Leo,1
Lorenzo,1
Maggio,1
Maio,1
Marco,1
Maria,1
Martino,1
Matteo,1
Mauro,1
Meglio,1
Meo,1
Michele,1
Napoli,1
Nardo,1
Natale,1
Palma,1
Pao,1
Pao,1
Pasquale,1
Pietro,1
Renzo,1
Rosa,1
Salvo,1
Santo,1
Stefano,1
Tommaso,1
Diamanti,1
Diana,1
Diaz,1
Didi,1
Dini,1
Dino,1
Dionisi,1
Distefano,1
Dolce,1
Dolci,1
Dominici,1
Dona,1
Donati,1
Donato,1
Doni,1
Donnini,1
Donzelli,1
Dore,1
Doria,1
Dossena,1
Dossi,1
Dotti,1
Drago,1
Duca,1
Due,1
Durante,1
Duranti,1
Dutto,1
Easy,1
Ebasta,1
Eboli,1
Ebranati,1
Ebreo,1
Ecca,1
Eccellente,1
Eccher,1
Ecker,1
Eddy,1
Eded,1
Eden,1
Edera,1
Edico,1
Edino,1
Eduardo,1
Edwige,1
Efficace,1
Efgh,1
Egger,1
Egidi,1
Egitto,1
Egizio,1
Eheh,1
Eheheh,1
Einaudi,1
Eisenstecken,1
Ekernan,1
Moutaoukil,1
Ele,1
Elefante,1
Elenat,1
Eleni,1
Elettra,1
Eleuteri,1
Elfi,1
Elfo,1
Elhafi,1
Elia,1
Eliana,1
Eliba,1
Elide,1
Elis,1
Elisabeth,1
Elisei,1
Elkann,1
El,1
Ellebi,1
Elleboro,1
Ellena,1
Eller,1
Elli,1
Elliott,1
Ellis,1
El,1
Elmi,1
Elmo,1
Elodie,1
Elsa,1
Elvira,1
Emanuel,1
Emanue,1
Emanuele,1
Emanueli,1
Emanuelli,1
Emberti,1
Gialloreti,1
Emili,1
Emiliani,1
Emiliano,1
Emilio,1
Emily,1
Eminian,1
Emma,1
Emmanuel,1
Emme,1
Emmi,1
Emmo,1
Emo,1
Emozioni,1
Emusici,1
Enci,1
Enderlin,1
Endrici,1
Endrigo,1
Endrizzi,1
Enea1,
Spilimbergo,1
Engaldini,1
Englaro,1
Enigma,1
Enna,1
Ennas,1
Enrietti,1
Enrione,1
Enriquez,1
Enza,1
Enzi,1
Enzo,1
Eossi,1
Epicoco,1
Epifani,1
Epifania,1
Epifanio,1
Epifano,1
Epis,1
Episcopo,1
Eramo,1
Erardi,1
Erario,1
Erba,1
Erbetta,1
Erbi,1
Erbini,1
Erbisti,1
Ercolani,1
Ercolano,1
Ercole,1
Ercoles,1
Ercoli,1
Ercolini,1
Ercolino,1
Erdas,1
Erdini,1
Eretrg,1
Erew,1
Erfini,1
Erica,1
Erik,1
Erli,1
Ermacora,1
Ermanno,1
Ermini,1
Ernesti,1
Ernesto,1
Erode,1
Erova,1
Erra,1
Errani,1
Errante,1
Errer,1
Errera,1
Erri,1
Errica,1
Errichiel,1
Errico,1
Errigo,1
Erriu,1
Erro,1
Erry,1
Erta,1
Erti,1
Erto,1
Ertu,1
Ertyui,1
Ervas,1
Esca,1
Esco,1
Escobar,1
Esile,1
Esmeralda,1
Espa,1
Esperanza,1
Espinosa,1
Espinoza,1
Esplosa,1
Espo,1
Espositi,1
Esposito,1
Soccoio,1
Esposito,1
Esposti,1
Esposto,1
Esta,1
Estate,1
Este,1
Esteban,1
Ester,1
Estevez,1
Esti,1
Estrada,1
Eterno,1
Etna,1
Etta,1
Ettore,1
Ettorre,1
Ettossi,1
Etzi,1
Eucalipto,1
Eugenio,1
Euro,1
Eusani,1
Eusebi,1
Eusepi,1
Eutizi,1
Evangelista,1
Evangelisti,1
Evans,1
Eventi,1
Ever,1
Evo,1
Evoli,1
Eyes,1
Fabbri,1
Fabbro,1
Fabi,1
Fabiani,1
Fabiano,1
Fabri,1
Fabris,1
Fabrizi,1
Fabrizio,1
Facchetti,1
Facchi,1
Facchin,1
Facchinelli,1
Facchinetti,1
Facchini,1
Faccioli,1
Fadda,1
Faggiano,1
Fail,1
Falanga,1
Falbo,1
Falchi,1
Falco,1
Falcone,1
Falconi,1
Falzone,1
Fanelli,1
Fanni,1
Fantasia,1
Fanti,1
Fantin,1
Fantini,1
Fantoni,1
Fantozzi,1
Fantuzzi,1
Fara,1
Faraci,1
Faraone,1
Farci,1
Farina,1
Farinelli,1
Farris,1
Fasano,1
Fasoli,1
Fata,1
Fattori,1
Faustini,1
Fava,1
Favaretto,1
Favaro,1
Favero,1
Favia,1
Fazio,1
Fazzi,1
Fede,1
Fedele,1
Fedeli,1
Federici,1
Fedi,1
Felice,1
Felici,1
Felli,1
Feltrin,1
Fenu,1
Fera,1
Ferilli,1
Fermi,1
Fernandez,1
Ferra,1
Ferraioli,1
Ferraiuo,1
Ferrandino,1
Ferrando,1
Ferrante,1
Ferranti,1
Ferrara,1
Ferrarese,1
Ferraresi,1
Ferrari,1
Ferrarini,1
Ferrario,1
Ferraris,1
Ferraro,1
Ferrazza,1
Ferreri,1
Ferrero,1
Ferretti,1
Ferretto,1
Ferri,1
Ferrigno,1
Ferrini,1
Ferro,1
Ferroni,1
Ferrucci,1
Festa,1
Fichera,1
Fico,1
Filippelli,1
Filippi,1
Filippini,1
Filippo,1
Filippone,1
Filipponi,1
Fini,1
Fino,1
Finocchiaro,1
Finotti,1
Fiorani,1
Fioravanti,1
Fiore,1
Fiorel,1
Fiorelli,1
Fiorel,1
Fiorentini,1
Fiorentino,1
Fioretti,1
Fiori,1
Fioril,1
Fiorini,1
Fiorino,1
Fiorito,1
Fiorucci,1
Firenze,1
Fischetti,1
Fiume,1
Flores,1
Florio,1
Floris,1
Fogli,1
Foglia,1
Fois,1
Folli,1
Fontana,1
Fontanel,1
Fonte,1
Fonti,1
Foresti,1
Forlani,1
Formaggio,1
Formica,1
Formico,1
Formisano,1
Fornari,1
Fornaro,1
Fornasari,1
Forni,1
Forte,1
Forti,1
Fortini,1
Fortuna,1
Fortunati,1
Fortunato,1
Foschi,1
Fossa,1
Fossati,1
Foti,1
Fracassi,1
Francavil,1
Franceschetti,1
Franceschi,1
Franceschini,1
Francesconi,1
Franchi,1
Franchini,1
Franci,1
Francia,1
Francini,1
Francioni,1
Franciosi,1
Franco,1
Franza,1
Franzese,1
Franzini,1
Franzoni,1
Franzoso,1
Frasca,1
Frati,1
Fratini,1
Frattini,1
Frau,1
Freddi,1
Freschi,1
Frezza,1
Frezzetti,1
Frigeri,1
Frigerio,1
Frigo,1
Frison,1
Frizzi,1
Fumagalli,1
Fumaro,1
Fuoco,1
Furia,1
Furlan,1
Furlanetto,1
Furnari,1
Fusari,1
Fusaro,1
Fusco,1
Fusi,1
Gabrieli,1
Gabrielli,1
Gaeta,1
Gaetani,1
Gagliano,1
Gagliardi,1
Gaia,1
Ga,1
Galante,1
Galassi,1
Galasso,1
Galati,1
Galbiati,1
Galbusera,1
Galeazzi,1
Galeone,1
Galeotti,1
Galimberti,1
Galletti,1
Galli,1
Galliani,1
Gal,1
Galloni,1
Galtieri,1
Galvani,1
Gamba,1
Gambardel,1
Gamberini,1
Gambini,1
Gambino,1
Ganci,1
Gandini,1
Gandolfi,1
Gandolfo,1
Gangemi,1
Garau,1
Garavaglia,1
Garbarino,1
Garbin,1
Garcia,1
Gardini,1
Gargano,1
Gargiu,1
Garibaldi,1
Garofa,1
Gaspari,1
Gasparini,1
Gatta,1
Gattini,1
Gatto,1
Gattuso,1
Gavioli,1
Gazzo,1
Gelli,1
Gemelli,1
Gemma,1
Genco,1
Genna,1
Gennari,1
Gennaro,1
Genova,1
Genovese,1
Genovesi,1
Gentile,1
Gentili,1
Gentilini,1
Geraci,1
Gerardi,1
Geri,1
Gerini,1
Germani,1
Germano,1
Gerosa,1
Gervasi,1
Gervasoni,1
Gherardi,1
Ghezzi,1
Ghidini,1
Ghilardi,1
Ghio,1
Ghirardi,1
Giacalone,1
Giacobbe,1
Giacomelli,1
Giacometti,1
Giacomini,1
Gial,1
Giancotti,1
Giani,1
Giannelli,1
Giannetti,1
Giannetto,1
Gianni,1
Giannini,1
Giannone,1
Giannoni,1
Giannotti,1
Giannuzzi,1
Giardina,1
Giardini,1
Giardino,1
Gigante,1
Gigi,1
Gigli,1
Giglio,1
Gigliotti,1
Gilardi,1
Gilli,1
Gini,1
Gino,1
Gioia,1
Giordani,1
Giordano,1
Giorgetti,1
Giorgi,1
Giorgia,1
Giorgini,1
Giorgio,1
Giovanardi,1
Giovanelli,1
Giovannelli,1
Giovannetti,1
Giovannini,1
Giove,1
Girardi,1
Giraudo,1
Girelli,1
Gironi,1
Girotti,1
Giudice,1
Giudici,1
Giuffrida,1
Giugliano,1
Giuli,1
Giuliana,1
Giuliani,1
Giuliano,1
Giulietti,1
Giulio,1
Giunta,1
Giunti,1
Giuseppe,1
Giussani,1
Giusti,1
Giusto,1
Gobbi,1
Gobbo,1
Goldoni,1
Gomez,1
Gonzalez,1
Goretti,1
Gori,1
Gorini,1
Gotti,1
Govoni,1
Gozzi,1
Granata,1
Grande,1
Grandi,1
Grasselli,1
Grassi,1
Grasso,1
Gravina,1
Graziani,1
Graziano,1
Grazioli,1
Graziosi,1
Greco,1
Gregori,1
Grieco,1
Grilli,1
Gril,1
Grimaldi,1
Gritti,1
Grossi,1
Grosso,1
Guadagno,1
Gualandi,1
Gualtieri,1
Guarini,1
Guarino,1
Guarnieri,1
Gueli,1
Guerini,1
Guerra,1
Guerrieri,1
Guerriero,1
Guerrini,1
Guetta,1
Guglielmi,1
Gugliotta,1
Guida,1
Guidetti,1
Guidi,1
Guido,1
Guidotti,1
Guiducci,1
Gurrieri,1
Guzzetti,1
Guzzo,1
Habbo,1
Habtezion,1
Habusha,1
Hack,1
Hader,1
Haga,1
Haggiag,1
Hagi,1
Hahn,1
Haimar,1
Haimovici,1
Hais,1
Hall,1
Haller,1
Hal,1
Hamadi,1
Hamilton,1
Hamiti,1
Hammer,1
Hammond,1
Hamrouni,1
Hamza,1
Handerson,1
Hanna,1
Hanno,1
Hansen,1
Hanson,1
Happy,1
Haraigue,1
Harakat,1
Harb,1
Hard,1
Hardy,1
Hari,1
Hariri,1
Harizanova,1
Harlock,1
Hartmann,1
Hartstein,1
Harvey,1
Hary,1
Hasanen,1
Hass,1
Hassani,1
Hassany,1
Hastur,1
Hauer,1
Haupt,1
Hausch,1
Hauser,1
Havana,1
Haxhiaj,1
Hayabusa,1
Hazai,1
Haze,1
Hazim,1
Abrahman,1
Heartilly,1
Hector,1
Hehehe,1
Heidegger,1
Heimst,1
Helene,1
Helgenberg,1
Helios,1
Hellas,1
Helling,1
Hel,1
Help,1
Helzel,1
Henckes,1
Hendricks,1
Henger,1
Henin,1
Henninger,1
Henriquez,1
Henry,1
Hensold,1
Hepburn,1
Herlit,1
Hermann,1
Hernandez,1
Hero,1
Herrera,1
Herzig,1
Hess,1
Hesse,1
Hetman,1
Hewson,1
Hfyr,1
Hicham,1
Hicks,1
Hidler,1
Hihi,1
Hijazi,1
Hi,1
Hiller,1
Hinterwaldner,1
Hippel,1
Hirsch,1
Hirtan,1
Hitomy,1
Hlaczik,1
Hlede,1
Hobbes,1
Hoda,1
Hodges,1
Hofer,1
Hoffer,1
Hoffmann,1
Ho,1
Holden,1
Hole,1
Holland,1
Holly,1
Holm,1
Holmes,1
Holzer,1
Holzner,1
Home,1
Hook,1
Hope,1
Horn,1
Host,1
House,1
Huber,1
Bachrich,1
Huck,1
Hugony,1
Huhu,1
Huiban,1
Hunt,1
Hunter,1
Hunziker,1
Hurtado,1
Hussein,1
Husu,1
Hutter,1
Huyzer,1
Hvarleva,1
Hyeraci,1
Hyll,1
Hysa,1
Iaboni,1
Iaccarino,1
Iaccheri,1
Iachetti,1
Iachini,1
Iaco,1
Iacobbe,1
Iacobelli,1
Iacobellis,1
Iacobini,1
Iacobone,1
Iacobucci,1
Iacona,1
Iacono,1
Iacopini,1
Iacopino,1
Iacopucci,1
Iacovel,1
Iacovelli,1
Iacoviel,1
Iacovino,1
Iacovone,1
Iacozza,1
Iacuzio,1
Iacuzzo,1
Iadanza,1
Iaia,1
Ialacci,1
Iandoli,1
Iando,1
Iannacci,1
Iannaccone,1
Iannace,1
Iannel,1
Iannelli,1
Iannel,1
Iannetta,1
Iannetti,1
Ianni,1
Iannicelli,1
Ianniel,1
Iannini,1
Iannone,1
Iannotta,1
Iannotti,1
Iannucci,1
Iannuzzelli,1
Iannuzzi,1
Ianuale,1
Iaquinta,1
Iaria,1
Iasel,1
Iasevoli,1
Iavarone,1
Iavazzo,1
Iazzetta,1
Ibba,1
Ibrahim,1
Icardi,1
Icaro,1
Idini,1
Ie,1
Iemma,1
Iemmi,1
Ienco,1
Ierardi,1
Ieronimo,1
Iervese,1
Iervolino,1
Ieva,1
Iezzi,1
Ignesti,1
Ilacqua,1
Ilardi,1
Ilardo,1
Ilari,1
Ilenia,1
Illi,1
Illiano,1
Il,1
Imberti,1
Imbesi,1
Imbimbo,1
Imbriani,1
Imbrogno,1
Immordino,1
Imparato,1
Impastato,1
Impedovo,1
Impellizzeri,1
Impelluso,1
Imperato,1
Imperatore,1
Imperi,1
Imperiale,1
Imperiali,1
Improta,1
Incande,1
Incani,1
Incardona,1
Incarnato,1
Incerpi,1
Incerti,1
Incognito,1
Incontri,1
Incoronato,1
Incorvaia,1
Incremona,1
Indaco,1
Indelicato,1
Indelli,1
Indellicati,1
Indino,1
Indovino,1
Ines,1
Infante,1
Infanti,1
Infantino,1
Ingaria,1
Ingenito,1
Inghilterra,1
Inglese,1
Ingletti,1
Inglima,1
Ingoglia,1
Ingrao,1
Ingrassia,1
Ingrati,1
Ingrid,1
Ingrosso,1
Innamorato,1
Innocente,1
Innocenti,1
Innocenzi,1
Inselvini,1
Inserra,1
Intelisano,1
Interlandi,1
Intini,1
Intrigante,1
Introna,1
Inverardi,1
Invernici,1
Invernizzi,1
Invidia,1
Invitto,1
Inzaghi,1
Inzeril,1
Iocca,1
Iodice,1
Ioime,1
Iolanda,1
Ioli,1
Ioni,1
Iori,1
Ioriatti,1
Ioril,1
Iorio,1
Iossa,1
Iotti,1
Iovane,1
Iovine,1
Iovino,1
Iozzi,1
Iozzino,1
Iozzo,1
Ippoliti,1
Ippolito,1
Irace,1
Iraci,1
Iride,1
Iris,1
Irrera,1
Isabel,1
Isel,1
Isernia,1
Isgro,1
Isidori,1
Isnardi,1
Iso,1
Istrino,1
Itaca,1
Italia,1
Italiana,1
Italiani,1
Italiano,1
Iuliani,1
Iuliano,1
Iuorio,1
Iurato,1
Iuri,1
Iurlaro,1
Iusco,1
Iuvara,1
Ivaldi,1
Ivana,1
Ivanova,1
Ivone,1
Izzi,1
Izzo,1
Jacini,1
Jaco,1
Jacobellis,1
Jacono,1
Jacopino,1
Jacopo,1
Jacquier,1
Jaen,1
Jaja,1
Jakob,1
Jalil,1
Jama,1
Jamal,1
Jamilka,1
Jane,1
Jang,1
Janin,1
Janiszewska,1
Jankowska,1
Jann,1
Jannetti,1
Janni,1
Jannicel,1
Janno,1
Jannone,1
Jannuzzi,1
Jaquet,1
Jarosova,1
Jasmann,1
Jasmine,1
Jason,1
Jaud,1
Javarone,1
Javicoli,1
Javier,1
Jazz,1
Jefferson,1
Jeffs,1
Jeje,1
Jelen,1
Jeloscek,1
Jemma,1
Jemmi,1
Jena,1
Jenny,1
Jensen,1
Jeremie,1
Jerome,1
Jesi,1
Jespersen,1
Jessi,1
Jessino,1
Jessy,1
Jesu,1
Jesus,1
Jhons,1
Jhonson,1
Jiang,1
Jimenez,1
Jinga,1
Jocker,1
Joey,1
Johann,1
Johansson,1
John,1
Jojo,1
Joker,1
Jolene,1
Joli,1
Jolita,1
Jolivera,1
Jolly,1
Joly,1
Jones,1
Jonny,1
Jons,1
Jonson,1
Jorda,1
Jori,1
Jorio,1
Jorkins,1
Josef,1
Joseph,1
Josh,1
Jovane,1
Jovanovic,1
Jovine,1
Jovovic,1
Joyce,1
Jozwiak,1
Juan,1
Juang,1
Jude,1
Judica,1
Juice,1
Juju,1
Juliani,1
Julie,1
Julien,1
Juliette,1
July,1
Jung,1
Jungle,1
Jurado,1
Jusic,1
Just,1
Juvara,1
Kacani,1
Kacou,1
Kaczmarek,1
Kaczor,1
Kadiu,1
Kafkova,1
Kahn,1
Kaio,1
Kaiser,1
Kaislasuo,1
Kalali,1
Kalama,1
Kalc,1
Kali,1
Kallashi,1
Ka,1
Kamal,1
Kamburova,1
Kamel,1
Kami,1
Kamil,1
Kana,1
Kandisky,1
Kandy,1
Kane,1
Kansinton,1
Kanzaki,1
Kaoukaya,1
Kaplan,1
Kaplicki,1
Kara,1
Karadzic,1
Karajannis,1
Kareci,1
Kari,1
Karim,1
Karima,1
Karin,1
Karina,1
Karine,1
Karl,1
Karlicek,1
Karma,1
Kasp,1
Kastelan,1
Kata,1
Kate,1
Katerina,1
Kati,1
Katiuscia,1
Katty,1
Katy,1
Katya,1
Katzidakis,1
Kayal,1
Kebe,1
Keiko,1
Keira,1
Kekko,1
Kelis,1
Kemp,1
Kenny,1
Kenoby,1
Kentia,1
Kenya,1
Kenzo,1
Kepez,1
Ketty,1
Kevin,1
Keys,1
Khail,1
Khaled,1
Khali,1
Khalil,1
Kha,1
Khan,1
Khattab,1
Khomitch,1
Kiaretta,1
Kiddo,1
Kidman,1
Kiere,1
Kika,1
Kiko,1
Kiks,1
Killer,1
Kimi,1
Kimmi,1
Kimo,1
Kindl,1
Kinski,1
Kira,1
Kiramarios,1
Kiria,1
Kiriakaki,1
Kisses,1
Kite,1
Kiussi,1
Klammer,1
Klasen,1
Kleenex,1
Kleinrensing,1
Klemen,1
Kleyzor,1
Klimciuk,1
Klimt,1
Kljiner,1
Klos,1
Kloss,1
Klotz,1
Knee,1
Knight,1
Knowles,1
Knox,1
Koa,1
Kock,1
Kodra,1
Koenig,1
Koffana,1
Kofler,1
Koftikian,1
Kohler,1
Kohlschitter,1
Kokalari,1
Koko,1
Kokokokok,1
Koli,1
Koll,1
Kolos,1
Komani,1
Komatsu,1
Komyate,1
Kone,1
Kong,1
Kool,1
Koppejan,1
Koprencka,1
Kora,1
Korneeva,1
Korzeniowska,1
Kosinova,1
Kostner,1
Kosz,1
Kosztelnik,1
Kouao,1
Kouider,1
Kouros,1
Koutassova,1
Kovac,1
Kovacs,1
Kranz,1
Krass,1
Kraus,1
Kravchenko,1
Kravitz,1
Kriegeskotte,1
Krisanovski,1
Kristal,1
Kristancic,1
Kristin,1
Krizia,1
Kroess,1
Kroft,1
Kros,1
Kross,1
Krueger,1
Krzak,1
Kucana,1
Kul,1
Kundera,1
Kunos,1
Kuqi,1
Kurai,1
Kurata,1
Kurekova,1
Kursaal,1
Kurt,1
Kuznetsova,1
Kwiatkowska,1
Kyriakou,1

Barbera,1

Bel,1

Manna,1

Mantia,1

Marca,1

Porta,1

Rocca,1

Rosa,1

Spina,1

Torre,1
Labate,1
Lagana,1
Laghezza,1
Laghi,1
Lago,1
Lai,1
Laino,1
Lalli,1
Lama,1
Lamanna,1
Lamberti,1
Lambertini,1
Lambiase,1
Lami,1
Lampis,1
Lana,1
Lanari,1
Lancini,1
Landi,1
Landini,1
Lando,1
Landolfi,1
Landolfo,1
Landucci,1
Lanfranchi,1
Langel,1
Lanni,1
Lanza,1
Lanzi,1
Lanzoni,1
Lapenna,1
Lara,1
Lari,1
Larocca,1
Larosa,1
Laterza,1
Latini,1
Latino,1
Latorre,1
Lattanzi,1
Lattanzio,1
Lattuada,1
Laurenti,1
Lauretta,1
Lauri,1
Lauria,1
Lauro,1
Lazzari,1
Lazzarini,1
Lazzaro,1
Lazzaroni,1
Lazzeri,1
Lecca,1
Lecis,1
Ledda,1
Lel,1
Lelli,1
Lembo,1
Lena,1
Lenci,1
Lenti,1
Lentini,1
Lenzi,1
Leo,1
Leonardi,1
Leonardini,1
Leone,1
Leonetti,1
Leoni,1
Leopardi,1
Leotta,1
Lepore,1
Lepri,1
Letizia,1
Leto,1
Lettieri,1
Leuzzi,1
Leva,1
Levi,1
Lezzi,1
Lia,1
Libera,1
Liberati,1
Liberatore,1
Libero,1
Liberti,1
Licata,1
Liccardo,1
Ligas,1
Liguori,1
Lili,1
Lil,1
Lilli,1
Lil,1
Li,1
Lima,1
Lina,1
Linda,1
Lini,1
Lino,1
Liotta,1
Lipari,1
Lippa,1
Lippi,1
Lippolis,1
Lisa,1
Lisi,1
Liso,1
Lista,1
Liuzzi,1
Liverani,1
Livi,1
Lizzio,1

Bianco,1

Cascio,1

Giudice,1

Iacono,1

Monaco,1

Presti,1

Russo,1
Lobina,1
Locatelli,1
Locci,1
Loddo,1
Lodi,1
Loffredo,1
Loi,1
Loiacono,1
Lolli,1
Lombardi,1
Lombardini,1
Lombardo,1
Lonati,1
Longhi,1
Longo,1
Longobardi,1
Longoni,1
Lopes,1
Lopez,1
Loredana,1
Lorenzetti,1
Lorenzi,1
Lorenzini,1
Lorenzo,1
Lorenzon,1
Lorenzoni,1
Loreti,1
Loria,1
Loro,1
Lorusso,1
Losa,1
Losi,1
Losito,1
Lotti,1
Lovato,1
Lozza,1
Luana,1
Lubrano,1
Lucarelli,1
Lucca,1
Lucchese,1
Lucchesi,1
Lucchetta,1
Lucchetti,1
Lucchi,1
Lucchini,1
Lucci,1
Luce,1
Luci,1
Luciani,1
Luciano,1
Lucidi,1
Lugli,1
Luisi,1
Lulli,1
Lunardi,1
Lunghi,1
Luongo,1
Luoni,1
Lupi,1
Lupo,1
Luppi,1
Luzi,1
Luzzi,1
Macchi,1
Macri,1
Madonia,1
Maestri,1
Maffei,1
Maggi,1
Maggio,1
Maggioni,1
Magnani,1
Magni,1
Magno,1
Magri,1
Magrini,1
Magro,1
Mainardi,1
Maio,1
Maione,1
Maldini,1
Maltese,1
Mameli,1
Man,1
Manca,1
Mancinelli,1
Mancini,1
Mancino,1
Mancuso,1
Mandelli,1
Manenti,1
Manfredi,1
Manfredini,1
Mangano,1
Manna,1
Manni,1
Mannino,1
Mantovani,1
Manu,1
Manzi,1
Manzo,1
Manzoni,1
Mapelli,1
Mara,1
Marangoni,1
Marano,1
Marcelli,1
Marcel,1
Marchese,1
Marchesi,1
Marchesini,1
Marchetti,1
Marchetto,1
Marchi,1
Marchini,1
Marchiori,1
Marciano,1
Marcon,1
Marconi,1
Marcucci,1
Mare,1
Marelli,1
Maresca,1
Margiotta,1
Mari,1
Mariani,1
Marin,1
Marinelli,1
Marini,1
Marino,1
Mariotti,1
Marongiu,1
Marotta,1
Marra,1
Marras,1
Marrone,1
Martel,1
Martelli,1
Martin,1
Martina,1
Martinelli,1
Martinez,1
Martini,1
Martino,1
Martorana,1
Martucci,1
Marzano,1
Marzi,1
Marzo,1
Masa,1
Mascia,1
Masi,1
Masiero,1
Masini,1
Massa,1
Massari,1
Massaro,1
Massi,1
Mastroianni,1
Matera,1
Matta,1
Mattei,1
Matteucci,1
Mattia,1
Mattioli,1
Maugeri,1
Mauri,1
Mauro,1
Mazza,1
Mazzanti,1
Mazzarel,1
Mazzei,1
Mazzeo,1
Mazzi,1
Mazzini,1
Mazzocchi,1
Mazzo,1
Mazzoli,1
Mazzone,1
Mazzoni,1
Mazzotti,1
Medici,1
Mei,1
Melandri,1
Mele,1
Meli,1
Melis,1
Meloni,1
Menegatti,1
Meneghetti,1
Meo,1
Mercuri,1
Mercurio,1
Mereu,1
Merli,1
Merlini,1
Merlino,1
Mer,1
Mero,1
Meroni,1
Messina,1
Miccoli,1
Miceli,1
Micheletti,1
Micheli,1
Michelini,1
Miele,1
Migliaccio,1
Migliore,1
Migliorini,1
Milan,1
Milanesi,1
Milani,1
Milano,1
Milazzo,1
Milone,1
Mina,1
Minelli,1
Minetti,1
Mini,1
Mirabel,1
Miranda,1
Miselli,1
Modica,1
Molinari,1
Molinaro,1
Molino,1
Molteni,1
Monaco,1
Mondel,1
Monni,1
Montagna,1
Montalto,1
Montanari,1
Montanaro,1
Monte,1
Monteleone,1
Montel,1
Monti,1
Mora,1
Morabito,1
Morandi,1
Morelli,1
Morel,1
Moretti,1
Moretto,1
Morganti,1
Mori,1
Morini,1
Moro,1
Moroni,1
Morra,1
Morrone,1
Mosca,1
Motta,1
Mucci,1
Mulas,1
Mura,1
Murgia,1
Murru,1
Musso,1
Musumeci,1
Naccarato,1
Naccari,1
Nacci,1
Nadia,1
Naldi,1
Naldini,1
Nalesso,1
Nalin,1
Nandi,1
Nani,1
Nania,1
Nanna,1
Nannetti,1
Nanni,1
Nannini,1
Napo,1
Napoleone,1
Napoleoni,1
Napoletano,1
Napoli,1
Napolitano,1
Nappa,1
Nappi,1
Nappo,1
Narcisi,1
Narciso,1
Nardel,1
Nardelli,1
Nardi,1
Nardiel,1
Nardin,1
Nardini,1
Nardo,1
Nardon,1
Nardone,1
Nardoni,1
Narducci,1
Nardulli,1
Narduzzi,1
Naro,1
Nasca,1
Naselli,1
Nasi,1
Nasini,1
Naso,1
Nasoni,1
Nassi,1
Nasso,1
Nasta,1
Nastasi,1
Nasti,1
Nastri,1
Natale,1
Natali,1
Natalia,1
Natalini,1
Nativo,1
Natoli,1
Nava,1
Navarra,1
Navarro,1
Nebbia,1
Nebio,1
Nebuloni,1
Necchi,1
Neglia,1
Negrel,1
Negretti,1
Negri,1
Negrini,1
Negro,1
Negroni,1
Nelli,1
Nel,1
Nembrini,1
Nemo,1
Nencini,1
Nencioni,1
Nenna,1
Nepi,1
Nera,1
Neri,1
Nerini,1
Nero,1
Neroni,1
Nerozzi,1
Nervi,1
Nesci,1
Nesi,1
Nespoli,1
Nessi,1
Nesta,1
Nesti,1
Netti,1
Nettuno,1
Neve,1
Nicastro,1
Niccolai,1
Niccoli,1
Niccolini,1
Nico,1
Nicodemo,1
Nico,1
Nicolai,1
Nicolardi,1
Nicole,1
Nicoletta,1
Nicoletti,1
Nicoletto,1
Nicoli,1
Nicolini,1
Nico,1
Nicolosi,1
Nicolucci,1
Nicora,1
Nicorelli,1
Nicosia,1
Nicotera,1
Nicotra,1
Nieddu,1
Nieri,1
Niero,1
Nigrelli,1
Nigris,1
Nigro,1
Ninni,1
Ninno,1
Nino,1
Niro,1
Nisi,1
Nistico,1
Nistri,1
Nitti,1
Nizza,1
Nizzoli,1
Nobile,1
Nobili,1
Nocciolini,1
Noce,1
Nocel,1
Nocentini,1
Nocera,1
Nocerino,1
Nocito,1
Nodari,1
Noemi,1
No,1
Nole,1
Noli,1
Nolli,1
None,1
Nonis,1
Nonlodico,1
Nonloso,1
Nonni,1
Nonnis,1
Nono,1
Nonso,1
Nontelodico,1
Nora,1
Nordio,1
Nori,1
Noris,1
Noseda,1
Nota,1
Notari,1
Notarnico,1
Notaro,1
Noto,1
Notte,1
Notti,1
Nova,1
Novali,1
Novara,1
Novati,1
Nove,1
Novelli,1
Novel,1
Noventa,1
Novi,1
Noviel,1
Nozza,1
Nucci,1
Nuccio,1
Nucera,1
Nugnes,1
Nulli,1
Nunez,1
Nunzi,1
Nunzia,1
Nunziante,1
Nunziata,1
Nuova,1
Nuovo,1
Nurra,1
Nuti,1
Nuvo,1
Nuvoli,1
Nuzzi,1
Nuzzo,1
O,1
Connor,1
O,1
Hara,1
Oana,1
Oberdan,1
Oberhofer,1
Obert,1
Oberti,1
Obinu,1
Ocas,1
Valverde,1
Occa,1
Occhetti,1
Occhi,1
Occhibianco,1
Occhiblu,1
Occhini,1
Occhio,1
Occhionero,1
Occhipinti,1
Occhiuto,1
Occhiuzzi,1
Occorsio,1
Ocel,1
Oddi,1
Oddo,1
Oddone,1
Odina,1
Odino,1
Odoardi,1
Odone,1
Odorici,1
Odorico,1
Odorisio,1
Odorizzi,1
Oggero,1
Oggiano,1
Oggioni,1
Oggionni,1
Ogliari,1
Ognibene,1
Oieni,1
Ojeda,1
Olcese,1
Oldani,1
Olgiati,1
Oliosi,1
Olioso,1
Oliva,1
Olivares,1
Olivari,1
Olivastri,1
Oliveira,1
Oliveri,1
Oliverio,1
Olivero,1
Oliveto,1
Olivetta,1
Olivetti,1
Olivi,1
Olivieri,1
Oliviero,1
Olivini,1
Olivo,1
Olivotto,1
Ol,1
Ollemi,1
Olmi,1
Olmo,1
Olori,1
Ombra,1
Omodei,1
Onali,1
Onano,1
Onda,1
Onesti,1
Onestini,1
Oneto,1
Ongarato,1
Ongari,1
Ongaro,1
Onida,1
Online,1
Onnis,1
Onofri,1
Onofrio,1
Onorati,1
Onorato,1
Onori,1
Operti,1
Oppedisano,1
Oppes,1
Oppi,1
Oppini,1
Oppio,1
Oppo,1
Oprandi,1
Orabona,1
Oranci,1
Orani,1
Orazi,1
Orazio,1
Orchidea,1
Orciani,1
Ordanini,1
Ordura,1
Orecchia,1
Orecchio,1
Orecchioni,1
Orefice,1
Orefici,1
Oreiller,1
Orengia,1
Orengo,1
Oreste,1
Oretti,1
Orfano,1
Orfei,1
Orfeo,1
Organtini,1
Orgiana,1
Oriani,1
Oricchio,1
Oriente,1
Orietta,1
Origgi,1
Origlia,1
Origoni,1
Orilio,1
Orio,1
Orioli,1
Orio,1
Orizio,1
Orizzonte,1
Or,1
Orlacchio,1
Orlandi,1
Orlandini,1
Orlandino,1
Orlando,1
Orlini,1
Ornaghi,1
Ornel,1
Orofino,1
Orrico,1
Orru,1
Orsanto,1
Orselli,1
Orsenigo,1
Orsetti,1
Orsi,1
Orsingher,1
Orsini,1
Orso,1
Orsolini,1
Orsoni,1
Orsucci,1
Ortega,1
Ortelli,1
Ortenzi,1
Orti,1
Ortis,1
Ortisi,1
Ortiz,1
Ortner,1
Ortolani,1
Ortolano,1
Ortu,1
Oscar,1
Osel,1
Osimani,1
Osiris,1
Osman,1
Osmani,1
Ossi,1
Ossino,1
Osso,1
Osso,1
Ostel,1
Ostengo,1
Osti,1
Ostinelli,1
Ostolani,1
Ostuni,1
Oteri,1
Ottanelli,1
Ottanta,1
Ottavi,1
Ottaviani,1
Ottaviano,1
Ottavis,1
Ottini,1
Ottino,1
Otto,1
Ottoboni,1
Ottobre,1
Ottolini,1
Ottone,1
Ottonel,1
Ouedraogo,1
Oulkadi,1
Oviedo,1
Pace,1
Paci,1
Pacifico,1
Pacini,1
Padovan,1
Padovani,1
Pagani,1
Pagano,1
Pa,1
Paladini,1
Paladino,1
Palazzi,1
Palazzo,1
Pal,1
Palladino,1
Pallina,1
Pal,1
Palma,1
Palmeri,1
Palmieri,1
Palmisano,1
Palomba,1
Palombi,1
Palombo,1
Palumbo,1
Pandolfi,1
Pane,1
Pani,1
Panico,1
Panza,1
Panzeri,1
Paoletti,1
Paoli,1
Paolini,1
Paolucci,1
Papa,1
Paparel,1
Paperino,1
Papi,1
Papini,1
Pappalardo,1
Paradiso,1
Parente,1
Parenti,1
Parini,1
Paris,1
Parisi,1
Parlato,1
Parma,1
Parodi,1
Pascale,1
Pascucci,1
Pasini,1
Pasotti,1
Pasquale,1
Pasquali,1
Pasqualini,1
Pasquini,1
Passalacqua,1
Passeri,1
Passoni,1
Pasticcio,1
Pastore,1
Pastorelli,1
Pastorino,1
Patane,1
Paterno,1
Patrizia,1
Patruno,1
Patti,1
Pau,1
Pavan,1
Pavesi,1
Pavia,1
Pavone,1
Pecoraro,1
Pedone,1
Pedretti,1
Pedrotti,1
Pegoraro,1
Pelle,1
Pellegrini,1
Pellegrino,1
Pellizzari,1
Pelosi,1
Peluso,1
Penna,1
Pennisi,1
Pepe,1
Pera,1
Perego,1
Peretti,1
Perez,1
Peri,1
Perin,1
Perini,1
Per,1
Perna,1
Peroni,1
Perotti,1
Perri,1
Perrone,1
Perrotta,1
Persico,1
Peruzzi,1
Pesce,1
Pesci,1
Pesenti,1
Petrelli,1
Petril,1
Petrini,1
Petrone,1
Petroni,1
Petrucci,1
Petruzzi,1
Pezzi,1
Piacentini,1
Piana,1
Piano,1
Piazza,1
Pica,1
Picchi,1
Picci,1
Piccini,1
Piccinini,1
Piccione,1
Piccioni,1
Picciril,1
Piccoli,1
Picco,1
Picone,1
Pieri,1
Pierini,1
Pieroni,1
Piga,1
Pignatelli,1
Pili,1
Pina,1
Pini,1
Pinna,1
Pinto,1
Pintus,1
Pio,1
Pipitone,1
Pippa,1
Pippi,1
Piras,1
Piro,1
Pirovano,1
Pirro,1
Pisani,1
Pisano,1
Piscitelli,1
Piscopo,1
Pistone,1
Pisu,1
Piu,1
Piva,1
Pizzi,1
Pizzo,1
Platania,1
Podda,1
Poggi,1
Poletti,1
Poli,1
Polidori,1
Politi,1
Polito,1
Polizzi,1
Polli,1
Pollini,1
Po,1
Poma,1
Ponti,1
Ponticelli,1
Poppi,1
Porcelli,1
Porcu,1
Porro,1
Porta,1
Pozzi,1
Prandi,1
Pratesi,1
Prati,1
Prato,1
Prete,1
Principe,1
Priori,1
Prisco,1
Privitera,1
Proietti,1
Prosperi,1
Provenzano,1
Pucci,1
Puccio,1
Puddu,1
Puggioni,1
Pugliese,1
Puglisi,1
Pulvirenti,1
Qeli,1
Quacchia,1
Quacchio,1
Quacinel,1
Quacquarelli,1
Quadrelli,1
Quadretti,1
Quadri,1
Quadrini,1
Quadrino,1
Quadrio,1
Quadro,1
Quaggiato,1
Quaggio,1
Quagli,1
Quaglia,1
Quagliani,1
Quagliano,1
Quagliarel,1
Quagliarini,1
Quagliaroli,1
Quagliarotti,1
Quagliata,1
Quagliato,1
Quaglieri,1
Quaglietta,1
Quaglino,1
Quaglio,1
Quaglio,1
Quagliotto,1
Quagliozzi,1
Quaini,1
Quaino,1
Qualiano,1
Qualizza,1
Qualsiasi,1
Qualunque,1
Quaqua,1
Quara,1
Quaranta,1
Quarantacinque,1
Quarantanove,1
Quarantelli,1
Quarantini,1
Quarantotto,1
Quarantuno,1
Quaratino,1
Quarato,1
Quarel,1
Quarenghi,1
Quaresima,1
Quaresmini,1
Quargentan,1
Quaroni,1
Quarta,1
Quartana,1
Quartanelli,1
Quartararo,1
Quartaroli,1
Quartarone,1
Quartero,1
Quarteroni,1
Quarti,1
Quartieri,1
Quartini,1
Quarto,1
Quartucci,1
Quartuccio,1
Quartulli,1
Quasso,1
Quasto,1
Quate,1
Quatrana,1
Quatraro,1
Quatrida,1
Quatrini,1
Quatti,1
Quattrini,1
Quattro,1
Quattrocchi,1
Quattrociocchi,1
Quattrone,1
Quattroni,1
Quattropani,1
Quecchia,1
Queen,1
Queiro,1
Quercetani,1
Querci,1
Del,1
Rovere,1
Querci,1
Quercia,1
Quercioli,1
Querin,1
Querini,1
Quero,1
Querze,1
Querzoli,1
Questa,1
Questo,1
Quetti,1
Quevedo,1
Quezada,1
Quici,1
Quieti,1
Quigliati,1
Quilici,1
Quilico,1
Quindici,1
Quino,1
Quinta,1
Quintaje,1
Quintana,1
Quintarelli,1
Quintavalle,1
Quinterio,1
Quinterno,1
Quintero,1
Quinti,1
Quintieri,1
Quintiero,1
Quintili,1
Quintiliani,1
Quintini,1
Quintino,1
Quinto,1
Quinz,1
Quiri,1
Quirici,1
Quirico,1
Quiriconi,1
Quirino,1
Quiroga,1
Quispe,1
Murrugarra,1
Quispe,1
Quistelli,1
Quitadamo,1
Quondamatteo,1
Qweqwe,1
Qwert,1
Raciti,1
Radaelli,1
Radice,1
Raffaele,1
Raffael,1
Raffaelli,1
Ragazzi,1
Raggi,1
Ragni,1
Ragno,1
Rago,1
Ragone,1
Ragusa,1
Raguso,1
Raia,1
Raimondi,1
Raimondo,1
Raineri,1
Ralli,1
Ramazzotti,1
Rambaldi,1
Rame,1
Ramel,1
Ramirez,1
Rampazzo,1
Ramponi,1
Ramundo,1
Rana,1
Randazzo,1
Randi,1
Ranieri,1
Ranzani,1
Rao,1
Rapetti,1
Rapisarda,1
Raso,1
Rastelli,1
Ratti,1
Raucci,1
Rava,1
Ravasi,1
Ravasio,1
Ravelli,1
Ravera,1
Razza,1
Rea,1
Reale,1
Reali,1
Rebecchi,1
Rebussi,1
Recchi,1
Recchia,1
Reda,1
Redaelli,1
Rega,1
Reggiani,1
Regina,1
Regis,1
Rei,1
Reina,1
Rel,1
Renda,1
Renna,1
Renzi,1
Repetto,1
Resta,1
Restelli,1
Resti,1
Restivo,1
Riboldi,1
Ricca,1
Riccardi,1
Riccardo,1
Ricci,1
Ricciardi,1
Riccio,1
Ricco,1
Ridolfi,1
Rigamonti,1
Riggio,1
Righetti,1
Righetto,1
Righi,1
Righini,1
Rigo,1
Rigon,1
Rigoni,1
Rigotti,1
Rimondi,1
Rinaldi,1
Rinaldo,1
Rini,1
Rio,1
Ripamonti,1
Riservato,1
Risi,1
Rispoli,1
Risso,1
Ristori,1
Riva,1
Rivelli,1
Rivera,1
Rivetti,1
Rivoli,1
Rivolta,1
Rizza,1
Rizzato,1
Rizzel,1
Rizzi,1
Rizzo,1
Rizzoli,1
Roberti,1
Roberto,1
Rocca,1
Rocchi,1
Rocci,1
Rocco,1
Roda,1
Rodi,1
Rodriguez,1
Roggero,1
Rolando,1
Rolfi,1
Rol,1
Romagnoli,1
Romana,1
Romanelli,1
Romani,1
Romanini,1
Romano,1
Romei,1
Romeo,1
Romi,1
Romiti,1
Romito,1
Romoli,1
Ronca,1
Ronchetti,1
Ronchi,1
Ronco,1
Ronconi,1
Ronzoni,1
Rosa,1
Rosanna,1
Rosano,1
Rosati,1
Rosato,1
Rose,1
Roselli,1
Rosetti,1
Rosi,1
Rosiel,1
Rosini,1
Ross,1
Rossa,1
Rossato,1
Rossel,1
Rosselli,1
Rossetti,1
Rossetto,1
Rossi,1
Rossin,1
Rossini,1
Rossitto,1
Rosso,1
Rossoni,1
Rostagno,1
Rota,1
Rotel,1
Roto,1
Rotondi,1
Rotondo,1
Rotundo,1
Rovati,1
Rovelli,1
Roversi,1
Rozzi,1
Ruberti,1
Ruberto,1
Rubini,1
Rubino,1
Ruffini,1
Ruffo,1
Ruggeri,1
Ruggero,1
Ruggi,1
Ruggieri,1
Ruggiero,1
Ruiu,1
Rulli,1
Rul,1
Ruocco,1
Ruoto,1
Rusconi,1
Russi,1
Russo,1
Rustichelli,1
Ruta,1
Rutigliano,1
Ruzza,1
Saba,1
Sabatini,1
Sabatino,1
Sabato,1
Sabbatini,1
Sacchetti,1
Sacchi,1
Sacco,1
Saccone,1
Sa,1
Saladino,1
Salamone,1
Salaris,1
Sale,1
Salemi,1
Salerno,1
Salis,1
Salomone,1
Salvadori,1
Salvati,1
Salvatore,1
Salvatori,1
Salvetti,1
Salvi,1
Salvini,1
Salvo,1
Salzano,1
Sammarco,1
Sanchez,1
Sandra,1
Sandri,1
Sandrini,1
Sanfilippo,1
Sangiorgi,1
Sangiorgio,1
Sangiovanni,1
Sani,1
Sanna,1
Sannino,1
Sansone,1
Santa,1
Santamaria,1
Santange,1
Santaniel,1
Santarelli,1
Santi,1
Santilli,1
Santini,1
Santo,1
Santoni,1
Santoro,1
Santucci,1
Sapienza,1
Saporito,1
Saracino,1
Sardi,1
Sardo,1
Sarno,1
Sarti,1
Sartor,1
Sartore,1
Sartori,1
Sasa,1
Sassi,1
Sasso,1
Sassone,1
Satta,1
Savarese,1
Savelli,1
Savi,1
Savini,1
Savino,1
Savio,1
Savoia,1
Scaffidi,1
Scaglia,1
Scaglione,1
Sca,1
Scalas,1
Scalia,1
Scalise,1
Scano,1
Scanu,1
Scapin,1
Scarano,1
Scarpa,1
Scarpelli,1
Scarpellini,1
Schettino,1
Schiano,1
Schiavi,1
Schiavo,1
Schiavon,1
Schiavone,1
Schillaci,1
Schirru,1
Sciacca,1
Sciamanna,1
Sciascia,1
Scibilia,1
Sciortino,1
Sciuto,1
Scognamiglio,1
Scotti,1
Scotto,1
Scuderi,1
Sebastiani,1
Secchi,1
Secci,1
Sechi,1
Seletti,1
Sel,1
Semeraro,1
Seminara,1
Sempre,1
Sena,1
Senatore,1
Sensi,1
Sepe,1
Sera,1
Serafini,1
Sereni,1
Sergi,1
Seri,1
Serino,1
Serio,1
Serra,1
Serri,1
Sessa,1
Sestito,1
Sette,1
Severi,1
Severini,1
Sforza,1
Sica,1
Siciliano,1
Siena,1
Siffredi,1
Signorelli,1
Signorini,1
Silva,1
Silvestri,1
Silvestro,1
Silvi,1
Simeone,1
Simeoni,1
Simona,1
Simone,1
Simonelli,1
Simonetti,1
Simoni,1
Sini,1
Siniscalchi,1
Sirigu,1
Sironi,1
Sissi,1
Sisti,1
Smith,1
Sodano,1
So,1
Solari,1
Soldati,1
Soldi,1
Sole,1
Solinas,1
So,1
Somma,1
Soro,1
Sorrenti,1
Sorrentino,1
Sozzi,1
Spada,1
Spadaro,1
Spadoni,1
Spagna,1
Spagnoli,1
Spagno,1
Spagnuo,1
Spano,1
Spanu,1
Spataro,1
Spaziani,1
Spera,1
Speranza,1
Spiga,1
Spina,1
Spinelli,1
Spreafico,1
Stabile,1
Stasi,1
Stefanelli,1
Stefani,1
Stefanini,1
Stel,1
Stellina,1
Storti,1
Strada,1
Strano,1
Stucchi,1
Super,1
Tacchi,1
Tacconi,1
Taddei,1
Taddeo,1
Taddia,1
Tafuri,1
Tagliabue,1
Tagliaferri,1
Tagliapietra,1
Tagliavini,1
Talarico,1
Tamborini,1
Tamburini,1
Tammaro,1
Tancredi,1
Tangari,1
Tani,1
Tanzi,1
Taormina,1
Taral,1
Tarantino,1
Taranto,1
Taranto,1
Tardelli,1
Targa,1
Tarquini,1
Tartaglia,1
Tartaglione,1
Tasca,1
Tassi,1
Tassinari,1
Tasso,1
Tassone,1
Tata,1
Tatti,1
Tavano,1
Tavel,1
Taverna,1
Tebaldi,1
Tedde,1
Tedeschi,1
Tedesco,1
Tedone,1
Telesca,1
Tellini,1
Tempesta,1
Tenaglia,1
Terenzi,1
Terlizzi,1
Termine,1
Termini,1
Terra,1
Terracciano,1
Terranova,1
Terzi,1
Tesei,1
Tessari,1
Tessaro,1
Tessitore,1
Testa,1
Testi,1
Testoni,1
Tezza,1
Tibaldi,1
Tiberi,1
Tiengo,1
Tilli,1
Tina,1
Tinelli,1
Tini,1
Tino,1
Tinti,1
Tinto,1
Tiozzo,1
Tiralongo,1
Tirelli,1
Tironi,1
Tiso,1
Tito,1
Titti,1
Tobia,1
Tocci,1
Tocco,1
Todaro,1
Todde,1
Todeschini,1
Todesco,1
Todisco,1
Tofani,1
Togni,1
Tognon,1
To,1
Toma,1
Tomarchio,1
Tomaselli,1
Tomasel,1
Tomasi,1
Tomassetti,1
Tomassi,1
Tomassini,1
Tomei,1
Tommasi,1
Tommasini,1
Tondi,1
Tonelli,1
Tonel,1
Toni,1
Tonini,1
Tonio,1
Tonon,1
Tonti,1
Topo,1
Torchio,1
Torelli,1
Torino,1
Tornatore,1
Toro,1
Torre,1
Torres,1
Torresan,1
Torri,1
Torriani,1
Torrini,1
Torrisi,1
Torsel,1
Torti,1
Tortora,1
Tortorel,1
Tortorelli,1
Tosca,1
Toscani,1
Toscano,1
Toschi,1
Toselli,1
Tosetto,1
Tosi,1
Tosini,1
Toso,1
Tosolini,1
Tosoni,1
Tosti,1
Tota,1
Totaro,1
Toti,1
Totti,1
Tozzi,1
Traina,1
Traini,1
Tranchida,1
Trani,1
Trapani,1
Travaglini,1
Traversa,1
Traverso,1
Treccani,1
Trenta,1
Trentin,1
Trentini,1
Trento,1
Trevisan,1
Trevisani,1
Trezzi,1
Tricarico,1
Trifiro,1
Triggiani,1
Trimarchi,1
Trimboli,1
Trinca,1
Tringali,1
Trio,1
Tripodi,1
Tripoli,1
Triste,1
Troisi,1
Trombetta,1
Trombini,1
Tronci,1
Tropea,1
Trotta,1
Trovato,1
Trovo,1
Tucci,1
Tudisco,1
Tufano,1
Tugnoli,1
Tulli,1
Tundo,1
Turati,1
Turchetti,1
Turchi,1
Turci,1
Turco,1
Turconi,1
Turetta,1
Turi,1
Turra,1
Turri,1
Turrini,1
Tursi,1
Tuveri,1
Ubaldeschi,1
Ubaldi,1
Ubaldini,1
Ubaldo,1
Ubbiali,1
Uberini,1
Uberti,1
Ubertini,1
Ubiali,1
Uboldi,1
Uccel,1
Uccellani,1
Uccellatore,1
Uccelli,1
Uccellini,1
Uccel,1
Uccheddu,1
Ucci,1
Ucciardel,1
Uccidati,1
Ucciero,1
Udel,1
Udia,1
Udina,1
Ugazzi,1
Ugenti,1
Ugge,1
Uggenti,1
Uggeri,1
Uggetti,1
Uggi,1
Uggias,1
Ughetti,1
Ughetto,1
Ughi,1
Ughini,1
Ugliano,1
Ugoletti,1
Ugoli,1
Ugolini,1
Ugolotti,1
Ugonotti,1
Uguale,1
Uguccioni,1
Uguzzoni,1
Uifuzzi,1
Uiop,1
Uisp,1
Ukmar,1
Ulacco,1
Uldanch,1
Uleazzi,1
Uleri,1
Uliana,1
Uliano,1
Ulissi,1
Ulivelli,1
Ulivi,1
Ulivieri,1
Ul,1
Ullasci,1
Ulleri,1
Ulli,1
Ulliers,1
Ul,1
Ulpiani,1
Ulpiano,1
Ulrike,1
Ultimo,1
Umana,1
Umani,1
Umbaca,1
Umbazumba,1
Umbertini,1
Umberto,1
Umbrel,1
Umbrico,1
Umbro,1
Umile,1
Umiliaco,1
Umilio,1
Umpa,1
Unali,1
Undici,1
Undiemi,1
Undumiel,1
Ungar,1
Ungarelli,1
Ungaretti,1
Ungari,1
Ungaro,1
Unica,1
Unico,1
Unisi,1
Universo,1
Unknow,1
Unno,1
Unpo,1
Unsenso,1
Unterhuber,1
Unterweger,1
Unti,1
Uomo,1
Uragano,1
Uras,1
Urban,1
Urbanelli,1
Urbani,1
Urbano,1
Urbena,1
Urbinati,1
Urbinelli,1
Urbini,1
Urbino,1
Urci,1
Urciuoli,1
Urgeghe,1
Urgese,1
Urgesi,1
Urgo,1
Urgu,1
Uribe,1
Uricchio,1
Uriel,1
Urio,1
Urka,1
Urli,1
Urracci,1
Urraci,1
Urrata,1
Urriani,1
Urro,1
Urru,1
Ursch,1
Ursel,1
Ursi,1
Ursic,1
Ursini,1
Ursino,1
Ursitti,1
Urso,1
Anfuso,1
Urso,1
Ursoleo,1
Urti,1
Urzi,1
Urzia,1
Usai,1
Usberti,1
Uscidda,1
Useli,1
Uselli,1
Usellini,1
Usenza,1
Usigno,1
Usil,1
Uslenghi,1
Uslengo,1
Ussai,1
Usset,1
Ussia,1
Usubelli,1
Usuelli,1
Utano,1
Utente,1
Utzeri,1
Uzan,1
Uzzi,1
Uzzo,1
Vacca,1
Vaccari,1
Vaccaro,1
Vada,1
Vaghi,1
Vagnozzi,1
Vago,1
Vaiani,1
Vailati,1
Vaira,1
Valbonesi,1
Valdes,1
Valente,1
Valenti,1
Valentini,1
Valentino,1
Valenza,1
Valeri,1
Valeriani,1
Valerio,1
Valle,1
Vallesi,1
Valletta,1
Valli,1
Vallini,1
Vallone,1
Valsecchi,1
Vandelli,1
Vanelli,1
Vanini,1
Vanni,1
Vannini,1
Vannucchi,1
Vannucci,1
Varano,1
Varese,1
Varesi,1
Vargiu,1
Vari,1
Varini,1
Varisco,1
Varriale,1
Vasile,1
Vassal,1
Vasta,1
Vavassori,1
Vazzana,1
Vecchi,1
Vecchiato,1
Vecchio,1
Vecchione,1
Ve,1
Velardi,1
Vel,1
Venditti,1
Vendramin,1
Venere,1
Veneri,1
Veneruso,1
Venezia,1
Veneziani,1
Veneziano,1
Venier,1
Venneri,1
Venti,1
Ventimiglia,1
Vento,1
Ventre,1
Ventrel,1
Ventriglia,1
Ventura,1
Venturelli,1
Venturi,1
Venturini,1
Venuti,1
Vera,1
Verardi,1
Verardo,1
Vercelli,1
Vercesi,1
Verde,1
Verduci,1
Verga,1
Vergani,1
Vergari,1
Vergine,1
Veri,1
Verna,1
Verni,1
Vero,1
Verona,1
Veronelli,1
Veronese,1
Veronesi,1
Verri,1
Versace,1
Versaci,1
Vescovi,1
Vetere,1
Vetrano,1
Vettore,1
Vettori,1
Vezzani,1
Vezzoli,1
Vezzosi,1
Viale,1
Vianel,1
Viani,1
Vicari,1
Vicario,1
Vicchi,1
Vicedomini,1
Vicentini,1
Vichi,1
Vicinanza,1
Vicini,1
Vicino,1
Vida,1
Viel,1
Vieri,1
Viero,1
Vigano,1
Viggiani,1
Viggiano,1
Vigilante,1
Vigna,1
Vignali,1
Vignati,1
Vigno,1
Vignoli,1
Vigno,1
Vigo,1
Vil,1
Villani,1
Villano,1
Villari,1
Vimercati,1
Vincenti,1
Vincenzi,1
Vincenzo,1
Vinci,1
Vinciguerra,1
Vino,1
Vio,1
Violante,1
Violi,1
Virdis,1
Virga,1
Virgili,1
Virzi,1
Visani,1
Viscardi,1
Visciano,1
Visco,1
Visconti,1
Visentin,1
Visentini,1
Visini,1
Visintin,1
Vismara,1
Visone,1
Vita,1
Vitale,1
Vitali,1
Vitelli,1
Viti,1
Vitiel,1
Vito,1
Vito,1
Vitrani,1
Vitrano,1
Vittadel,1
Vitti,1
Vittori,1
Vittoria,1
Vittorio,1
Vitulli,1
Vivaldi,1
Vivi,1
Vivian,1
Viviana,1
Viviani,1
Viviano,1
Vivirito,1
Vizzini,1
Vo,1
Volante,1
Vo,1
Volonte,1
Volpato,1
Volpe,1
Volpi,1
Volpini,1
Volta,1
Voltolina,1
Vona,1
Voto,1
Vozza,1
Vulcano,1
Vul,1
Zabeo,1
Zaccagnini,1
Zaccarelli,1
Zaccari,1
Zaccaria,1
Zaccaro,1
Zacchei,1
Zaccheo,1
Zaccherini,1
Zacchetti,1
Zacchi,1
Zacchia,1
Zacco,1
Zaccone,1
Zaffanel,1
Zagarel,1
Zagaria,1
Zagatti,1
Zaggia,1
Zaghini,1
Zago,1
Zagolin,1
Zaia,1
Zama,1
Zambelli,1
Zambianchi,1
Zambito,1
Zambon,1
Zamboni,1
Zambotto,1
Zambrini,1
Zampa,1
Zamparelli,1
Zampetti,1
Zampieri,1
Zampini,1
Zampino,1
Zampolli,1
Zamponi,1
Zanaboni,1
Zanardi,1
Zanardo,1
Zanasi,1
Zanata,1
Zanatta,1
Zancanel,1
Zanchetta,1
Zanchi,1
Zanco,1
Zanda,1
Zandona,1
Zane,1
Zanel,1
Zanellati,1
Zanellato,1
Zanelli,1
Zanetta,1
Zanette,1
Zanetti,1
Zanforlin,1
Zangari,1
Zangirolami,1
Zangrandi,1
Zangrando,1
Zangrilli,1
Zani,1
Zaniboni,1
Zanicchi,1
Zanichelli,1
Zanin,1
Zanini,1
Zanirato,1
Zanna,1
Zannetti,1
Zanni,1
Zannini,1
Zannoni,1
Zano,1
Zanoli,1
Zanol,1
Zanon,1
Zanoni,1
Zanotti,1
Zanotto,1
Zantedeschi,1
Zanussi,1
Zanutto,1
Zanzi,1
Zappa,1
Zappa,1
Zapparoli,1
Zappia,1
Zappul,1
Zara,1
Zaramel,1
Zarantonel,1
Zardi,1
Zari,1
Zarpellon,1
Zarri,1
Zatta,1
Zatti,1
Zavagnini,1
Zavatta,1
Zavattaro,1
Zavoli,1
Zaza,1
Zecca,1
Zecchi,1
Zecchin,1
Zecchini,1
Zedda,1
Zema,1
Zenari,1
Zenere,1
Zenga,1
Zeni,1
Zennaro,1
Zeno,1
Zenobi,1
Zenoni,1
Zeoli,1
Zeppa,1
Zepponi,1
Zerbato,1
Zerbini,1
Zerbino,1
Zerilli,1
Zero,1
Zezza,1
Ziccardi,1
Ziglioli,1
Ziliani,1
Zilio,1
Zilli,1
Zingales,1
Zingarelli,1
Zingone,1
Zini,1
Zinna,1
Zinno,1
Zino,1
Zinzi,1
Zippo,1
Zironi,1
Zita,1
Zitelli,1
Zito,1
Zitti,1
Zizzari,1
Zizzi,1
Zoboli,1
Zocca,1
Zoccali,1
Zoccarato,1
Zocchi,1
Zocco,1
Zoffoli,1
Zoia,1
Zo,1
Zoli,1
Zol,1
Zona,1
Zonca,1
Zoncada,1
Zoni,1
Zonta,1
Zoppi,1
Zoratto,1
Zordan,1
Zorro,1
Zorzan,1
Zorzetto,1
Zorzi,1
Zorzo,1
Zoso,1
Zotti,1
Zubani,1
Zucca,1
Zuccarel,1
Zuccaro,1
Zucchelli,1
Zucchetti,1
Zucchi,1
Zucchini,1
Zucco,1
Zucconi,1
Zuccotti,1
Zuco,1
Zuddas,1
Zuelli,1
Zuin,1
Zulian,1
Zuliani,1
Zul,1
Zumbo,1
Zunino,1
Zuppa,1
Zur,1
Zuzzi,1
Amicis,1
Angelis,1
Bellis,1
Benedictis,1
Biase,1
Biasi,1
Car,1
Caro,1
Carolis,1
Cesare,1
Chiara,1
Cicco,1
Cristofaro,1
Dominicis,1
Falco,1
Felice,1
Feo,1
Filippi,1
Filippis,1
Filippo,1
Francesco,1
Gennaro,1
Giorgi,1
Gregorio,1
Leo,1
Lorenzo,1
Luca,1
Lucia,1
Maio,1
Marchi,1
Marco,1
Maria,1
Marinis,1
Martino,1
Matteis,1
Meo,1
Palma,1
Pa,1
Pao,1
Paoli,1
Paolis,1
Pascale,1
Pascalis,1
Pasquale,1
Rosa,1
Rossi,1
Sanctis,1
Santi,1
Santis,1
Simone,1
Stefani,1
Stefano,1
Vita,1
Vito,1
Vivo,1
