Ablassmeier, 1
Absatz, 1
Achtelik, 1
Aden, 1
Adler, 1
Adomat, 1
Aff, 1
Affelt, 1
Agnischock, 1
Agunte, 1
Ahn, 1
von, 1
Albersmann, 1
Alex, 1
Alten, 1
Altena, 1
Altwein, 1
Ambroselling, 1
Amhofer, 1
Ammerschuber, 1
Amon, 1
Anders, 1
Andorfer, 1
Andrejska, 1
Andress, 1
Andreya, 1
Angermeyer, 1
Anna, 1
Anau, 1
Anoch, 1
Appenheimer, 1
Apt, 1
Arbeit, 1
Aretz, 1
Arndt, 1
Arth, 1
Aschmetkat, 1
Assemin, 1
Assenmacher, 1
Audt, 1
Auerbeck, 1
Autrum, 1
Ax, 1
Baber, 1
Bachler, 1
Back, 1
Badzinski, 1
Baier, 1
Bakus, 1
Bald, 1
Baldes, 1
Baleska, 1
Balion, 1
Balkartat, 1
Ballweber, 1
Bandrowski, 1
Bangert, 1
Barbaruk, 1
Barenreiter, 1
Barfuss, 1
Barmfuhrer, 1
Barnfeld, 1
Baron, 1
Bartels, 1
Bartetzko, 1
Bartholleck, 1
Bartlewski, 1
Basecke, 1
Baubanz, 1
Bauch, 1
Baumert, 1
Bautsch, 1
Baxa, 1
Beren, 1
Behren, 1
Begander, 1
Beer, 1
Begerl, 1
Behl, 1
Behounka, 1
Behrendt, 1
Behrens, 1
Beierlein, 1
Bein, 1
Belchaus, 1
Bellersen, 1
Bellwon, 1
Belting, 1
Bencka, 1
Bencka, 1
Bender, 1
Bendig, 1
Bendt, 1
Bengsch, 1
Benson, 1
Bente, 1
Benzmann, 1
Berblering, 1
Berghold, 1
Berlejung, 1
Bernecker, 1
Bernet, 1
Bernevuer, 1
Bernhardt, 1
Bernard, 1
Bernad, 1
Bernotat, 1
Berns, 1
Bertuch, 1
Bestfleisch, 1
Betch, 1
Bethig, 1
Beuckmann, 1
Beutenmuller, 1
Beutgen, 1
Beutlrock, 1
Bexel, 1
Beyerbach, 1
Beyschwang, 1
Beÿseihs, 1
Beyreiss, 1
Beythien, 1
Bickert, 1
Biebel, 1
Biebl, 1
Bibel, 1
Bielmeier, 1
Bierfreund, 1
Bieringer, 1
Biesold, 1
Biler, 1
Bihler, 1
Bina, 1
Walneg, 1
Bindernagel, 1
Bisch, 1
Bischleb, 1
Buschleb, 1
Bischofsberger, 1
Bisser, 1
Bitte, 1
Bitter, 1
Bittera, 1
Bjeske, 1
Blacha, 1
Blattert, 1
Blaufuss, 1
Bleck, 1
Blenke, 1
Blison, 1
Bloder, 1
Blodner, 1
Bluhm, 1
Bodai, 1
Boday, 1
Bodlos, 1
Bohdal, 1
Bohret, 1
Bohsel, 1
Bojorr, 1
Bombas, 1
Bomming, 1
Book, 1
Borgemeister, 1
Borgers, 1
Borna, 1
Bornstein, 1
Boroch, 1
Boronstein, 1
Borz, 1
Bortz, 1
Boss, 1
Bossin, 1
Both, 1
Bothmann, 1
Bottenberg, 1
Botzhofer, 1
Boullion, 1
Brachem, 1
Bramkamp, 1
Brandis, 1
Brandl, 1
Branz, 1
Brassler, 1
Bressler, 1
Brauer, 1
Braungart, 1
Brem, 1
Breinich, 1
Breitenborn, 1
Bremshey, 1
Brenzinger, 1
Breznice, 1
Broja, 1
Brokogne, 1
Brolikowski, 1
Brucker, 1
Bruen, 1
Brummer, 1
Bruninghaus, 1
Bruse, 1
Brusemeister, 1
Brusse, 1
Bruzdewicz, 1
Buba, 1
Bublitz, 1
Bublitz, 1
Buchau, 1
Buchhauser, 1
Buchholz, 1
Buff, 1
Buhleier, 1
Buhlmann, 1
Bukal, 1
Bukowski, 1
Buldmann, 1
Bultmann, 1
Bullmann, 1
Bundel, 1
Burckel, 1
Burckli, 1
Burgardt, 1
Burschinski, 1
Burthel, 1
Burzius, 1
Busing, 1
Butehorn, 1
Calacuro, 1
Campe, 1
Cardung, 1
Caspar, 1
Cecalek, 1
Cercevic, 1
Cerstsevists, 1
Charlier, 1
Chlapek, 1
Chotjewitsch, 1
Christiani, 1
Ciceron, 1
Ciesielcyk, 1
Cimander, 1
Coith, 1
Cokan, 1
Colm, 1
Conrad, 1
Constabel, 1
Coppicus, 1
Cossmann, 1
Cousin, 1
Csar, 1
Cyrenius, 1
Czarniak, 1
Czenz, 1
Czerwinski, 1
Czuder, 1
Czypowski, 1
Daams, 1
Dabs, 1
Dahlke, 1
Dally, 1
Dambacher, 1
Dannecker, 1
Danowski, 1
Dargies, 1
Dassinger, 1
Dato, 1
David, 1
Daxl, 1
Brauin, 1
Cont, 1
Greck, 1
Zolt, 1
Dedi, 1
Defehrden, 1
Degenhardt, 1
Dehning, 1
Deklerski, 1
Delfs, 1
Delle, 1
Dembowski, 1
Demleitner, 1
Dengg, 1
Denzer, 1
Deres, 1
Derrisch, 1
Dertscheny, 1
Deseke, 1
Deser, 1
Desinger, 1
Detert, 1
Deurer, 1
Deussing, 1
Deutsch, 1
Dexheimer, 1
Dexthures, 1
Dhein, 1
Diastocha, 1
Diccas, 1
Dick, 1
Didczuns, 1
Diemand, 1
Diete, 1
Dietschen, 1
Dipl, 1
Diringer, 1
Distler, 1
Dittberner, 1
Dittmer, 1
Dobberose, 1
Dobbertin, 1
Dobrowsky, 1
Dobslaf, 1
Dodenhofft, 1
Dolezisch, 1
Doll, 1
Domagalski, 1
Domel, 1
Domidian, 1
Domurath, 1
Donges, 1
Donnecker, 1
Doppelgatz, 1
Dorenbrak, 1
Doris, 1
Dorken, 1
Dorner, 1
Dorschel, 1
Dorster, 1
Dorwig, 1
Doschek, 1
Dotschel, 1
Dottermosche, 1
Dowolgo, 1
Drausnick, 1
Drax, 1
Dreessen, 1
Drefahl, 1
Drephal, 1
Drenguis, 1
Dresen, 1
Drewes, 1
Drott, 1
Druckrey, 1
Drumm, 1
Drunse, 1
Drunssen, 1
Dubin, 1
Duchow, 1
Duffel, 1
Dulak, 1
Dulisch, 1
Dulisz, 1
Dullat, 1
Dummschat, 1
Dums, 1
Dumsky, 1
Dunekacke, 1
Dunk, 1
Dunsche, 1
Dunte, 1
Duppy, 1
Durant, 1
Dusold, 1
Duvenbeck, 1
Dwenger, 1
Dyga, 1
Diga, 1
Dyla, 1
Dylka, 1
Dyllong, 1
Dylong, 1
Dyllus, 1
Dzubel, 1
Dzielak, 1
Dzietciakowski, 1
Ebeling, 1
Eberius, 1
Ebrecht, 1
Eccarius, 1
Edelmann, 1
Eding, 1
Effenberg, 1
Egen, 1
zum, 1
Eger, 1
Ehleiter, 1
Ehlemann, 1
Ehlers, 1
Ehlert, 1
Ehrt, 1
Eichbauer, 1
Eichhorn, 1
Eichinger, 1
Eiding, 1
Eiffler, 1
Eisbrenner, 1
Eisenbeiss, 1
Eisvogel, 1
Eitemuller, 1
Elbers, 1
Elle, 1
Eltze, 1
Emesheymer, 1
Emmer, 1
Endemann, 1
Enenkel, 1
Engelhard, 1
Englisch, 1
Ennuschat, 1
Ensenbach, 1
Entoch, 1
Erbsmehl, 1
Erde, 1
Erdmann, 1
Ernst, 1
Ersen, 1
Erth, 1
Ethner, 1
Eulenberger, 1
Eulenfeld, 1
Eulenstein, 1
Ey, 1
Eyfriet, 1
Fabri, 1
Factor, 1
Fah, 1
Fahlenbock, 1
Fahnenschmitt, 1
Fahrun, 1
Falatik, 1
Faldix, 1
Falkenberg, 1
Falkus, 1
Fantur, 1
Farniok, 1
Farthmann, 1
Faskorn, 1
Fassonge, 1
Fastabend, 1
Fastenow, 1
Faun, 1
Faust, 1
Federhen, 1
Fehrtz, 1
Feihel, 1
Feike, 1
Feistkorn, 1
Fekter, 1
Felmet, 1
Fernow, 1
Ferring, 1
Fesenmayer, 1
Feuerborn, 1
Feuerherm, 1
Feuersenger, 1
Feuser, 1
Feyl, 1
Feyrsinger, 1
Fiaka, 1
Fibiger, 1
Fichter, 1
Ficker, 1
Fienhold, 1
Fietzek, 1
Figanschek, 1
Figge, 1
Filke, 1
Filler, 1
Fillibrunn, 1
Firnkas, 1
Fischer, 1
Fitz, 1
Fitzel, 1
Flamann, 1
Flanner, 1
Fleischfresser, 1
Fliegenschnee, 1
Flore, 1
Foehse, 1
Folta, 1
Forelle, 1
Forthoeffer, 1
Fragner, 1
Frank, 1
Franze, 1
Franzen, 1
Frauenschuh, 1
Frehse, 1
Freihold, 1
Freins, 1
Freisewinkel, 1
Fresewinkel, 1
Frencking, 1
Freyhold, 1
Freymuth, 1
Fridam, 1
Friebe, 1
Friedacher, 1
Friedewald, 1
Frier, 1
Fritz, 1
Frombgen, 1
Frombges, 1
Frembgen, 1
Fuck, 1
Fulbrecht, 1
Funke, 1
Furnwallner, 1
Furst, 1
Gabel, 1
Gabriel, 1
Gailer, 1
Gaisch, 1
Gall, 1
Gallert, 1
Gallitzdorfer, 1
Ganswind, 1
Ganszawski, 1
Ganter, 1
Gapko, 1
Gaspur, 1
Gattringer, 1
Gatzsch, 1
Gau, 1
Gautier, 1
Gawe, 1
Gay, 1
Geerds, 1
Geerk, 1
Gehlen, 1
Geil, 1
Geiselbrecht, 1
Geist, 1
Geistert, 1
Geitel, 1
Geiter, 1
Geldschlager, 1
Gelewski, 1
Gelung, 1
Genan, 1
Genzmann, 1
Georg, 1
Georgi, 1
Georgius, 1
Gepken, 1
Gerauch, 1
Gerecke, 1
Gerves, 1
Gesele, 1
Gesemann, 1
Gespan, 1
Gewetzki, 1
Gilow, 1
Gylow, 1
Giar, 1
Gielg, 1
Gieraths, 1
Giesch, 1
Gimbel, 1
Gindera, 1
Girsch, 1
Gitschthaler, 1
Gittelbauer, 1
Glaab, 1
Gleichweit, 1
Gleissenberg, 1
Glettler, 1
Glied, 1
Gligand, 1
Glockengiesser, 1
Glocker, 1
Glogau, 1
Gloger, 1
Glombitza, 1
Gloning, 1
Gmelich, 1
Gnyp, 1
Godein, 1
Godertz, 1
Goerecke, 1
Goik, 1
Goll, 1
Golonka, 1
Gombach, 1
Gonsior, 1
Gonska, 1
Goossmann, 1
Gorgens, 1
Gorn, 1
Gortz, 1
Gossel, 1
Gossen, 1
Gothke, 1
Gottlieb, 1
Gottschlich, 1
Gottwald, 1
Gourge, 1
Grabenschweiger, 1
Grabosch, 1
Grabow, 1
Grabowski, 1
Graf, 1
Grafen, 1
Grafwallner, 1
Grapl, 1
Gras, 1
Gras, 1
Grasser, 1
Gratzer, 1
Grauten, 1
Graw, 1
Greben, 1
Greither, 1
Greitter, 1
Grellmann, 1
Gress, 1
Greth, 1
Grezella, 1
Grichen, 1
Grychen, 1
Griessenberger, 1
Grieswald, 1
Grigo, 1
Grillhosl, 1
Groben, 1
Grobarz, 1
Grobarzonka, 1
Grochalski, 1
Grodler, 1
Groening, 1
Grollm, 1
Grontgen, 1
Groschel, 1
Grosse, 1
Grote, 1
Grotian, 1
Grunhag, 1
Gruszka, 1
Gschweng, 1
Guderian, 1
Guhl, 1
Guhling, 1
Gulau, 1
Gullig, 1
Gullmar, 1
Gully, 1
Gumpold, 1
Gumprecht, 1
Gunnel, 1
Gunster, 1
Gunther, 1
Gurka, 1
Gurster, 1
Gurzo, 1
Guse, 1
Gustav, 1
Gutermann, 1
Guthier, 1
Gutkas, 1
Gyarmath, 1
Hasper, 1
Habler, 1
Habold, 1
Happold, 1
Hauppold, 1
Habrich, 1
Haprich, 1
Hacke, 1
Hadwiger, 1
Haeb, 1
Hagler, 1
Haibach, 1
Haipeter, 1
Halas, 1
Halkow, 1
Hallex, 1
Hamfler, 1
Hamig, 1
Hampus, 1
Handerer, 1
Hanf, 1
Hankamer, 1
Hannemann, 1
Hanol, 1
Hanuschek, 1
Harb, 1
Harbart, 1
Harenburg, 1
Harfert, 1
Hargmond, 1
Harksel, 1
Harsing, 1
Hart, 1
Hartema, 1
Hartge, 1
Hartmann, 1
Hascher, 1
Haselier, 1
Hasenbach, 1
Hasiba, 1
Hass, 1
Hassler, 1
Hassler, 1
Hattwig, 1
Hatzen, 1
Haubold, 1
Haufe, 1
Haug, 1
Hauguth, 1
Haumer, 1
Haun, 1
Hauptvogl, 1
Hausburg, 1
Hausner, 1
Hedrischke, 1
Heep, 1
Heeb, 1
Heeschen, 1
Hehr, 1
Hehrein, 1
Heiligers, 1
Heim, 1
Heimann, 1
Heimburger, 1
Heimig, 1
Hein, 1
Heinen, 1
Heinitz, 1
Heinsohn, 1
Heise, 1
Hekelmann, 1
Held, 1
Heldt, 1
Helfen, 1
Hellebart, 1
Heller, 1
Hellhammer, 1
Hellingrath, 1
Helm, 1
Helmbold, 1
Helmert, 1
Hemecke, 1
Hemicker, 1
Henczka, 1
Heniau, 1
Henninges, 1
Henss, 1
Hermann, 1
Herbschleb, 1
Herd, 1
Hergert, 1
Herkenrath, 1
Herod, 1
Herrler, 1
Herrmannsdorfer, 1
Hesch, 1
Hespers, 1
Hess, 1
Hesseler, 1
Hetbreer, 1
Heusner, 1
Hewing, 1
Hibbeln, 1
Hiemenz, 1
Hilgert, 1
Hilsenbeck, 1
Hipke, 1
Homann, 1
Hobiger, 1
Hockendorf, 1
Hoegen, 1
Hoellger, 1
Hoellger, 1
Hoerner, 1
Hofmann, 1
Hofscheuer, 1
Hofschneider, 1
Hofstadler, 1
Hogetopf, 1
Hohl, 1
Holy, 1
Holi, 1
Hollin, 1
Hollmuller, 1
Holschuh, 1
Holtz, 1
Holzbach, 1
Honert, 1
Honisch, 1
Horger, 1
Horich, 1
Horlbogen, 1
Hormes, 1
Horn, 1
Hornbogen, 1
Horschler, 1
Horterich, 1
Hosbacher, 1
Hoschek, 1
Hosel, 1
Hoss, 1
Hottmann, 1
Hoyer, 1
Hromada, 1
Hubsch, 1
Hubschke, 1
Hubschneider, 1
Hudalla, 1
Hudecek, 1
Hug, 1
Hugel, 1
Huhlgram, 1
Huhnholz, 1
Huiter, 1
Hullen der, 1
Hullmann, 1
Hulsewig, 1
Hulsken, 1
Humel, 1
Humpfer, 1
Hundgen, 1
Hune, 1
Hunert, 1
Hurnaus, 1
Huser, 1
Husige, 1
Huska, 1
Hutzelsieder, 1
Huzsmann, 1
Hymann, 1
Idler, 1
Iden, 1
Illbruck, 1
Illjes, 1
Ilz, 1
Immilla, 1
Bremen, 1
Ingenthron, 1
Interholzinger, 1
Irevarim, 1
Isberner, 1
Ising, 1
Jabin, 1
Jackenkroll, 1
Jacobfeuerborn, 1
Jadicke, 1
Jadke, 1
Jaeckel, 1
Jaggau, 1
Jahnig, 1
Jakob, 1
Janic, 1
Janke, 1
Jantsch, 1
Japmann, 1
Jarass, 1
Jaskulski, 1
Jasser, 1
Jasser, 1
Jauck, 1
Jawurek, 1
Jeitel, 1
Jenderny, 1
Jendral, 1
Jenemann, 1
Jepken, 1
Jerzumbek, 1
Jesko, 1
Jetzinger, 1
Jilke, 1
Jochlinger, 1
Joczat, 1
Jodokus, 1
Joggau, 1
Johler, 1
Joho, 1
Jost, 1
Jugelt, 1
Juhl, 1
Jung, 1
Junghenn, 1
Juntke, 1
Jurk, 1
Juttner, 1
Kaaden, 1
Kaczanowski, 1
Kadatz, 1
Kading, 1
Kadke, 1
Kaess, 1
Kai, 1
Kalt, 1
Kaltofen, 1
Kalus, 1
Kalwa, 1
Kaminski, 1
Kampfe, 1
Kanand, 1
Kandzia, 1
Kanno, 1
Kanutschek, 1
Kanzler, 1
Kaphengst, 1
Kapitza, 1
Karbaumer, 1
Karnstaedt, 1
Karrenbauer, 1
Karun, 1
Karzanowski, 1
Kaschewar, 1
Kasebier, 1
Kassmodel, 1
Kastler, 1
Katt, 1
Katz, 1
Katzenburg, 1
Katzlberger, 1
Kauert, 1
Kauran, 1
Kawohl, 1
Keber, 1
Kehrein, 1
Keidel, 1
Keinitz, 1
Kellner, 1
Kelly, 1
Kemper, 1
Kempe, 1
Kempers, 1
Kerinnes, 1
Kerennis, 1
Kernchen, 1
Kestenus, 1
Kettner, 1
Keuchel, 1
Kieder, 1
Kiehnscherf, 1
Kiesselbach, 1
Kilgen, 1
Kilian, 1
Killer, 1
Kimpfbeck, 1
Kinateder, 1
Kinnen, 1
Kipcke, 1
Kirchenwitz, 1
Kirschberger, 1
Kischel, 1
Kisselat, 1
Kissner, 1
Kisson, 1
Kistenfeger, 1
Kiwitz, 1
Kixmoller, 1
Klatt, 1
Klatta, 1
Klaukens, 1
Klaumunzer, 1
Kleemann, 1
Kleimčik, 1
Klein, 1
Kleine, 1
Kleinedowe, 1
Kleinesudeik, 1
Kleinmond, 1
Klenner, 1
Klett, 1
Kleukens, 1
Klimmer, 1
Klinkhammer, 1
Klix, 1
Klockner, 1
Klomhus, 1
Klonhammer, 1
Klopper, 1
Klose, 1
Klubescheid, 1
Klump, 1
Klunkert, 1
Knakowski, 1
Knechtl, 1
Knell, 1
Knoll, 1
Kneschk, 1
Kniepeis, 1
Knieps, 1
Knocke, 1
Knofel, 1
Knuffmann, 1
Knussmann, 1
Kofink, 1
Koblischke, 1
Koczan, 1
Kogerup, 1
Koitsch, 1
Koke, 1
Kokoscha, 1
Kollenkarn, 1
Koller, 1
Kolodzy, 1
Konang, 1
Konecki, 1
Konietzko, 1
Konigsberger, 1
Kopp, 1
Koppauner, 1
Koppel, 1
Korgawir, 1
Korjenic, 1
Kornacker, 1
Koroleski, 1
Kortum, 1
Koruhn, 1
Korzec, 1
Kosakatis, 1
Kosca, 1
Koschitz, 1
Koschitzki, 1
Kosgalwies, 1
Kositzke, 1
Koska, 1
Kosmala, 1
Kostas, 1
Kostenbauer, 1
Kothenbeutel, 1
Kothmayer, 1
Kotschau, 1
Kottas, 1
Koytka, 1
Kojtka, 1
Kozanecki, 1
Krahfuss, 1
Krail, 1
Krall, 1
Kramb, 1
Kramp, 1
Krankemann, 1
Kranz, 1
Krapl, 1
Kratschmer, 1
Kraus, 1
Krause, 1
Krausschubel, 1
Kraussewald, 1
Krautwurst, 1
Krautwurst, 1
Krebel, 1
Krempelhuber, 1
Kren, 1
Krenger, 1
Kress, 1
Kretschmer, 1
Kringler, 1
Krinner, 1
Kripgans, 1
Krischke, 1
Kroich, 1
Kroll, 1
Kron, 1
Kronawetter, 1
Kranabitter, 1
Kronseder, 1
Kroth, 1
Kruczek, 1
Krugh, 1
Krullmann, 1
Krumholz, 1
Krummel, 1
Krupper, 1
Krzigitzki, 1
Krzossa, 1
Krzywocz, 1
Krzyzak, 1
Kubiak, 1
Kubick, 1
Kubik, 1
Kubitza, 1
Kubo, 1
Kubrat, 1
Kuchenhoff, 1
Kugler, 1
Kuhl, 1
Kuhlbarsch, 1
Kuhleber, 1
Kuhlmei, 1
Kuhn, 1
Kullinat, 1
Kullineitis, 1
Kulzhammer, 1
Kumbartzky, 1
Kumert, 1
Kummer, 1
Kumpell, 1
Kundoch, 1
Kuntscher, 1
Kunz, 1
Kurek, 1
Kurka, 1
Kurschildgen, 1
Kurz, 1
Kustner, 1
Kusztal, 1
Kutschkow, 1
Kuveler, 1
Kuwatsch, 1
Kydala, 1
Kyselo, 1
Lakebrink, 1
Labatqueen, 1
Lachenit, 1
Lachhein, 1
Lade, 1
Ladinig, 1
Lais, 1
Lampe, 1
Lamprecht, 1
Landes, 1
Landgraf, 1
Landhus, 1
Langelot, 1
Langenau, 1
Langenbach, 1
Langhandke, 1
Langmaack, 1
Langner, 1
Lappe, 1
Lappohn, 1
Larz, 1
Laudahn, 1
Lauer, 1
Lauermann, 1
Laukant, 1
Laun, 1
Lauterbeck, 1
Lechner, 1
Lecybil, 1
Lederhossen, 1
Leduck, 1
Leers, 1
Leesen, 1
Lehmann, 1
Leibniz, 1
Leidiger, 1
Leiteritz, 1
Lemke, 1
Lembke, 1
Lengler, 1
Lenhardt, 1
Lenski, 1
Leppmeier, 1
Lerat, 1
le, 1
Rat, 1
Lerge, 1
Lerz, 1
Leschke, 1
Leue, 1
Leutbecher, 1
Levin, 1
Lezius, 1
Libera, 1
Lichnofsky, 1
Lichtenfeld, 1
Liebe, 1
Lieber, 1
Liebl, 1
Liebmann, 1
Lieder, 1
Liemanns, 1
Lierschaft, 1
Liessel, 1
Lietz, 1
Limmeroth, 1
Lindau, 1
Link, 1
Lipper, 1
Lippmann, 1
Lipskis, 1
Lischewski, 1
Litzkowy, 1
Lobien, 1
Locher, 1
Locklair, 1
Loeveling, 1
Loveling, 1
Leveling, 1
Loffelbier, 1
Loger, 1
Lohmeier, 1
Lohre, 1
Loipeldinger, 1
Lokowal, 1
Londwiche, 1
Loose, 1
Lopar, 1
Loquay, 1
Lorleberg, 1
Lory, 1
Loschnat, 1
Loser, 1
Lowenberger, 1
Loy, 1
Loyda, 1
Lubbert, 1
Lubke, 1
Luckel, 1
Lucker, 1
Ludelaufs, 1
Luge, 1
Lunnemann, 1
Lupp, 1
Luppus, 1
Lusatis, 1
Lusczyk, 1
Luss, 1
Lustig, 1
Luterwald, 1
Luttger, 1
Lutzemann, 1
Lzicziarz, 1
Ligiczarz, 1
Maass, 1
Mabuse, 1
Mache, 1
Macherndl, 1
Machold, 1
Madl, 1
Maderdonner, 1
Maetze, 1
Magenschaben, 1
Mahr, 1
Majorkowitsch, 1
Makula, 1
Malak, 1
Malat, 1
Malko, 1
Malm, 1
Malschowsky, 1
Maluge, 1
Malycha, 1
Mandalka, 1
Manlik, 1
Mansholt, 1
Marcus, 1
Maria, 1
Marian, 1
Marion, 1
Markowski, 1
Markus, 1
Marokko, 1
Maronde, 1
Marsand, 1
Marschewski, 1
Marte, 1
Martio, 1
Marx, 1
Marxen, 1
Marzoch, 1
Mascher, 1
Mashat, 1
Massat, 1
Massengeil, 1
Masser, 1
Massier, 1
Matkay, 1
Mattern, 1
Mattew, 1
Matthies, 1
Matuszewski, 1
Matzeit, 1
Matzerath, 1
Mauksch, 1
Mausehund, 1
Maushake, 1
Max, 1
Mezger, 1
Mechelk, 1
Medrian, 1
Medrow, 1
Meeden der, 1
Meerpohl, 1
Meffle, 1
Mehlhase, 1
Meinzer, 1
Meixner, 1
Melkheier, 1
Melles, 1
Menke, 1
Mennenichs, 1
Mergt, 1
Merhof, 1
Merschel, 1
Merten, 1
Merwart, 1
Merzbacher, 1
Messing, 1
Mettke, 1
Metzgen, 1
Metzler, 1
Metzling, 1
Mex, 1
Mey, 1
Middelborn, 1
Mierswa, 1
Mies, 1
Mieth, 1
Miletzky, 1
Militsch, 1
Milkau, 1
Milker, 1
Milster, 1
Minges, 1
Miotke, 1
Mirsch, 1
Mirz, 1
Misburger, 1
Mitlacher, 1
Mittemeyer, 1
Mittrach, 1
Mix, 1
Mnilk, 1
Mobius, 1
Modest, 1
Moerser, 1
Moser, 1
Morsey, 1
Moha, 1
Mohr, 1
Mokerl, 1
Moldaschl, 1
Moll, 1
Mollhoff, 1
Moltke, 1
Molzahn, 1
Mombour, 1
Monick, 1
Morawitz, 1
Morgalla, 1
Morio, 1
Moser, 1
Mossinger, 1
Mostl, 1
Moter, 1
Mottl, 1
Mrozek, 1
Mrugala, 1
Mutz, 1
Mucke, 1
Muhlauer, 1
Muhlbrodt, 1
Muley, 1
Mulk, 1
Muller, 1
Munchow, 1
Mundkowski, 1
Mundweil, 1
Mundwein, 1
Munz, 1
Muschweck, 1
Musiol, 1
Muskes, 1
Mussig, 1
Mutze, 1
Mylius, 1
Naab, 1
Nacke, 1
Nackies, 1
Naethe, 1
Naeve, 1
Nagorka, 1
Najork, 1
Nake, 1
Nalek, 1
Naskneck, 1
Nather, 1
Naujoks, 1
Nebendahl, 1
Nebig, 1
Neckar, 1
Neger, 1
Negraszus, 1
Nemenyi, 1
Nette, 1
Neuhold, 1
Neyses, 1
Neuses, 1
Nisius, 1
Nickisch, 1
Nickol, 1
Nicolay, 1
Niefanger, 1
Niehues, 1
Nieslony, 1
Nietan, 1
Nillies, 1
Nispel, 1
Nissen, 1
Nissl, 1
Noggerath, 1
Noltekuhlmann, 1
Nonnenfeind, 1
Norberger, 1
Nosbach, 1
Nothelfer, 1
Novotny, 1
Noy, 1
Noij, 1
Nuchter, 1
Nurnberger, 1
Oberlander, 1
Oberscheuer, 1
Och, 1
Odrig, 1
Oehmig, 1
Ofenloch, 1
Off, 1
Olderdissen, 1
Olding, 1
Olefs, 1
Oliev, 1
Ollenschlager, 1
Ollertz, 1
Omlor, 1
Oortmeijer, 1
Opes, 1
Opp, 1
Orfert, 1
Orffert, 1
Orlamunder, 1
Orszulok, 1
Orschulok, 1
Ortlein, 1
Osborne, 1
Oschitzki, 1
Osond, 1
Osterhof, 1
Osterloh, 1
Ostermann, 1
Ostermeier, 1
Ostwald, 1
Ott, 1
Ott, 1
Otte, 1
Ottelinger, 1
Otten, 1
Otto, 1
Otte, 1
Ottolinger, 1
Overschur, 1
Ozepowey, 1
Ozimek, 1
Paar, 1
Pacher, 1
Pachoinig, 1
Paetow, 1
Paetzel, 1
Pagel, 1
Pago, 1
Paierl, 1
Palitzsch, 1
Palluth, 1
Palm, 1
Palmers, 1
Pangerl, 1
Panienka, 1
Pankoker, 1
Pankoke, 1
Papkala, 1
Parakenings, 1
Paries, 1
Parlaska, 1
Parotat, 1
Partheimuller, 1
Paschenda, 1
Passon, 1
Patow, 1
Patzelt, 1
Patzold, 1
Paulmann, 1
Paulowitsch, 1
Pawelowski, 1
Payer, 1
Payreder, 1
Pechstein, 1
Peckenhawben, 1
Pede, 1
Peege, 1
Peidl, 1
Peischl, 1
Peitz, 1
Peix, 1
Pelzing, 1
Pelikan, 1
Penke, 1
Peper, 1
Perfold, 1
Perner, 1
Perwas, 1
Peter, 1
Peters, 1
Petras, 1
Peukes, 1
Peylo, 1
Pfannenstiel, 1
Pfarrdrescher, 1
Pfeifroth, 1
Pflaume, 1
Pfortner, 1
Pfuisi, 1
Philipowski, 1
Phillibrunn, 1
Pilasch, 1
Piasecki, 1
Pichler, 1
Pickert, 1
Piehl, 1
Piehler, 1
Pielmeier, 1
Pieper, 1
Pietruska, 1
Pietruszinski, 1
Pilawa, 1
Pilgram, 1
Pillasch, 1
Pille, 1
Pingel, 1
Pinkernelle, 1
Pionczewski, 1
Pioreck, 1
Pipas, 1
Pirl, 1
Pisula, 1
Pitschmann, 1
Pitter, 1
Plachner, 1
Plaggenmeier, 1
Plagwitz, 1
Planer, 1
Plank, 1
Plankl, 1
Plate, 1
Platz, 1
Pless, 1
Pletsch, 1
Ploder, 1
Ploigt, 1
Plotonius, 1
Plotzki, 1
Pluskota, 1
Plymakers, 1
Pock, 1
Poethig, 1
Pogrzeba, 1
Poindl, 1
Pokorny, 1
Poley, 1
Polidey, 1
Pollnstorfer, 1
Polle, 1
Poller, 1
Pollmachers, 1
Pommer, 1
Pompetzki, 1
Pompecki, 1
Pomplun, 1
Poock, 1
Pophal, 1
Poppenhaeger, 1
Poppensieker, 1
Poppler, 1
Portner, 1
Poschen, 1
Pour, 1
Poweleit, 1
Praetel, 1
Prassek, 1
Pratzler, 1
Pravemann, 1
Prawatky, 1
Preidler, 1
Preikszat, 1
Pressin, 1
Preugszat, 1
Prigger, 1
Primus, 1
Prisel, 1
Priwall, 1
Profittlich, 1
Propper, 1
Proquitte, 1
Psota, 1
Pujner, 1
Pujner, 1
Pult, 1
Pung, 1
Pustlauk, 1
Quark, 1
Quentin, 1
Quirant, 1
Quirmbach, 1
Raband, 1
Rabiezanka, 1
Rackl, 1
Racky, 1
Raddan, 1
Rader, 1
Raderecht, 1
Radons, 1
Radtke, 1
Raedelin, 1
Raffelsiefer, 1
Raimann, 1
Rakos, 1
Rambau, 1
Ramer, 1
Rampe, 1
Ranft, 1
Ranninger, 1
Rantschigei, 1
Rasokat, 1
Rassl, 1
Ratberger, 1
Rathe, 1
Rattelmuller, 1
Raubach, 1
Rauft, 1
Raumschussel, 1
Rausch, 1
Rauschenbach, 1
Rauter, 1
Lichtrauter, 1
Rera, 1
Rebuhr, 1
Reckefuss, 1
Reddig, 1
Reeg, 1
Reese, 1
Reichert, 1
Reimler, 1
Reimler, 1
Rein, 1
Rhein, 1
Reinbold, 1
Reinwarth, 1
Reiser, 1
Reisner, 1
Rempe, 1
Remter, 1
Renker, 1
Rennoch, 1
Repke, 1
Requa, 1
Requard, 1
Requart, 1
Retzlaff, 1
Reutlinger, 1
Reutlinger, 1
Ribitsch, 1
Ribič, 1
Richtscheid, 1
Riemann, 1
Riet, 1
Riffelsen, 1
Rilka, 1
Rillander, 1
Ring, 1
Ringelmann, 1
Rinke, 1
Ritzenhofer, 1
Rochalski, 1
Rochow, 1
Rocker, 1
Rockl, 1
Rodermund, 1
Roehrdantz, 1
Roger, 1
Rogosch, 1
Rohirse, 1
Rohlmann, 1
Rohrbach, 1
Rohrmann, 1
Rohtz, 1
Roll, 1
Rolle, 1
Roller, 1
Rollig, 1
Romer, 1
Romeri, 1
Romirer, 1
Rommelt, 1
Roppert, 1
Rosaler, 1
Rosenberg, 1
Rosenstetter, 1
Rosenthal, 1
Rosner, 1
Roesner, 1
Rosnick, 1
Rosowski, 1
Rossdeutscher, 1
Rossler, 1
Rosycka, 1
Rothenberg, 1
Roth, 1
Rothenhorst, 1
Rothweiler, 1
Rottmuller, 1
Rotz, 1
Rotzer, 1
Roubal, 1
Rubbert, 1
Rubenstahl, 1
Ruchay, 1
Ruda, 1
Rudell, 1
Rudtlbauch, 1
Ruhl, 1
Ruhrdich, 1
Ruis, 1
Rumesberger, 1
Rumm, 1
Rung, 1
Runschke, 1
Ruppin, 1
Ruschen, 1
Ruzsar, 1
Ryba, 1
Rybolt, 1
Ryll, 1
Slotawa, 1
Sachsalber, 1
Sachtleber, 1
Saesser, 1
Sajdowski, 1
Sakain, 1
Saladin, 1
Salzbrunn, 1
Sandau, 1
Sandberg, 1
Sandfuhr, 1
Sardison, 1
Sarholz, 1
Sarodnick, 1
Sauffert, 1
Saure, 1
Saurugger, 1
Sausmikat, 1
Sax, 1
Schaap, 1
Schack, 1
Schacke, 1
Schadt, 1
Schafzahl, 1
Schakeit, 1
Schambelon, 1
Schantl, 1
Scharff, 1
Schark, 1
Scharlock, 1
Scharwart, 1
Schattauer, 1
Schattkowsky, 1
Schaurhofer, 1
Schavan, 1
Scheewe, 1
Scheffke, 1
Scheib, 1
Scheinkonig, 1
Scheiper, 1
Scheisner, 1
Schemm, 1
Schenetten, 1
Schenner, 1
Scherke, 1
Scherr, 1
Schettek, 1
Scheunstuhl, 1
Scheuchengrab, 1
Schey, 1
Schick, 1
Schiebel, 1
Schieberle, 1
Schieske, 1
Schikori, 1
Schikowsky, 1
Szykowski, 1
Schilberg, 1
Schilloks, 1
Schimek, 1
Schirarend, 1
Schirp, 1
Schkuhr, 1
Schlag, 1
Schlage, 1
Schlagie, 1
Schlagin, 1
Schlagindweit, 1
Schlagnitweit, 1
Schleeweiss, 1
Schlemmer, 1
Schlesinger, 1
Schleuter, 1
Schlippes, 1
Schliwinski, 1
Schloack, 1
Schlossin, 1
Schmache, 1
Schmallowsky, 1
Schmauk, 1
Schminke, 1
Schmolmuller, 1
Schmuck, 1
Schmuhl, 1
Schnack, 1
Schnappauf, 1
Schneeberger, 1
Schneegass, 1
Schnegula, 1
Schomburg, 1
Schommertz, 1
Schonbacher, 1
Schonhoff, 1
Schoning, 1
Schooss, 1
Schopp, 1
Schott, 1
Schrecksnadl, 1
Schrein, 1
Schroll, 1
Schroter, 1
Schrucker, 1
Schubert, 1
Schuckert, 1
Schulwitz, 1
Schum, 1
Schuppscheck, 1
Schuscik, 1
Schužek, 1
Schwabeland, 1
Schwan, 1
Schwarzenberger, 1
Schwebius, 1
Schweigger, 1
Schwellnuss, 1
Schwertfeger, 1
Sckel, 1
Sebestik, 1
Seck, 1
Sedlmeier, 1
Sehn, 1
Sehrin, 1
Seibold, 1
Seidel, 1
Seidenfaden, 1
Sela, 1
Seller, 1
Sellin, 1
Sembries, 1
Semper, 1
Sempf, 1
Senftleben, 1
Senge, 1
Seraphin, 1
Serverin, 1
Setzkegel, 1
Seul, 1
Sewelys, 1
Seyfrizen, 1
Siebelist, 1
Siebzehnrubl, 1
Sielmann, 1
Sienen, 1
Sigl, 1
Siman, 1
Simmank, 1
Sinram, 1
Sinn, 1
Sinz, 1
Siyaks, 1
Skal, 1
Skala, 1
Skeem, 1
Skiera, 1
Skjas, 1
Skias, 1
Sklarski, 1
Skopal, 1
Skorsoba, 1
Skrok, 1
Skuza, 1
Sladoslawek, 1
Sladoslawek, 1
Slany, 1
Slomka, 1
Smarsly, 1
Smers, 1
Smiedoda, 1
Smirnow, 1
Sobe, 1
Sobek, 1
Sobetzki, 1
Sobetzko, 1
Sobietzki, 1
Soddemann, 1
Soesser, 1
Soester, 1
Sohlleder, 1
Sokowski, 1
Soldat, 1
Soltau, 1
Sommer, 1
Sommerburg, 1
Sommerlath, 1
Sonnekalb, 1
Sorg, 1
Sowa, 1
Spangenberg, 1
Spaniol, 1
Spath, 1
Spen, 1
Speen, 1
Speicher, 1
Sperlein, 1
Sperrholz, 1
Spettmann, 1
Spiegelberg, 1
Spilker, 1
Spira, 1
Spitzer, 1
Spitzmacher, 1
Springgorum, 1
Staats, 1
Staedler, 1
Stanke, 1
Statkus, 1
Stattegger, 1
Stauffen, 1
Steckler, 1
Steding, 1
Steffens, 1
Stegh, 1
Stein, 1
Steinemer, 1
Steingraf, 1
Steinicke, 1
Stempliewicz, 1
Stenger, 1
Sternalsky, 1
Sternowsky, 1
Steussloff, 1
Stiefler, 1
Stindl, 1
Stockert, 1
Stoebloff, 1
Stoisloff, 1
Stolldichvoll, 1
Stolleis, 1
Stollhoff, 1
Stolpe, 1
Stolte, 1
Stomporowski, 1
Stoppa, 1
Stoschek, 1
Stoy, 1
Strack, 1
Strasser, 1
Strehlau, 1
Strehle, 1
Streitz, 1
Streubo, 1
Striegnitz, 1
Strischek, 1
Stritzke, 1
Strniste, 1
Strobuchin, 1
Strzalek, 1
Strzoda, 1
Stuckert, 1
Stuecklas, 1
Stuertz, 1
Stumvoll, 1
Stunkel, 1
Subirge, 1
Suck, 1
Sudik, 1
Suhse, 1
Suittertus, 1
Sult, 1
Sultzle, 1
Sulzer, 1
Supfle, 1
Suppan, 1
Surek, 1
Surrey, 1
Sussenberger, 1
Sutterlin, 1
Swientek, 1
Syre, 1
Szablowski, 1
Szechy, 1
Szillat, 1
Szillus, 1
Szuggars, 1
Szusczynski, 1
Tabbert, 1
Tabor, 1
Tadda, 1
Tambe, 1
Tanzer, 1
Tapanila, 1
Taschinger, 1
Tautorat, 1
Tautz, 1
Teibinger, 1
Telaar, 1
Teleu, 1
Telle, 1
Tellegardus, 1
Tellegrades, 1
Teloh, 1
Boven, 1
Terveer, 1
Teubert, 1
Teutschmann, 1
Theihsen, 1
Theisen, 1
Thein, 1
Theis, 1
Thielsch, 1
Thiele, 1
Thielicke, 1
Thielsch, 1
Thiemann, 1
Thiermann, 1
Thimm, 1
Thomaschowski, 1
Thome, 1
Thomisch, 1
Thomys, 1
Thormann, 1
Thumirnicht, 1
Thuering, 1
Thur, 1
Tibor, 1
Tibus, 1
Tiedemann, 1
Tiefenthaler, 1
Tiegelhardt, 1
Tiggeloven, 1
Tikal, 1
Tilgier, 1
Timmermann, 1
Tippl, 1
Tismar, 1
Tismer, 1
Tiszauer, 1
Tittes, 1
Tobolka, 1
Todeskino, 1
Todtenhey, 1
Todtenhofft, 1
Tokarski, 1
Tolentino, 1
Tolg, 1
Toman, 1
Tomaschewski, 1
Tondock, 1
Tonnis, 1
Tonnes, 1
Torner, 1
Torster, 1
Toschak, 1
Trabitzsch, 1
Trambowsky, 1
Trattner, 1
Traut, 1
Treffeisen, 1
Trefftz, 1
Trem, 1
Trenkler, 1
Triebel, 1
Triebmann, 1
Trinkaus, 1
Trobitzsch, 1
Trojan, 1
Troll, 1
Trollack, 1
Tropschuh, 1
Trost, 1
Trowe, 1
Troyer, 1
Trubl, 1
Truve, 1
Tschackert, 1
Tscharke, 1
Tschersich, 1
Tschuschner, 1
Tumschat, 1
Turne, 1
Turpe, 1
Tuschl, 1
Tušek, 1
Uerlings, 1
Uhlschmidt, 1
Umbundumb, 1
Unbehend, 1
Ungetum, 1
Unruhe, 1
Unschlitt, 1
Urbainczyk, 1
Urselmann, 1
Utasch, 1
Utgenannt, 1
Utri, 1
Uttke, 1
Utz, 1
Riet, 1
Vandersee, 1
Varhelyi, 1
Vasters, 1
Vathbruckner, 1
Vehreschild, 1
Velz, 1
Venediger, 1
Vercelli, 1
Verhoeven, 1
Verhulsdonk, 1
Versume, 1
Vespermann, 1
Vesseley, 1
Vetterick, 1
Vierling, 1
Villon, 1
Villwock, 1
Vith, 1
Viukh, 1
Vlijm, 1
Vogel, 1
Vogerl, 1
Vogler, 1
Vohberger, 1
Vollbaum, 1
Colm, 1
der, 1
Breyschen, 1
der Hullen, 1
der Megde, 1
Kroth, 1
Vorthaeffer, 1
Voss, 1
Wesolek, 1
Warbichler, 1
Wachtmann, 1
Wahl, 1
Waizenegger, 1
Walczak, 1
Waldenmaier, 1
Waldinger, 1
Waltinger, 1
Walkovs, 1
Walkows, 1
Walkowitz, 1
Walneg, 1
Walter, 1
Waltemate, 1
Walter, 1
Wampera, 1
Wandpflug, 1
Waninger, 1
Wanis, 1
Wannewitz, 1
Wanz, 1
Wapel, 1
Wardaschka, 1
Wartenberg, 1
Waržilek, 1
Waschulewski, 1
Wasielewski, 1
Wasserberg, 1
Watzl, 1
Wawrzinek, 1
Weber, 1
Weckop, 1
Weezka, 1
Wefer, 1
Wegerich, 1
Wehrspaun, 1
Weischedel, 1
Weibels, 1
Weichelt, 1
Weichert, 1
Weichert, 1
Weickelsdorfer, 1
Weidelt, 1
Weidenstrass, 1
Weigel, 1
Weihmann, 1
Weiland, 1
Weindler, 1
Weinketz, 1
Weischede, 1
Weisenseel, 1
Weitenhofer, 1
Weitzel, 1
Welzenbach, 1
Wendeborn, 1
Wenn, 1
Werder, 1
Werst, 1
Wesner, 1
Wespatat, 1
Westerhus, 1
Wetzlau, 1
Wetzler, 1
Weusten, 1
Weyhreter, 1
Weyrich, 1
Wickeroth, 1
Wickher, 1
Wiebicke, 1
Wieczorek, 1
Wiederoder, 1
Wieht, 1
Wieker, 1
Wiener, 1
Wienhold, 1
Wienkopp, 1
Wienstroer, 1
Wierth, 1
Wiescholek, 1
Wiking, 1
Wild, 1
Wildfeuer, 1
Winsch, 1
Windisch, 1
Wings, 1
Winkelhardt, 1
Winkelmeier, 1
Wippich, 1
Wischheim, 1
Wischtokat, 1
Wisztukat, 1
Withliff, 1
Wittke, 1
Witz, 1
Wiwianka, 1
Wodstrschil, 1
Wohlguth, 1
Wohlke, 1
Wohlmuth, 1
Wohlschiess, 1
Wohrig, 1
Woita, 1
Wollbrink, 1
Wollerscheid, 1
Wollesen, 1
Wollitz, 1
Woloszyn, 1
Wortmann, 1
Wosten, 1
Wotschokowsky, 1
Wrabitsch, 1
Wrabič, 1
Wrede, 1
Wredo, 1
Wrieth, 1
Wuff, 1
Wulfroth, 1
Wundenberg, 1
Wunder, 1
Wundermann, 1
Wunsch, 1
Wurthele, 1
Wutkowski, 1
Wuttgen, 1
Wyder, 1
Wyrowski, 1
Wyssmann, 1
Zabel, 1
Zabelberg, 1
Zach, 1
Zacharias, 1
Zakaroff, 1
Zalter, 1
Zaminczek, 1
Zamsau, 1
Zamzau, 1
Zankolewski, 1
Zarling, 1
Zarske, 1
Zaryuk, 1
Zdrzalek, 1
Zeh, 1
Zejewski, 1
Zeleschke, 1
Zelezny, 1
Zeller, 1
Zemella, 1
Zemla, 1
Zemter, 1
Zens, 1
Zernechel, 1
Zerrein, 1
Zettermann, 1
Zettl, 1
Ziebur, 1
Ziegengeist, 1
Ziegler, 1
Zifling, 1
Zigge, 1
Zilla, 1
Zimmenthal, 1
Zimmerman, 1
Zinhobl, 1
Zink, 1
Zinram, 1
Zintsch, 1
Zodlvetz, 1
Zohner, 1
Zoike, 1
Zolfl, 1
Zoller, 1
Zollkau, 1
Zollstab, 1
Zolondz, 1
Zolt, 1
Zorawski, 1
Zotke, 1
Zotsch, 1
Zschieschang, 1
Zude, 1
Zugreif, 1
Zuhlmann, 1
Zummack, 1
Zweiniger, 1
Zydz, 1