Abl,1
Adsit,1
Ajdrna,1
Alt,1
Antonowitsch,1
Antonowitz,1
Bacon,1
Ballalatak,1
Ballaltick,1
Bartonova,1
Bastl,1
Baroch,1
Benesch,1
Betlach,1
Biganska,1
Bilek,1
Blahut,1
Blazek,1
Blazek,1
Blazejovsky,1
Blecha,1
Bleskan,1
Blober,1
Bock,1
Bohac,1
Bohunovsky,1
Bolcar,1
Borovka,1
Borovski,1
Borowski,1
Borovsky,1
Brabbery,1
Brezovjak,1
Brousil,1
Bruckner,1
Buchta,1
Cablikova,1
Camfrlova,1
Cap,1
Cerda,1
Cermak,1
Chermak,1
Cermak,1
Cernochova,1
Cernohous,1
Cerny,1
Cerney,1
Cerny,1
Cerv,1
Cervenka,1
Chalupka,1
Charlott,1
Chemlik,1
Chicken,1
Chilar,1
Chromy,1
Cihak,1
Clineburg,1
Klineberg,1
Cober,1
Colling,1
Cvacek,1
Czabal,1
Damell,1
Demall,1
Dehmel,1
Dana,1
Dejmal,1
Dempko,1
Demko,1
Dinko,1
Divoky,1
Dolejsi,1
Dolezal,1
Doljs,1
Dopita,1
Drassal,1
Driml,1
Duyava,1
Dvorak,1
Dziadik,1
Egr,1
Entler,1
Faltysek,1
Faltejsek,1
Fencl,1
Fenyo,1
Fillipova,1
Finfera,1
Finferovy,1
Finke,1
Fojtikova,1
Fremut,1
Friedrich,1
Frierdich,1
Fritsch,1
Furtsch,1
Gabrisova,1
Gavalok,1
Geier,1
Georgijev,1
Geryk,1
Giersig,1
Glatter,1
Glockl,1
Grabski,1
Grozmanova,1
Grulich,1
Grygarova,1
Hadash,1
Hafernik,1
Hajek,1
Hajicek,1
Hajkova,1
Hana,1
Hanek,1
Hanek,1
Hanika,1
Hanusch,1
Hanzlick,1
Handzlik,1
Hanzlik,1
Harger,1
Hartl,1
Havlatova,1
Havlice,1
Hawlata,1
Heidl,1
Herback,1
Herodes,1
Hiorvst,1
Hladky,1
Hlavsa,1
Hnizdil,1
Hodowal,1
Hodoval,1
Holan,1
Holub,1
Homulka,1
Hora,1
Hovanec,1
Hrabak,1
Hradek,1
Hrdy,1
Hrula,1
Hruska,1
Hruskova,1
Hudecek,1
Husk,1
Hynna,1
Jaluvka,1
Janca,1
Janicek,1
Jenicek,1
Janacek,1
Janick,1
Janoch,1
Janosik,1
Janutka,1
Jares(H),1
Jarzembowski,1
Jedlicka,1
Jelinek,1
Jindra,1
Jirava,1
Jirik,1
Jirku,1
Jirovy,1
Jobst,1
Jonas,1
Kacirek,1
Kafka,1
Kafka,1
Kaiser,1
Kanak,1
Kaplanek,1
Kara,1
Karlovsky,1
Kasa,1
Kasimor,1
Kazimor,1
Kazmier,1
Katschker,1
Kauphsman,1
Kenzel,1
Kerner,1
Kesl,1
Kessel,1
Kessler,1
Khork,1
Kirchma,1
Klein,1
Klemper,1
Klimes,1
Kober,1
Koberna,1
Koci,1
Kocian,1
Kocian,1
Kofron,1
Kolacny,1
Koliha,1
Kolman,1
Koma,1
Komo,1
Coma,1
Konarik,1
Kopp,1
Kopecky,1
Korandak,1
Korycan,1
Korycansky,1
Kosko,1
Kouba,1
Kouba,1
Koukal,1
Koza,1
Kozumplikova,1
Kratschmar,1
Krawiec,1
Kreisinger,1
Kremlacek,1
Kremlicka,1
Kreutschmer,1
Krhovsky,1
Krivan,1
Krivolavy,1
Kriz,1
Kruessel,1
Krupala,1
Krytinar,1
Kubin,1
Kucera,1
Kucharova,1
Kudrna,1
Kuffel,1
Kupfel,1
Kofel,1
Kulhanek,1
Kunik,1
Kurtz,1
Kusak,1
Kvasnicka,1
Lawa,1
Linart,1
Lind,1
Lokay,1
Loskot,1
Ludwig,1
Lynsmeier,1
Macha,1
Machacek,1
Macikova,1
Malafa,1
Malec,1
Malecha,1
Maly,1
Marek,1
Marik,1
Marik,1
Markytan,1
Matejka,1
Matjeka,1
Matocha,1
Maxa/B,1
Mayer,1
Meier,1
Merta,1
Meszes,1
Metjeka,1
Michalovic,1
Michalovicova,1
Miksatkova,1
Mojzis,1
Mojjis,1
Mozzis,1
Molcan,1
Monfort,1
MonkoAustria,1
Morava,1
Morek,1
Muchalon,1
Mudra,1
Muhlbauer,1
Nadvornizch,1
Nadwornik,1
Navara,1
Navratil,1
Navratil,1
Navrkal,1
Nekuza,1
Nemec,1
Nemecek,1
Nestrojil,1
Netsch,1
Neusser,1
Neisser,1
Naizer,1
Novak,1
Nowak,1
Novotny,1
Novy Novy,1
Oborny,1
Ocasek,1
Ocaskova,1
Oesterreicher,1
Okenfuss,1
Olbrich,1
Ondrisek,1
Opizka,1
Opova,1
Opp,1
Osladil,1
Ozimuk,1
Pachr,1
Palzewicz,1
Panek,1
Patril,1
Pavlik,1
Pavlicka,1
Pavlu,1
Pawlak,1
Pear,1
Peary,1
Pech,1
Peisar,1
Paisar,1
Paiser,1
Perevuznik,1
Perina,1
Persein,1
Petrezelka,1
Petru,1
Pesek,1
Petersen,1
Pfeifer,1
Picha,1
Pillar,1
Pellar,1
Piller,1
Pinter,1
Pitterman,1
Planick,1
Piskach,1
Plisek,1
Plisko,1
Pokorny,1
Ponec,1
Ponec,1
Prachar,1
Praseta,1
Prchal,1
Prehatney,1
Pretsch,1
Prill,1
Psik,1
Pudel,1
Purdes,1
Quasninsky,1
Raffel,1
Rafaj1,1
Ransom,1
Rezac,1
Riedel,1
Riha,1
Riha,1
Ritchie,1
Rozinek,1
Ruba,1
Ruda,1
Rumisek,1
Ruzicka,1
Rypka,1
Rebka,1
Rzehak,1
Sabol,1
Safko,1
Samz,1
Sankovsky,1
Sappe,1
Sappe,1
Sarna,1
Satorie,1
Savchak,1
Svotak,1
Swatchak,1
Svocak,1
Svotchak,1
Schallom,1
Schenk,1
Schlantz,1
Schmeiser,1
Schneider,1
Schmied,1
Schubert,1
Schwarz,1
Schwartz,1
Sedmik,1
Sedmikova,1
Seger,1
Sekovora,1
Semick,1
Serak,1
Sherak,1
Shima,1
Shula,1
Siegl,1
Silhan,1
Simecek,1
Simodines,1
Simonek,1
Sip,1
Sitta,1
Skala,1
Skeril,1
Skokan,1
Skomicka,1
Skwor,1
Slapnickova,1
Slejtr,1
Slepicka,1
Slepica,1
Slezak,1
Slivka,1
Smith,1
Snelker,1
Sokolik,1
Soucek,1
Soukup,1
Soukup,1
Spicka,1
Spoerl,1
Sponer,1
Srda,1
Srpcikova,1
Stangl,1
Stanzel,1
Stary,1
Staska,1
Stedronsky,1
Stegon,1
Sztegon,1
Steinborn,1
Stepan,1
Stites,1
Stluka,1
Stotzky,1
StrakaO,1
Stramba,1
Stupka,1
Subertova,1
Suchanka,1
Sula,1
Svejda,1
Svejkovsky,1
Svoboda,1
Tejc,1
Tikal,1
Tykal,1
Till,1
Timpe,1
Timpy,1
Toman,1
Tomanek,1
Tomasek,1
Tomes,1
Trampotova,1
Trampota,1
Treblik,1
Trnkova,1
Uerling,1
Uhlik,1
Urbanek,1
Urbanek1,1
Urbanovska,1
Urista,1
Ustohal,1
Vaca,1
Vaculova,1
Vavra,1
Vejvoda,1
Veverka,1
Victor,1
Vlach,1
Vlach,1
Vlasak,1
Vlasek,1
Volcik,1
Voneve,1
Votke,1
Vozab,1
Vrazel,1
Vykruta,1
Wykruta,1
Waclauska,1
Weichert,1
Weineltk,1
Weisener,1
Wiesner,1
Wizner,1
Weiss,1
Werlla,1
Whitmire1,1
Widerlechner,1
Wilchek,1
Wondracek,1
Wood,1
Zajicek,1
Zak,1
Zajicek,1
Zaruba,1
Zaruba,1
Zelinka,1
Zeman,1
Zimola,1
Zipperer,1
Zitka,1
Zoucha,1
Zwolenksy,1
