Abad,1
Abadie,1
Abbas,1
Abbou,1
Abdallah,1
Abdel,1
Abdelli,1
Abdi,1
Abdou,1
Abecassis,1
Abed,1
Abel,1
Abgrall,1
Abid,1
Abidi,1
Abitbol,1
Abou,1
Achard,1
Achour,1
Acker,1
Adam,1
Adams,1
Adel,1
Adelaide,1
Adolphe,1
Adrien,1
Afonso,1
Agathe,1
Agnes,1
Agostini,1
Aguilar,1
Ahamada,1
Ahmed,1
Aiello,1
Aissa,1
Aissaoui,1
Ait,1
Alain,1
Alami,1
Alaoui,1
Alarcon,1
Alary,1
Alba,1
Albert,1
Alberti,1
Albin,1
Albouy,1
Albrecht,1
Alcaraz,1
Alexandre,1
Alexia,1
Alexis,1
Alfonsi,1
Alfred,1
Ali,1
Alicia,1
Aline,1
Alison,1
Allain,1
Allaire,1
Allali,1
Allanic,1
Allard,1
Allart,1
Alleaume,1
Allegre,1
Allemand,1
Alliot,1
Allouche,1
Almeida,1
Alonso,1
Alvarez,1
Amal,1
Amand,1
Amar,1
Amara,1
Amaral,1
Amari,1
Amat,1
Amato,1
Amblard,1
Ambre,1
Ambroise,1
Amel,1
Ameur,1
Amiel,1
Amina,1
Amine,1
Amiot,1
Amira,1
Ammar,1
Amour,1
Amouroux,1
Amrani,1
Amraoui,1
Amri,1
Amsellem,1
Ancel,1
Ancelin,1
Anderson,1
Andre,1
Andreani,1
Andree,1
Andreo,1
Andres,1
Andreu,1
Andrieu,1
Andrieux,1
Angele,1
Angeli,1
Angelique,1
Anger,1
Anglade,1
Angot,1
Anissa,1
Annette,1
Anquetil,1
Ansart,1
Ansel,1
Anselme,1
Anthony,1
Antoine,1
Anton,1
Antonini,1
Antonio,1
Antony,1
Arab,1
Araujo,1
Arbogast,1
Archambault,1
Ardouin,1
Arfi,1
Ariane,1
Arias,1
Armand,1
Arnal,1
Arnaud,1
Arnault,1
Arnold,1
Arnoult,1
Arnoux,1
Arrighi,1
Artaud,1
Arthur,1
Asselin,1
Assia,1
Astier,1
Astrid,1
Astruc,1
Atlan,1
Attal,1
Attali,1
Attard,1
Attia,1
Attias,1
Aube,1
Auber,1
Aubert,1
Aubertin,1
Aubin,1
Aubree,1
Aubrun,1
Aubry,1
Auclair,1
Audebert,1
Audibert,1
Audouin,1
Audren,1
Audureau,1
Auffray,1
Auffret,1
Auge,1
Auger,1
Augereau,1
Auguste,1
Augustin,1
Augusto,1
Aumont,1
Aupetit,1
Aure,1
Auriol,1
Autin,1
Autret,1
Aveline,1
Avignon,1
Avisse,1
Avril,1
Ayache,1
Ayad,1
Ayadi,1
Ayari,1
Aymard,1
Azais,1
Azema,1
Azevedo,1
Azizi,1
Aznar,1
Azoulay,1
Azzopardi,1
Azzouz,1
Ba,1
Babin,1
Bach,1
Bachelet,1
Bacquet,1
Baillet,1
Bailleul,1
Bailly,1
Balland,1
Baptiste,1
Bar,1
Barbara,1
Barbe,1
Barbet,1
Barbier,1
Barbosa,1
Barbot,1
Bard,1
Bardet,1
Bardin,1
Barraud,1
Barre,1
Barreau,1
Barret,1
Barrier,1
Barriere,1
Barry,1
Bart,1
Barthe,1
Bartoli,1
Basset,1
Bastide,1
Bataille,1
Baudet,1
Baudin,1
Baudoin,1
Baudouin,1
Baudry,1
Bauduin,1
Bauer,1
Baumann,1
Bayard,1
Bayle,1
Bazin,1
Beatrice,1
Beau,1
Beaufils,1
Beaulieu,1
Beauvais,1
Beck,1
Becker,1
Becquet,1
Begue,1
Beguin,1
Bel,1
Belhadj,1
Belin,1
Bella,1
Bellanger,1
Belle,1
Bellet,1
Bellot,1
Belot,1
Benali,1
Benard,1
Benoist,1
Benoit,1
Bensaid,1
Ber,1
Berard,1
Beraud,1
Berger,1
Bergeron,1
Bernadette,1
Bernard,1
Bernier,1
Berry,1
Bert,1
Berthet,1
Berthier,1
Berthon,1
Bertin,1
Berton,1
Bertrand,1
Besnard,1
Besnier,1
Besse,1
Besson,1
Betty,1
Bidault,1
Billard,1
Billaud,1
Billet,1
Billon,1
Billy,1
Binet,1
Bisson,1
Bizet,1
Black,1
Blain,1
Blaise,1
Blanc,1
Blanchard,1
Blanche,1
Blanchet,1
Blanco,1
Blandin,1
Bleu,1
Blin,1
Bloch,1
Blondeau,1
Blondel,1
Blot,1
Blouin,1
Blue,1
Bocquet,1
Bodin,1
Boileau,1
Bois,1
Boisson,1
Boivin,1
Bon,1
Bond,1
Bonhomme,1
Bonin,1
Bonnard,1
Bonnaud,1
Bonneau,1
Bonnefoy,1
Bonnel,1
Bonnet,1
Bonnot,1
Bonte,1
Borde,1
Bordes,1
Bordier,1
Borel,1
Bosc,1
Boss,1
Bossard,1
Bouchard,1
Bouche,1
Boucher,1
Bouchet,1
Bouchez,1
Boudet,1
Boudin,1
Bouillon,1
Boulanger,1
Boulard,1
Boulay,1
Boule,1
Boulet,1
Bouquet,1
Bour,1
Bourdin,1
Bourdon,1
Bourgeois,1
Bourgoin,1
Bourguignon,1
Bousquet,1
Bouteiller,1
Boutet,1
Boutin,1
Bouton,1
Bouvard,1
Bouvet,1
Bouvier,1
Bouyer,1
Boy,1
Boyer,1
Brahimi,1
Brasseur,1
Braud,1
Brault,1
Braun,1
Bravo,1
Bresson,1
Bret,1
Breton,1
Briand,1
Briere,1
Brisset,1
Brisson,1
Brochard,1
Brossard,1
Brousse,1
Brown,1
Bru,1
Brun,1
Bruneau,1
Brunel,1
Brunet,1
Bruno,1
Bruyere,1
Buffet,1
Bui,1
Buisson,1
Bureau,1
Busson,1
Cabrera,1
Cabrol,1
Cadet,1
Cadiou,1
Caillaud,1
Caille,1
Caillet,1
Caillot,1
Calvet,1
Camara,1
Campo,1
Campos,1
Camus,1
Cano,1
Cantin,1
Canu,1
Capel,1
Capelle,1
Capron,1
Cara,1
Cardoso,1
Carette,1
Cariou,1
Carles,1
Carlier,1
Carmona,1
Carneiro,1
Caron,1
Carpentier,1
Carre,1
Carrere,1
Carrier,1
Carriere,1
Carron,1
Cartier,1
Carton,1
Carvalho,1
Casanova,1
Cassagne,1
Castaing,1
Castel,1
Castelain,1
Castillo,1
Castro,1
Cat,1
Cathy,1
Catteau,1
Causse,1
Cauvin,1
Cazaux,1
Cazenave,1
Cedric,1
Celia,1
Cellier,1
Cesar,1
Chabane,1
Chabert,1
Chabot,1
Chaillou,1
Chambon,1
Champagne,1
Champion,1
Chan,1
Chanel,1
Chapelle,1
Chapon,1
Chapuis,1
Chaput,1
Charbonnier,1
Chardon,1
Charlene,1
Charles,1
Charlet,1
Charlier,1
Charlot,1
Charpentier,1
Charrier,1
Charron,1
Chartier,1
Charton,1
Charvet,1
Chassagne,1
Chat,1
Chateau,1
Chatel,1
Chatelain,1
Chatelet,1
Chatillon,1
Chaumont,1
Chauveau,1
Chauvel,1
Chauvet,1
Chauvin,1
Chazal,1
Chemin,1
Chen,1
Chene,1
Chenu,1
Cherif,1
Cherifi,1
Cheron,1
Cherrier,1
Chesneau,1
Cheval,1
Chevalier,1
Chevallier,1
Chevrier,1
Chirac,1
Chiron,1
Chloe,1
Cholet,1
Chollet,1
Chopin,1
Choquet,1
Chou,1
Chretien,1
Chris,1
Christian,1
Cisse,1
Clain,1
Clair,1
Clara,1
Clarisse,1
Claude,1
Claudel,1
Claudine,1
Clavel,1
Claverie,1
Clavier,1
Clemence,1
Clement,1
Clerc,1
Cloarec,1
Clouet,1
Cochard,1
Cochet,1
Coelho,1
Cognard,1
Cohen,1
Colas,1
Colette,1
Colin,1
Colle,1
Collet,1
Collignon,1
Collin,1
Collot,1
Colomb,1
Colombier,1
Colombo,1
Colson,1
Combe,1
Combes,1
Comte,1
Conan,1
Constant,1
Constantin,1
Conte,1
Copin,1
Coquelin,1
Coquet,1
Coquin,1
Corbin,1
Cordier,1
Cordonnier,1
Corine,1
Cornet,1
Cornu,1
Corre,1
Correia,1
Cortes,1
Cosson,1
Costa,1
Costes,1
Cote,1
Cotte,1
Cottet,1
Cottin,1
Coucou,1
Couderc,1
Coudray,1
Coulibaly,1
Coulon,1
Coupe,1
Courtin,1
Courtois,1
Courty,1
Cousin,1
Coutant,1
Couture,1
Couturier,1
Couvreur,1
Crepin,1
Crespin,1
Cros,1
Crouzet,1
Cruz,1
Cuvelier,1
Cuvillier,1
Cynthia,1
Cyril,1
Dacosta,1
Dahan,1
Dahmani,1
Dalle,1
Damiens,1
Damour,1
Dan,1
Danel,1
Dang,1
Daniele,1
Dany,1
Daoud,1
Daoudi,1
Darras,1
Daumas,1
Dauphin,1
David,1
Davy,1
Deborah,1
Debray,1
Debruyne,1
Declerck,1
Declercq,1
Decroix,1
Dedieu,1
Defer,1
Defontaine,1
Defosse,1
Defrance,1
Degardin,1
Dejardin,1
Delaby,1
Delacour,1
Delacroix,1
Delage,1
Delahaye,1
Delaire,1
Delalande,1
Delamare,1
Delannoy,1
Delanoe,1
Delaporte,1
Delarue,1
Delattre,1
Delaunay,1
Delcourt,1
Delcroix,1
Delepine,1
Delestre,1
Delforge,1
Delhaye,1
Delille,1
Delmas,1
Delmotte,1
Deloffre,1
Delorme,1
Delpech,1
Delplanque,1
Delrieu,1
Delrue,1
Delval,1
Demange,1
Demaret,1
Demay,1
Demoulin,1
Deniau,1
Denys,1
Deparis,1
Deprez,1
Der,1
Derouet,1
Derrien,1
Des,1
Desbois,1
Descamps,1
Deschamps,1
Deshayes,1
Desjardins,1
Deslandes,1
Desmet,1
Despres,1
Desprez,1
Devaux,1
Deville,1
Devillers,1
Devin,1
Devos,1
Dia,1
Diaby,1
Diagne,1
Diakite,1
Diallo,1
Diane,1
Diarra,1
Dias,1
Diaz,1
Dietrich,1
Dieu,1
Dieudonne,1
Diez,1
Dijoux,1
Dion,1
Diop,1
Diot,1
Diouf,1
Doe,1
Dolle,1
Domingues,1
Dominguez,1
Dore,1
Dou,1
Douay,1
Doublet,1
Doucet,1
Doudou,1
Dousset,1
Doux,1
Doyen,1
Drevet,1
Dridi,1
Drouet,1
Drouin,1
Duarte,1
Dub,1
Duboc,1
Dubois,1
Dubos,1
Dubost,1
Dubourg,1
Dubreuil,1
Dubuc,1
Dubuisson,1
Dubus,1
Ducasse,1
Duchamp,1
Duchemin,1
Duchene,1
Duchesne,1
Duclos,1
Ducos,1
Ducret,1
Ducrocq,1
Ducros,1
Ducrot,1
Duez,1
Duflos,1
Duflot,1
Dufosse,1
Dufour,1
Dufresne,1
Dugast,1
Dugue,1
Duhamel,1
Dujardin,1
Dulac,1
Dumon,1
Dumond,1
Dumont,1
Dumortier,1
Dumoulin,1
Duong,1
Dupas,1
Dupin,1
Dupire,1
Dupon,1
Dupond,1
Dupont,1
Dupouy,1
Duprat,1
Dupre,1
Dupres,1
Dupuis,1
Dupuy,1
Duquenne,1
Duquesne,1
Duquesnoy,1
Duran,1
Durand,1
Durant,1
Duret,1
Duriez,1
Dussart,1
Dutertre,1
Dutheil,1
Duthoit,1
Duval,1
Duvivier,1
Ebel,1
Eber,1
Eberhardt,1
Eberle,1
Ebert,1
Ebran,1
Ebrard,1
Echalier,1
Echard,1
Eckert,1
Edde,1
Eddy,1
Edel,1
Edeline,1
Eden,1
Edery,1
Edet,1
Edith,1
Edmond,1
Edon,1
Edouard,1
Edwards,1
Edwige,1
Eeckhout,1
Eeckman,1
Egea,1
Egenschwiller,1
Egloff,1
Ehlinger,1
Ehrhard,1
Ehrhardt,1
Ehrhart,1
Ehrmann,1
Elasri,1
Elbakkali,1
Elbaz,1
Elbaze,1
Elbeze,1
Elea,1
Elena,1
Elfe,1
Elia,1
Eliane,1
Elias,1
Elice,1
Elies,1
Eline,1
Eliot,1
Elisa,1
Elisabeth,1
Elissalde,1
Elkaim,1
Elle,1
Ellena,1
Elleouet,1
Ellul,1
Elmir,1
Eloi,1
Emeriau,1
Emery,1
Emile,1
Emily,1
Emmanuel,1
Emond,1
Emonet,1
Empereur,1
Empis,1
Enard,1
Enaud,1
Enault,1
Encore Moi,1
Encoremoi,1
Enderlin,1
Engel,1
Engelmann,1
Engler,1
Engrand,1
Enguehard,1
Enjalbert,1
Enjolras,1
Ensminger,1
Enzo,1
Eouzan,1
Epaillard,1
Epee,1
Epinat,1
Eraud,1
Erba,1
Erbs,1
Erceau,1
Erdmann,1
Erer,1
Erhard,1
Erie,1
Ernandez,1
Ernest,1
Ernoult,1
Erny,1
Errard,1
Erre,1
Errera,1
Erty,1
Escaffre,1
Escaich,1
Escallier,1
Escande,1
Escartin,1
Eschbach,1
Eschenbrenner,1
Esclapez,1
Escoffier,1
Escolano,1
Escot,1
Escribano,1
Escriva,1
Escuder,1
Escudero,1
Escudie,1
Eskenazi,1
Eslamdoust,1
Esnault,1
Espagnet,1
Espi,1
Espie,1
Espinasse,1
Espinet,1
Espinosa,1
Espitalier,1
Esposito,1
Esquerre,1
Essai,1
Essaidi,1
Esselin,1
Essid,1
Estager,1
Esteban,1
Estebe,1
Estelle,1
Esteves,1
Estevez,1
Esther,1
Estienne,1
Estivalet,1
Estrada,1
Estrade,1
Estrella,1
Etaix,1
Etchart,1
Etchebarne,1
Etcheberry,1
Etchegaray,1
Etcheverry,1
Etheve,1
Ethuin,1
Etienne,1
Etoile,1
Etourneau,1
Etrillard,1
Ette,1
Etter,1
Ettore,1
Ettori,1
Ety,1
Eude,1
Eudeline,1
Eudes,1
Eudier,1
Eugene,1
Eugenie,1
Eustache,1
Euvrard,1
Euzenat,1
Evain,1
Evan,1
Evanno,1
Evano,1
Evans,1
Eveillard,1
Eveille,1
Even,1
Everaert,1
Evesque,1
Evin,1
Evrard,1
Evrat,1
Exbrayat,1
Excoffier,1
Exposito,1
Eychenne,1
Eymery,1
Eynard,1
Eyquem,1
Eyraud,1
Ezzine,1
Fabbri,1
Faber,1
Fabre,1
Fabry,1
Facale,1
Fache,1
Facon,1
Fages,1
Faget,1
Fagot,1
Faivre,1
Falco,1
Fall,1
Fanget,1
Fantino,1
Farah,1
Farcy,1
Fares,1
Farges,1
Fargier,1
Faria,1
Farid,1
Farida,1
Farina,1
Farmer,1
Farrugia,1
Fasquel,1
Fatiha,1
Fatou,1
Faucher,1
Faucheux,1
Faucon,1
Fauconnier,1
Faugere,1
Fauquet,1
Faurie,1
Fauveau,1
Fauvel,1
Fauvet,1
Faux,1
Favier,1
Favre,1
Favreau,1
Fayard,1
Faye,1
Fayolle,1
Febvre,1
Felicite,1
Felix,1
Fer,1
Feraud,1
Ferdinand,1
Feret,1
Ferey,1
Fernand,1
Fernandes,1
Fernandez,1
Feron,1
Ferrand,1
Ferrando,1
Ferrante,1
Ferrara,1
Ferrari,1
Ferreira,1
Ferrere,1
Ferrero,1
Ferret,1
Ferri,1
Ferriere,1
Ferro,1
Ferron,1
Ferry,1
Fert,1
Fery,1
Feuillet,1
Fevre,1
Fevrier,1
Fichet,1
Fichot,1
Fievet,1
Figueiredo,1
Filali,1
Filippi,1
Fillion,1
Fillon,1
Finck,1
Finet,1
Finot,1
Fiore,1
Fiori,1
Firmin,1
Fischer,1
Fitoussi,1
Flahaut,1
Flamand,1
Flamant,1
Flament,1
Flandrin,1
Flavigny,1
Fleur,1
Fleuret,1
Flinois,1
Floch,1
Floquet,1
Flora,1
Flore,1
Florent,1
Florentin,1
Flores,1
Florian,1
Floriane,1
Florin,1
Fofana,1
Folio,1
Follet,1
Folligan,1
Folliot,1
Fonseca,1
Font,1
Fontaine,1
Fontan,1
Fontana,1
Fonteneau,1
Fontenelle,1
Fontes,1
Forest,1
Forestier,1
Foret,1
Forget,1
Fort,1
Forte,1
Fortier,1
Fortin,1
Fosse,1
Foubert,1
Foucart,1
Foucaud,1
Foucault,1
Fouchard,1
Fouche,1
Foucher,1
Fouchet,1
Fouet,1
Fougeray,1
Fougere,1
Fouillet,1
Foulon,1
Fouque,1
Fouques,1
Fouquet,1
Four,1
Fourcade,1
Fourmy,1
Fournel,1
Fournet,1
Fournier,1
Fourny,1
Fourre,1
Fourrier,1
Fox,1
Fradet,1
Fradin,1
Fraise,1
Fraisse,1
Fran,1
Franc,1
France,1
Frances,1
Franceschi,1
Franceschini,1
Franchi,1
Francisco,1
Franck,1
Franco,1
Francois,1
Francoise,1
Frank,1
Frantz,1
Fraysse,1
Fred,1
Freitas,1
Fremaux,1
Frere,1
Freville,1
Frey,1
Friedrich,1
Frison,1
Fritz,1
Froger,1
Froissart,1
Froment,1
Fromentin,1
Fromont,1
Frossard,1
Frouin,1
Fuchs,1
Fuentes,1
Furet,1
Furic,1
Furlan,1
Gabet,1
Gabriel,1
Gachet,1
Gagneux,1
Gagnon,1
Gaillard,1
Gal,1
Galand,1
Gallais,1
Galland,1
Gallard,1
Gallardo,1
Gallego,1
Gallet,1
Gallien,1
Galliot,1
Gallo,1
Gallois,1
Gallot,1
Galmiche,1
Galy,1
Gambier,1
Gandon,1
Garcia,1
Garcin,1
Garde,1
Garin,1
Garnier,1
Garreau,1
Garrido,1
Garrigues,1
Gary,1
Gasnier,1
Gaspar,1
Gaspard,1
Gasser,1
Gaston,1
Gateau,1
Gaubert,1
Gaucher,1
Gaudin,1
Gaudry,1
Gaultier,1
Gauthier,1
Gautier,1
Gauvin,1
Gay,1
Gaye,1
Gayet,1
Geffroy,1
Gehin,1
Gelin,1
Gendre,1
Gendron,1
Genest,1
Geneste,1
Genet,1
Genevieve,1
Genin,1
Gentil,1
Genty,1
Geoffroy,1
George,1
Georges,1
Gerard,1
Gerardin,1
Geraud,1
Gerbaud,1
Gerber,1
Germain,1
Gervais,1
Geslin,1
Gharbi,1
Gibert,1
Gicquel,1
Gil,1
Gilbert,1
Gilet,1
Gillard,1
Gille,1
Gilles,1
Gillet,1
Gillot,1
Gimenez,1
Giner,1
Giordano,1
Girard,1
Girardin,1
Girardot,1
Giraud,1
Giraudet,1
Girault,1
Girod,1
Giroud,1
Giroux,1
Gisele,1
Gloaguen,1
Gobert,1
Gobin,1
Godard,1
Godart,1
Godefroy,1
Godin,1
Goetz,1
Gombert,1
Gomez,1
Goncalves,1
Gonin,1
Gonnet,1
Gonthier,1
Gontier,1
Gonzales,1
Gonzalez,1
Gosse,1
Gosselin,1
Goubet,1
Gouin,1
Goujon,1
Goupil,1
Gourdin,1
Gourdon,1
Gracia,1
Graff,1
Grall,1
Grand,1
Grandin,1
Grandjean,1
Grange,1
Granger,1
Gras,1
Grasset,1
Grau,1
Gravier,1
Greco,1
Green,1
Greg,1
Gregory,1
Grenet,1
Grenier,1
Gressier,1
Griffon,1
Grignon,1
Grillot,1
Grimaldi,1
Grimaud,1
Grimault,1
Grolleau,1
Grondin,1
Gros,1
Grosjean,1
Gross,1
Groult,1
Gruson,1
Guedj,1
Guedon,1
Guegan,1
Guenard,1
Guenot,1
Guerard,1
Gueret,1
Guerin,1
Guerineau,1
Guerreiro,1
Guerrero,1
Guerrier,1
Guery,1
Guesdon,1
Guez,1
Gui,1
Guibert,1
Guichard,1
Guignard,1
Guigui,1
Guilbaud,1
Guilbert,1
Guillaud,1
Guillaume,1
Guille,1
Guillemet,1
Guillemin,1
Guillemot,1
Guillen,1
Guillet,1
Guillo,1
Guillon,1
Guillot,1
Guillou,1
Guilloux,1
Guinet,1
Guinot,1
Guiot,1
Guiraud,1
Guitard,1
Guitton,1
Gutierrez,1
Guy,1
Guyard,1
Guyomard,1
Guyon,1
Guyot,1
Haag,1
Haas,1
Habert,1
Habib,1
Hache,1
Hacquard,1
Haddad,1
Haddou,1
Hadj,1
Hadjadj,1
Hadji,1
Haffner,1
Hagege,1
Hahn,1
Hainaut,1
Hakim,1
Halgand,1
Halimi,1
Halle,1
Haller,1
Hallier,1
Halliwell,1
Halter,1
Hamadi,1
Hamard,1
Hamdaoui,1
Hamdi,1
Hameau,1
Hamel,1
Hamelin,1
Hamida,1
Hamidi,1
Hamm,1
Hammadi,1
Hammami,1
Hammou,1
Hammouche,1
Hammoudi,1
Hamon,1
Hamonic,1
Hamoudi,1
Hamy,1
Hamza,1
Hamzaoui,1
Hanane,1
Hani,1
Hanna,1
Hannequin,1
Hanot,1
Hans,1
Harang,1
Hardouin,1
Hardy,1
Harel,1
Harle,1
Harmand,1
Hart,1
Hartmann,1
Hascoet,1
Hassan,1
Hassani,1
Hauchard,1
Hauchecorne,1
Hauguel,1
Havard,1
Havet,1
Havez,1
Hay,1
Hayat,1
Haye,1
Hays,1
Hazard,1
Hebert,1
Hebrard,1
Hecquet,1
Hector,1
Hedin,1
Heim,1
Heinrich,1
Heintz,1
Heitz,1
Helena,1
Helias,1
Hell,1
Helle,1
Heller,1
Hello,1
Hembert,1
Hemery,1
Hemon,1
Henaff,1
Henault,1
Henin,1
Hennebert,1
Hennequin,1
Hennion,1
Henon,1
Henot,1
Henri,1
Henrion,1
Henriot,1
Henriques,1
Henry,1
Hequet,1
Heraud,1
Herault,1
Herbaut,1
Herbert,1
Herbet,1
Herbin,1
Herisson,1
Heritier,1
Herman,1
Hermand,1
Hermann,1
Hermant,1
Hermet,1
Hernandez,1
Herpin,1
Herrera,1
Herrero,1
Herrmann,1
Herry,1
Herve,1
Hervier,1
Hervieu,1
Hervieux,1
Hervo,1
Hervouet,1
Hervy,1
Hery,1
Herzog,1
Hespel,1
Hess,1
Hesse,1
Heuze,1
Hibon,1
Hidalgo,1
Hilaire,1
Hill,1
Hillairet,1
Hillion,1
Hilton,1
Hirsch,1
Hivert,1
Hoang,1
Hoarau,1
Hoareau,1
Hochard,1
Hochart,1
Hochet,1
Hocquet,1
Hoff,1
Hoffmann,1
Honore,1
Horn,1
Houari,1
Houdart,1
Houdayer,1
Houdin,1
Houel,1
Houillon,1
Houllier,1
Houriez,1
Houssin,1
Houston,1
Houze,1
Huard,1
Huart,1
Huber,1
Hubert,1
Huchet,1
Huck,1
Hue,1
Hueber,1
Huet,1
Hug,1
Hugo,1
Hugon,1
Hugot,1
Huguenin,1
Hugues,1
Huguet,1
Hulin,1
Hulot,1
Humbert,1
Humblot,1
Humeau,1
Humez,1
Huon,1
Huot,1
Hure,1
Hureau,1
Hurel,1
Huret,1
Husser,1
Husson,1
Hutin,1
Huyghe,1
Huynh,1
Iacona,1
Iaconelli,1
Iacono,1
Iafrate,1
Iannello,1
Ianni,1
Iannone,1
Ibanez,1
Ibarra,1
Ibarz,1
Ibba,1
Ibert,1
Ibiza,1
Iborra,1
Ibos,1
Ibouroi,1
Ibrahimi,1
Icard,1
Icardi,1
Icare,1
Icart,1
Ichard,1
Iche,1
Ichou,1
Ichouza,1
Idder,1
Iddir,1
Idee,1
Ider,1
Idez,1
Idiart,1
Idier,1
Idir,1
Idoux,1
Idrac,1
Idres,1
Idri,1
Idris,1
Idriss,1
Idrissi,1
Idrolle,1
Ifrah,1
Igel,1
Igier,1
Iglesias,1
Ignace,1
Igot,1
Ihamouine,1
Ikhlef,1
Ikram,1
Ilacqua,1
Ilham,1
Ilhame,1
Ilhan,1
Ilhem,1
Ilias,1
Ilic,1
Ille,1
Illiano,1
Illien,1
Illig,1
Illouz,1
Illy,1
Iltis,1
Ilunga,1
Iman,1
Imane,1
Imbach,1
Imbaud,1
Imberdis,1
Imbernon,1
Imbert,1
Imbs,1
Imen,1
Imfeld,1
Imhoff,1
Imloul,1
Immele,1
Immery,1
Imparato,1
Impe,1
Imum,1
Inacio,1
Inard,1
Incerti,1
Inco,1
Inconu,1
Inda,1
India,1
Inesta,1
Inette,1
Infante,1
Infantino,1
Infuso,1
Ingals,1
Ingargiola,1
Ingelaere,1
Inghels,1
Inglebert,1
Ingold,1
Ingouf,1
Ingrand,1
Ingrao,1
Ingrassia,1
Ingremeau,1
Iniesta,1
Inizan,1
Innocent,1
Innocenti,1
Intartaglia,1
Inthavong,1
Inutile,1
Invernizzi,1
Inzerillo,1
Ionescu,1
Ioos,1
Iorio,1
Ipek,1
Ippolito,1
Iranzo,1
Irazoqui,1
Iribarne,1
Irigaray,1
Irigoin,1
Irigoyen,1
Irina,1
Irles,1
Irma,1
Isaac,1
Isabel,1
Isac,1
Isaert,1
Isaia,1
Isambourg,1
Isamene,1
Isard,1
Isbled,1
Isel,1
Iselin,1
Isidor,1
Isidore,1
Isis,1
Islam,1
Island,1
Isler,1
Isli,1
Isma,1
Ismail,1
Ismaili,1
Isnard,1
Isnardon,1
Isoard,1
Isoardi,1
Isoardo,1
Isola,1
Israel,1
Issa,1
Issad,1
Issaly,1
Issam,1
Issard,1
Issartel,1
Issartial,1
Issele,1
Isselin,1
Issert,1
Isserte,1
Issler,1
Issolah,1
Istria,1
Italia,1
Itan,1
Itey,1
Ithier,1
Ithurbide,1
Itie,1
Itier,1
Itoua,1
Itri,1
Itsweire,1
Iuhi,1
Iung,1
Ivaldi,1
Ivan,1
Ivanes,1
Ivanov,1
Ivanova,1
Ivanovic,1
Ivars,1
Ivart,1
Iverson,1
Ivillard,1
Ivkovic,1
Ivoula,1
Izabel,1
Izambard,1
Izard,1
Izart,1
Izza,1
Izzo,1
Jabbat,1
Jablonski,1
Jabri,1
Jack,1
Jackson,1
Jacob,1
Jacobs,1
Jacq,1
Jacquard,1
Jacquart,1
Jacque,1
Jacquel,1
Jacquelin,1
Jacquemard,1
Jacquemart,1
Jacquemet,1
Jacquemin,1
Jacquemont,1
Jacquemot,1
Jacquet,1
Jacquier,1
Jacquin,1
Jacquinot,1
Jacquot,1
Jade,1
Jadot,1
Jaeger,1
Jaffre,1
Jager,1
Jaillet,1
Jakubowski,1
Jalabert,1
Jallais,1
Jallet,1
Jamain,1
Jambon,1
Jamet,1
Jamila,1
Jamin,1
Jamme,1
Jammes,1
Jan,1
Jane,1
Janin,1
Jankowski,1
Jannet,1
Jannin,1
Jannot,1
Janot,1
Jansen,1
Janson,1
Janssens,1
Janvier,1
Jany,1
Jardin,1
Jarno,1
Jarrige,1
Jarry,1
Jasmin,1
Jason,1
Jaspart,1
Jaud,1
Jauffret,1
Jaulin,1
Jaunet,1
Jay,1
Jayat,1
Jayet,1
Jeandel,1
Jeanjean,1
Jeanneau,1
Jeannin,1
Jeannot,1
Jeanpierre,1
Jeanson,1
Jeantet,1
Jegat,1
Jego,1
Jegou,1
Jegouzo,1
Jegu,1
Jehan,1
Jehanno,1
Jehl,1
Jennifer,1
Jenny,1
Jeremy,1
Jessy,1
Jestin,1
Jeudy,1
Jeune,1
Jeunet,1
Jezequel,1
Jimenez,1
Joachim,1
Joan,1
Joannes,1
Jobard,1
Jobert,1
Jobin,1
Joel,1
Joffre,1
Joffroy,1
Joguet,1
Johan,1
Johann,1
Johanna,1
John,1
Johnson,1
Joli,1
Jolibois,1
Jolie,1
Jolivel,1
Jollet,1
Jollivet,1
Jolly,1
Joly,1
Jonas,1
Jonathan,1
Joncour,1
Jones,1
Joret,1
Jorge,1
Joris,1
Jose,1
Josephine,1
Josiane,1
Josselin,1
Josserand,1
Josset,1
Josso,1
Jost,1
Josy,1
Jouan,1
Jouanin,1
Jouanne,1
Jouanneau,1
Jouannet,1
Jouault,1
Joubert,1
Jouen,1
Jouenne,1
Jouet,1
Jouhanneau,1
Jouin,1
Joulia,1
Jourdain,1
Jourdan,1
Jourde,1
Journet,1
Journo,1
Jousse,1
Jousseaume,1
Jousselin,1
Jousset,1
Jouve,1
Jouvet,1
Jouvin,1
Jouy,1
Jovanovic,1
Jover,1
Joye,1
Joyeux,1
Juan,1
Jubault,1
Jubert,1
Jubin,1
Judas,1
Jude,1
Juge,1
Juhel,1
Juillard,1
Juillet,1
Juillot,1
Juin,1
Jules,1
Juli,1
Julian,1
Julie,1
Julienne,1
Juliette,1
Jullian,1
Julliard,1
Jullien,1
Jully,1
July,1
Jund,1
Jung,1
Junior,1
Jupin,1
Jurado,1
Juret,1
Juste,1
Juteau,1
Kaas,1
Kaba,1
Kaced,1
Kacem,1
Kaci,1
Kacimi,1
Kaczmarek,1
Kada,1
Kaddour,1
Kaddouri,1
Kader,1
Kadi,1
Kadiri,1
Kadri,1
Kahina,1
Kahn,1
Kaid,1
Kaiser,1
Kakou,1
Kala,1
Kali,1
Kamal,1
Kamara,1
Kaminski,1
Kammerer,1
Kane,1
Kang,1
Kanoute,1
Kant,1
Kante,1
Kanza,1
Kaplan,1
Karam,1
Kari,1
Karimi,1
Karin,1
Karina,1
Karl,1
Karoui,1
Karsenty,1
Kasmi,1
Kassi,1
Kathy,1
Katz,1
Kauffmann,1
Kaya,1
Kayser,1
Kazatsky,1
Kazmierczak,1
Kebe,1
Kehlhoffner,1
Keita,1
Keke,1
Kella,1
Kelly,1
Kempf,1
Kennedy,1
Kennel,1
Kent,1
Kenza,1
Keraudren,1
Keravec,1
Kerbrat,1
Kerdraon,1
Kerebel,1
Kergoat,1
Kerherve,1
Kerhoas,1
Kerjean,1
Kerleau,1
Kerloc H,1
Kerloch,1
Kermarec,1
Kermarrec,1
Kermorvant,1
Kern,1
Kerneis,1
Keromnes,1
Kersulec,1
Kervarec,1
Kervella,1
Kervran,1
Kessler,1
Kesteloot,1
Ketterer,1
Kevin,1
Keys,1
Khadija,1
Khadir,1
Khaldi,1
Khaled,1
Khalfaoui,1
Khalid,1
Khalil,1
Khan,1
Khatir,1
Khayat,1
Khelifa,1
Khelifi,1
Khelil,1
Kheloufi,1
Khemiri,1
Khiari,1
Khiter,1
Khodja,1
Khoualed,1
Khoury,1
Kiawete,1
Kiefer,1
Kieffer,1
Kiehl,1
Kieken,1
Kien,1
Kiener,1
Kientz,1
Kiffer,1
Kihal,1
Kikou,1
Kilic,1
Kilo,1
Kilou,1
Kimmel,1
King,1
Kirch,1
Kirsch,1
Kleber,1
Klein,1
Klingler,1
Klotz,1
Knapp,1
Knecht,1
Knobloch,1
Knockaert,1
Knoll,1
Knowles,1
Koch,1
Kocher,1
Koehl,1
Koehler,1
Koenig,1
Koessler,1
Koffi,1
Kohl,1
Kohler,1
Koita,1
Kolb,1
Koller,1
Konan,1
Konate,1
Kone,1
Kong,1
Konieczny,1
Konte,1
Kopp,1
Kormann,1
Korn,1
Koskas,1
Kouadio,1
Kouame,1
Kouassi,1
Kouki,1
Koukou,1
Kourouma,1
Kovacs,1
Kowal,1
Kowalczyk,1
Kowalski,1
Kozlowski,1
Kraemer,1
Krafft,1
Kraft,1
Kramer,1
Krantz,1
Kratz,1
Kraus,1
Krauss,1
Krawczyk,1
Krebs,1
Kremer,1
Kretz,1
Krief,1
Kriegel,1
Krieger,1
Krier,1
Krim,1
Kris,1
Kritter,1
Krol,1
Ktorza,1
Kubiak,1
Kubler,1
Kuentz,1
Kuhn,1
Kumar,1
Kuntz,1
Kuntzmann,1
Kunz,1
Kurt,1
Kurz,1
Kwiatkowski,1
Labarre,1
Labat,1
Labbe,1
Labelle,1
Laborde,1
Laborie,1
Labrousse,1
Lacaze,1
Lacombe,1
Lacoste,1
Lacour,1
Lafarge,1
Lafargue,1
Lafleur,1
Lafon,1
Lafond,1
Lafont,1
Lagache,1
Lagarde,1
Lagrange,1
Lahaye,1
Laine,1
Lair,1
Lalande,1
Lalanne,1
Lallemand,1
Lallement,1
Lam,1
Lamarque,1
Lambert,1
Lamothe,1
Lamotte,1
Lamour,1
Lamoureux,1
Lamy,1
Landais,1
Landry,1
Lange,1
Langlais,1
Langlois,1
Lannoy,1
Lapeyre,1
Lapierre,1
Laplace,1
Laporte,1
Larcher,1
Laroche,1
Larrieu,1
Larue,1
Lassalle,1
Lasserre,1
Latour,1
Lau,1
Laude,1
Launay,1
Laurens,1
Laurent,1
Lauret,1
Laurie,1
Laval,1
Lavaud,1
Lavergne,1
Lavigne,1
Laville,1
Leal,1
Lebel,1
Lebert,1
Leblanc,1
Leboeuf,1
Lebon,1
Leborgne,1
Leboucher,1
Lebrun,1
Leca,1
Lecat,1
Lecerf,1
Lechat,1
Leclercq,1
Lecocq,1
Lecoeur,1
Lecointe,1
Lecointre,1
Lecompte,1
Lecomte,1
Leconte,1
Lecourt,1
Ledru,1
Lee,1
Lefebvre,1
Lefevre,1
Lefort,1
Lefrancois,1
Legay,1
Leger,1
Legrand,1
Legras,1
Legros,1
Lehmann,1
Lejeune,1
Lelievre,1
Lelong,1
Lem,1
Lemaire,1
Lemaitre,1
Lemarchand,1
Lemay,1
Lemercier,1
Lemesle,1
Lemoine,1
Lemonnier,1
Lenfant,1
Lenglet,1
Lenne,1
Lenoir,1
Lenormand,1
Leo,1
Leon,1
Lepetit,1
Lepine,1
Leprince,1
Lerat,1
Leray,1
Leriche,1
Leroi,1
Lerouge,1
Leroux,1
Leroy,1
Lesage,1
Lescure,1
Leslie,1
Lesueur,1
Letourneur,1
Levasseur,1
Leveque,1
Levesque,1
Levy,1
Lheureux,1
Lhomme,1
Lhuillier,1
Libert,1
Lienard,1
Lim,1
Lima,1
Limousin,1
Lin,1
Lina,1
Line,1
Lion,1
Locatelli,1
Loi,1
Loic,1
Loiseau,1
Loisel,1
Loison,1
Lombard,1
Lombardo,1
Long,1
Longo,1
Lopes,1
Lopez,1
Lorenzo,1
Lorin,1
Loriot,1
Loubet,1
Louis,1
Louise,1
Loup,1
Louvel,1
Louvet,1
Loyer,1
Lozano,1
Lucas,1
Luce,1
Luciani,1
Lucie,1
Lumine,1
Lutz,1
Lux,1
Mace,1
Machado,1
Machin,1
Madec,1
Madi,1
Maes,1
Maeva,1
Magnan,1
Magne,1
Magnier,1
Magnin,1
Mahe,1
Mahieu,1
Maillard,1
Maille,1
Maillet,1
Maillot,1
Maire,1
Maison,1
Maisonneuve,1
Maitre,1
Malet,1
Malherbe,1
Mallet,1
Mama,1
Manceau,1
Mancini,1
Manson,1
Mansouri,1
Mansuy,1
Manuel,1
Mar,1
Marais,1
Marceau,1
Marcel,1
Marchais,1
Marchal,1
Marchand,1
Marche,1
Marchetti,1
Marco,1
Marechal,1
Maret,1
Margot,1
Mari,1
Maria,1
Mariani,1
Marianne,1
Marin,1
Marino,1
Marjorie,1
Marlene,1
Marot,1
Marques,1
Marquet,1
Marquis,1
Mars,1
Marteau,1
Martel,1
Marti,1
Martial,1
Martin,1
Martineau,1
Martinet,1
Martini,1
Martins,1
Marx,1
Mary,1
Mas,1
Masse,1
Masset,1
Massin,1
Masson,1
Massot,1
Mathe,1
Mathey,1
Mathias,1
Mathieu,1
Mathis,1
Mattei,1
Maud,1
Mauduit,1
Mauger,1
Maurel,1
Maurer,1
Maurin,1
Maury,1
May,1
Maya,1
Mayer,1
Mayeur,1
Maze,1
Mazeau,1
Mazet,1
Mazoyer,1
Medina,1
Mehdi,1
Melanie,1
Melin,1
Melo,1
Menager,1
Menard,1
Mendes,1
Mendez,1
Mendy,1
Menu,1
Mer,1
Mercier,1
Merle,1
Merlin,1
Mertz,1
Mery,1
Messaoudi,1
Mestre,1
Metais,1
Metayer,1
Metivier,1
Metz,1
Meunier,1
Meyer,1
Michaud,1
Michaux,1
Michel,1
Michelet,1
Michelle,1
Michon,1
Mickael,1
Mignon,1
Miguel,1
Mike,1
Milan,1
Milano,1
Mille,1
Miller,1
Millet,1
Millon,1
Millot,1
Milon,1
Milou,1
Mimi,1
Mina,1
Minet,1
Miquel,1
Mira,1
Miss,1
Moal,1
Mohamed,1
Moine,1
Moisan,1
Molina,1
Molle,1
Momo,1
Monfort,1
Monier,1
Monin,1
Monique,1
Monnet,1
Monnier,1
Monnot,1
Montagne,1
Montana,1
Monteil,1
Monteiro,1
Montel,1
Monti,1
Montoya,1
Moon,1
Mora,1
Morand,1
Moreau,1
Moreaux,1
Moreira,1
Morel,1
Morelle,1
Moreno,1
Moret,1
Morgan,1
Morice,1
Moriceau,1
Moro,1
Mortier,1
Morvan,1
Moser,1
Motte,1
Mougin,1
Moulin,1
Mounier,1
Mouret,1
Mourier,1
Moussa,1
Moussaoui,1
Mousset,1
Mouton,1
Mulot,1
Munier,1
Munoz,1
Murat,1
Muriel,1
Murielle,1
Mylene,1
Naas,1
Nabet,1
Nabil,1
Nacer,1
Nacera,1
Naceri,1
Naciri,1
Nadal,1
Nadaud,1
Nadeau,1
Nadin,1
Nadir,1
Nadjar,1
Nadji,1
Nagel,1
Nagy,1
Nail,1
Naili,1
Naim,1
Naima,1
Najat,1
Naji,1
Nallet,1
Name,1
Namur,1
Nancy,1
Nani,1
Nanni,1
Nanty,1
Napoli,1
Napolitano,1
Narbonne,1
Narcy,1
Nardi,1
Nardin,1
Nardini,1
Nash,1
Nasr,1
Nasri,1
Nassif,1
Nataf,1
Natali,1
Natalia,1
Nath,1
Nathan,1
Nativel,1
Nauche,1
Naud,1
Naudet,1
Naudin,1
Naudon,1
Nauleau,1
Naulet,1
Navarre,1
Navarrete,1
Navarro,1
Navas,1
Nave,1
Naveau,1
Nawal,1
Nawel,1
Ndebeka,1
Ndiaye,1
Ndoye,1
Neant,1
Neau,1
Nebout,1
Nectoux,1
Nedelec,1
Nedellec,1
Nedjar,1
Neel,1
Neff,1
Neffati,1
Negre,1
Negrel,1
Negro,1
Neige,1
Neil,1
Nelly,1
Nelson,1
Nemo,1
Nenette,1
Neri,1
Neron,1
Nervi,1
Nesme,1
Ness,1
Nestor,1
Neto,1
Nette,1
Neumann,1
Neve,1
Nevers,1
Neveu,1
Neveux,1
Newman,1
Newton,1
Neyret,1
Ngom,1
Ngoma,1
Nguyen,1
Niakate,1
Niang,1
Nicaise,1
Nice,1
Nicodeme,1
Nicol,1
Nicola,1
Nicolai,1
Nicolas,1
Nicolau,1
Nicolay,1
Nicoleau,1
Nicolet,1
Nicoli,1
Nicolini,1
Nicollet,1
Nicolo,1
Nicot,1
Niel,1
Nieto,1
Night,1
Nigon,1
Nikolic,1
Nina,1
Nine,1
Nino,1
Ninou,1
Nion,1
Nique,1
Niquet,1
Nivault,1
Nivelle,1
Nivert,1
Nivesse,1
Nivet,1
Nizard,1
Noble,1
Noblet,1
Nocera,1
Noe,1
Noel,1
Noella,1
Nogier,1
Nogue,1
Nogueira,1
Noguera,1
Nogues,1
Noir,1
Noirault,1
Noire,1
Noiret,1
Noirot,1
Noisette,1
Noizet,1
Nollet,1
Nolot,1
Norbert,1
Nore,1
Noret,1
Normand,1
Nortier,1
Notin,1
Noto,1
Notte,1
Nouaille,1
Nouar,1
Nouchet,1
Nouet,1
Noui,1
Nour,1
Noura,1
Nouri,1
Nourry,1
Noury,1
Nous,1
Nouveau,1
Nouvel,1
Nouzille,1
Nova,1
Novak,1
Nove,1
Novelli,1
Nowak,1
Nowakowski,1
Nowicki,1
Noyer,1
Noyon,1
Nucci,1
Nugues,1
Nunes,1
Nunez,1
Nurdin,1
Nury,1
Nuss,1
Nussbaum,1
Obadia,1
Ober,1
Obergfell,1
Oberle,1
Oberlin,1
Obert,1
Oberti,1
Oberto,1
Obin,1
Objois,1
Oblet,1
Obrecht,1
Obriot,1
Obry,1
Ocana,1
Occelli,1
Occhipinti,1
Ocean,1
Oceane,1
Ochem,1
Ochs,1
Odent,1
Odet,1
Odic,1
Odier,1
Odin,1
Odinot,1
Odiot,1
Oeuvrard,1
Offe,1
Offner,1
Offredo,1
Offret,1
Offroy,1
Oger,1
Oget,1
Ogez,1
Ogier,1
Ogor,1
Ohana,1
Ohanian,1
Oheix,1
Ohlmann,1
Oillic,1
Ojeda,1
Olagnon,1
Olejniczak,1
Oleron,1
Olfa,1
Olier,1
Oliger,1
Olivares,1
Olive,1
Oliveira,1
Oliver,1
Olivera,1
Oliveri,1
Olivero,1
Olivet,1
Olivia,1
Olivie,1
Olivier,1
Olivieri,1
Oliviero,1
Olivo,1
Ollagnier,1
Ollier,1
Ollivier,1
Olmeta,1
Olmos,1
Olry,1
Olsen,1
Olympio,1
Omaier,1
Omar,1
Omari,1
Omnes,1
Omont,1
Ondet,1
Ondo,1
Onfray,1
Onfroy,1
Onillon,1
Onno,1
Opigez,1
Oran,1
Orange,1
Orazi,1
Orban,1
Orcel,1
Ordonez,1
Ordonneau,1
Ordronneau,1
Orel,1
Orengo,1
Orhan,1
Orhant,1
Oria,1
Oriane,1
Orieux,1
Oriol,1
Orion,1
Orlandi,1
Orlandini,1
Orlando,1
Orlane,1
Orlow,1
Ornella,1
Orozco,1
Orru,1
Orsat,1
Orsi,1
Orsini,1
Orsoni,1
Ortega,1
Ortet,1
Orth,1
Ortis,1
Ortiz,1
Ortola,1
Orts,1
Ortu,1
Ortuno,1
Orvain,1
Ory,1
Oscar,1
Osman,1
Osmani,1
Osmont,1
Osorio,1
Ospital,1
Ossart,1
Osswald,1
Oster,1
Ostertag,1
Ostrowski,1
Oswald,1
Otero,1
Otmani,1
Ottavi,1
Ottaviani,1
Otto,1
Ouadah,1
Ouadi,1
Ouahab,1
Ouahbi,1
Ouaknine,1
Ouali,1
Oualid,1
Ouaret,1
Ouari,1
Ouarti,1
Ouasti,1
Ouattara,1
Ouazene,1
Ouaziz,1
Ouazzani,1
Ouchen,1
Oudard,1
Oudart,1
Oudet,1
Oudin,1
Oudoire,1
Oudot,1
Ouedraogo,1
Ouellet,1
Ouerghi,1
Ouertani,1
Oueslati,1
Ougier,1
Ouidir,1
Ouille,1
Ouillon,1
Oukaci,1
Ould,1
Oules,1
Oulhaci,1
Oulhen,1
Ounas,1
Ounette,1
Ourabah,1
Ourich,1
Oursel,1
Oury,1
Ousset,1
Outin,1
Outrequin,1
Ouvrard,1
Ouvry,1
Ovide,1
Owen,1
Ozanne,1
Ozdemir,1
Ozenne,1
Ozier,1
Oziol,1
Ozkan,1
Ozouf,1
Ozturk,1
Pacaud,1
Pace,1
Pacheco,1
Page,1
Pages,1
Paget,1
Paillard,1
Paillet,1
Pain,1
Pajot,1
Palma,1
Pannetier,1
Paoli,1
Papillon,1
Papin,1
Papon,1
Paquet,1
Paradis,1
Pare,1
Parent,1
Parisot,1
Parker,1
Parmentier,1
Parra,1
Parvu,1
Pascual,1
Pasquet,1
Pasquier,1
Pastor,1
Pat,1
Patin,1
Patrice,1
Patry,1
Patte,1
Paulet,1
Paulin,1
Paulus,1
Pauly,1
Paumier,1
Payen,1
Payet,1
Pean,1
Pech,1
Pedro,1
Pedron,1
Peixoto,1
Pele,1
Pelissier,1
Pelle,1
Pellegrin,1
Pellegrino,1
Pellerin,1
Pellet,1
Pelletier,1
Peltier,1
Pena,1
Penin,1
Pennec,1
Penot,1
Pepin,1
Perard,1
Peres,1
Perez,1
Perin,1
Pernet,1
Pernin,1
Pernot,1
Perot,1
Perraud,1
Perrault,1
Perreau,1
Perret,1
Perrier,1
Perrin,1
Perrine,1
Perron,1
Perrot,1
Perry,1
Person,1
Peter,1
Petiot,1
Petit,1
Petite,1
Petitjean,1
Peyrat,1
Peyre,1
Peyron,1
Peyrot,1
Pfeiffer,1
Pham,1
Phan,1
Phil,1
Philibert,1
Philip,1
Philippe,1
Philippon,1
Philippot,1
Piat,1
Piazza,1
Pic,1
Picard,1
Picart,1
Picaud,1
Pichard,1
Pichon,1
Pichot,1
Picot,1
Pierrat,1
Pierre,1
Pierron,1
Pierrot,1
Pierson,1
Pietri,1
Pigeon,1
Pilet,1
Pillon,1
Pilon,1
Pin,1
Pinard,1
Pinaud,1
Pinault,1
Pineau,1
Pinel,1
Pinet,1
Pinheiro,1
Pinon,1
Pinot,1
Pinson,1
Pinto,1
Pion,1
Piot,1
Piquet,1
Pires,1
Piron,1
Piton,1
Place,1
Planchon,1
Plessis,1
Pochon,1
Podevin,1
Poi,1
Poinsot,1
Point,1
Poiret,1
Poirier,1
Poirot,1
Poisson,1
Poitevin,1
Pol,1
Poli,1
Pollet,1
Pomme,1
Pommier,1
Ponce,1
Poncelet,1
Poncet,1
Pons,1
Pont,1
Popo,1
Porcher,1
Poret,1
Portal,1
Porte,1
Portier,1
Potel,1
Potier,1
Potin,1
Potter,1
Pottier,1
Pouet,1
Pouget,1
Poulain,1
Poulin,1
Pouliquen,1
Poupard,1
Pouvreau,1
Pradel,1
Pradier,1
Prat,1
Praud,1
Prevost,1
Prevot,1
Prieur,1
Prin,1
Prince,1
Privat,1
Prive,1
Prost,1
Prot,1
Proust,1
Provost,1
Prud Homme,1
Prudent,1
Prudhomme,1
Prunier,1
Pruvost,1
Pruvot,1
Puech,1
Puig,1
Pujol,1
Qamouch,1
Quach,1
Quadri,1
Quaghebeur,1
Quaglia,1
Quaglio,1
Quan,1
Quandalle,1
Quantin,1
Quaranta,1
Quarante,1
Quaresma,1
Quarez,1
Quarre,1
Quatre,1
Quatrelivre,1
Quatrevaux,1
Quattrocchi,1
Quattrone,1
Quattrucci,1
Queant,1
Queau,1
Quebre,1
Quedeville,1
Queffelec,1
Queffeulou,1
Queguiner,1
Quehen,1
Queijo,1
Queinnec,1
Queiros,1
Queiroz,1
Quelard,1
Quelderie,1
Quelen,1
Quelennec,1
Quelin,1
Quellard,1
Quellec,1
Quellet,1
Quellier,1
Quelo,1
Quelque Chose,1
Quelquechose,1
Quelquejeu,1
Quemar,1
Quemard,1
Quemener,1
Quemeneur,1
Quemerais,1
Quemere,1
Quemin,1
Quemy,1
Quenard,1
Quenardel,1
Quenault,1
Quenea,1
Quenec H,1
Quenehen,1
Quenet,1
Quenette,1
Queniart,1
Queniau,1
Quenin,1
Quennehen,1
Quennesson,1
Quenneville,1
Quenon,1
Quenot,1
Quenouille,1
Quenoy,1
Quenson,1
Quentel,1
Quentin,1
Quentric,1
Quenu,1
Quenum,1
Quer,1
Querard,1
Querat,1
Quercia,1
Quercy,1
Quere,1
Querel,1
Queret,1
Queric,1
Quero,1
Querol,1
Queron,1
Querou,1
Querre,1
Querrec,1
Querry,1
Quersin,1
Quertier,1
Queru,1
Queruel,1
Query,1
Quesada,1
Quesne,1
Quesney,1
Quesnot,1
Quesnoy,1
Quessada,1
Quesson,1
Queste,1
Questel,1
Questiaux,1
Question,1
Questroy,1
Quet,1
Quetard,1
Quetel,1
Quetelard,1
Quetier,1
Quetin,1
Quettier,1
Quetu,1
Queuche,1
Queva,1
Queval,1
Quevilly,1
Quevreux,1
Quevy,1
Queyrel,1
Queyroi,1
Queyssalier,1
Quibel,1
Quiblier,1
Quichaud,1
Quide,1
Quideau,1
Quie,1
Quievreux,1
Quignard,1
Quignon,1
Quiles,1
Quilez,1
Quilfen,1
Quilichini,1
Quilici,1
Quille,1
Quillec,1
Quillere,1
Quilleret,1
Quillet,1
Quillevere,1
Quillien,1
Quillier,1
Quilliet,1
Quillin,1
Quilliot,1
Quilliou,1
Quillivic,1
Quily,1
Quin,1
Quinard,1
Quinart,1
Quincampoix,1
Quinchon,1
Quincy,1
Quinet,1
Quinette,1
Quinio,1
Quiniou,1
Quinnez,1
Quinol,1
Quinones,1
Quinot,1
Quinquis,1
Quinsac,1
Quinson,1
Quint,1
Quinta,1
Quintana,1
Quintane,1
Quintard,1
Quintas,1
Quintela,1
Quintero,1
Quinto,1
Quintric,1
Quinty,1
Quinzin,1
Quioc,1
Quiot,1
Quiquemelle,1
Quiquempoix,1
Quiquet,1
Quiri,1
Quirin,1
Quirion,1
Quistinit,1
Quistrebert,1
Quittard,1
Quittet,1
Quiviger,1
Quivy,1
Quoniam,1
Quoniou,1
Rabier,1
Rachid,1
Rachida,1
Racine,1
Raffin,1
Ragot,1
Rahal,1
Rahmani,1
Raimbault,1
Raimond,1
Raison,1
Rakoto,1
Rami,1
Ramirez,1
Ramond,1
Ramos,1
Rannou,1
Raoul,1
Raoult,1
Rapin,1
Rapp,1
Rateau,1
Ratel,1
Raulin,1
Raux,1
Ravel,1
Ravet,1
Ravier,1
Ray,1
Raymond,1
Raynal,1
Raynaud,1
Real,1
Realce,1
Reboul,1
Redon,1
Regine,1
Regis,1
Regnault,1
Regnier,1
Reignier,1
Reine,1
Reis,1
Remi,1
Remoi,1
Remond,1
Remy,1
Renard,1
Renaud,1
Renaudin,1
Renault,1
Renaut,1
Renaux,1
Renee,1
Renier,1
Reno,1
Renon,1
Renou,1
Renouf,1
Renoux,1
Rere,1
Revel,1
Reverdy,1
Revol,1
Rey,1
Reyes,1
Reymond,1
Reynaud,1
Reynier,1
Riahi,1
Ribeiro,1
Ribet,1
Ribiere,1
Ribot,1
Ricard,1
Ricaud,1
Ricci,1
Richaud,1
Riche,1
Richer,1
Richert,1
Richet,1
Richez,1
Rico,1
Ricou,1
Ridel,1
Riera,1
Rieu,1
Rigal,1
Rigaud,1
Rigault,1
Rigaux,1
Rigot,1
Rimbaud,1
Rinaldi,1
Ringot,1
Riou,1
Rioux,1
Ripert,1
Ripoll,1
Riquier,1
Ritter,1
Ritz,1
Rivas,1
Rivera,1
Rives,1
Rivet,1
Riviere,1
Rivoire,1
Rizzo,1
Robbe,1
Robert,1
Robic,1
Robillard,1
Robin,1
Robine,1
Robineau,1
Robinet,1
Robles,1
Roblin,1
Roca,1
Rocca,1
Roch,1
Rocha,1
Rochard,1
Rocher,1
Rochet,1
Rochette,1
Rodier,1
Rodrigues,1
Rodriguez,1
Rogier,1
Roig,1
Roland,1
Rolin,1
Rolland,1
Rollet,1
Roman,1
Romano,1
Rome,1
Romeo,1
Romero,1
Ronaldo,1
Rondeau,1
Roque,1
Roques,1
Ros,1
Rosa,1
Rose,1
Rosier,1
Rosset,1
Rossi,1
Rossignol,1
Rosso,1
Rota,1
Rouanet,1
Rouault,1
Roubaud,1
Rouby,1
Rouchon,1
Roudaut,1
Roue,1
Rouet,1
Rouge,1
Rouget,1
Rougier,1
Rouillard,1
Rouille,1
Rouillon,1
Rouland,1
Roulet,1
Roulland,1
Rouquet,1
Rouquette,1
Rousseau,1
Rousseaux,1
Roussel,1
Rousselet,1
Rousselin,1
Rousselle,1
Rousselot,1
Rousset,1
Roussin,1
Routier,1
Rouviere,1
Roux,1
Rouxel,1
Rouyer,1
Rouze,1
Roy,1
Royer,1
Ruault,1
Rubin,1
Rubio,1
Ruel,1
Ruet,1
Ruffin,1
Ruiz,1
Russo,1
Ryan,1
Saad,1
Saada,1
Saadi,1
Sab,1
Sabatier,1
Sabine,1
Sabri,1
Saby,1
Sadi,1
Saez,1
Sage,1
Saget,1
Sagot,1
Sahli,1
Sahraoui,1
Said,1
Saidi,1
Saillard,1
Sala,1
Salah,1
Salas,1
Salem,1
Sales,1
Salgado,1
Salhi,1
Salima,1
Salin,1
Salingue,1
Saliou,1
Sall,1
Salles,1
Salmi,1
Salmon,1
Salome,1
Salomon,1
Salvador,1
Salvi,1
Samba,1
Sami,1
Samia,1
Samir,1
Samira,1
Samson,1
Samuel,1
Samy,1
Sana,1
Sanchez,1
Sand,1
Sandy,1
Sangare,1
Sannier,1
Sanson,1
Santerre,1
Santiago,1
Santoni,1
Santoro,1
Santos,1
Sanz,1
Sapin,1
Sarazin,1
Sarfati,1
Sarr,1
Sarrazin,1
Sartori,1
Sassi,1
Saulnier,1
Saunier,1
Sauvage,1
Savary,1
Savin,1
Savoye,1
Sayah,1
Schaeffer,1
Scherer,1
Scherrer,1
Schmidt,1
Schmit,1
Schmitt,1
Schmitz,1
Schott,1
Schultz,1
Schwab,1
Schwartz,1
Schweitzer,1
Scott,1
Scotto,1
Sebag,1
Sebastien,1
Sebban,1
Sebert,1
Seck,1
Segard,1
Seguin,1
Segura,1
Seguy,1
Seigneur,1
Seiler,1
Sellam,1
Sellier,1
Sene,1
Senechal,1
Seng,1
Serge,1
Sergent,1
Serin,1
Serra,1
Serrano,1
Serre,1
Serres,1
Servais,1
Servant,1
Sery,1
Seve,1
Severin,1
Sevestre,1
Sevin,1
Sibille,1
Sicard,1
Sicot,1
Sidibe,1
Sierra,1
Silva,1
Silvestre,1
Sim,1
Simeon,1
Simo,1
Simoes,1
Simon,1
Simonet,1
Simonin,1
Simonneau,1
Simonnet,1
Simpson,1
Singer,1
Sion,1
Sire,1
Sissoko,1
Slimani,1
Smadja,1
Smith,1
Soares,1
Sofia,1
Sol,1
Sola,1
Solange,1
Sole,1
Soleil,1
Soler,1
Solignac,1
Soltani,1
Sommer,1
Soraya,1
Sorel,1
Soria,1
Soriano,1
Sorin,1
Soto,1
Souad,1
Souchet,1
Soufflet,1
Souki,1
Soula,1
Soulard,1
Soulas,1
Soulie,1
Soum,1
Soumare,1
Souris,1
Sousa,1
Sow,1
Soyer,1
Soyez,1
Spears,1
Star,1
Staroviec,1
Staub,1
Stef,1
Stefani,1
Stein,1
Steiner,1
Steinmetz,1
Stella,1
Steph,1
Stephan,1
Stephanie,1
Stoll,1
Suarez,1
Sueur,1
Suire,1
Sultan,1
Summers,1
Super,1
Sutter,1
Suzanne,1
Sylla,1
Sylvain,1
Sylvestre,1
Sylvia,1
Sylviane,1
Szymanski,1
Tabard,1
Tabary,1
Tabet,1
Tabouret,1
Taddei,1
Taffin,1
Taha,1
Tahar,1
Tahiri,1
Tahon,1
Tahri,1
Taieb,1
Taillard,1
Taillefer,1
Taine,1
Taing,1
Talbi,1
Taleb,1
Tall,1
Tallec,1
Talon,1
Tan,1
Tang,1
Tanghe,1
Taquet,1
Tara,1
Tardieu,1
Tardif,1
Tardivel,1
Tardy,1
Tari,1
Tassart,1
Tassel,1
Tassin,1
Tastet,1
Tatiana,1
Taupin,1
Tauzin,1
Tavares,1
Taverne,1
Taylor,1
Tazi,1
Teboul,1
Techer,1
Tedesco,1
Teillet,1
Teisseire,1
Teissier,1
Teixeira,1
Telle,1
Tellier,1
Telliez,1
Telmart,1
Templier,1
Ternisien,1
Terrasse,1
Terrasson,1
Terrier,1
Tessier,1
Tesson,1
Testa,1
Testard,1
Testu,1
Tetard,1
Tetart,1
Tetu,1
Texier,1
Teyssier,1
Thai,1
Thauvin,1
Thebaud,1
Thebault,1
Thellier,1
Theodore,1
Thepaut,1
Theret,1
Theron,1
Thery,1
Thevenard,1
Thevenet,1
Thevenin,1
Thevenon,1
Thevenot,1
Thiam,1
Thibaud,1
Thibaudeau,1
Thibault,1
Thibaut,1
Thibert,1
Thiebault,1
Thiebaut,1
Thiel,1
Thierry,1
Thiery,1
Thil,1
Thill,1
Thion,1
Thiriet,1
Thirion,1
Thiry,1
Thomann,1
Thomas,1
Thomasse,1
Thomasset,1
Thomassin,1
Thomine,1
Thorel,1
Thorez,1
Thouvenin,1
Thouvenot,1
Thuilliez,1
Tiberghien,1
Tiffany,1
Tillet,1
Tillier,1
Timmerman,1
Tina,1
Tine,1
Tintin,1
Tiphaine,1
Tirel,1
Tison,1
Tisserand,1
Tisserant,1
Tissot,1
Tite,1
Tixier,1
Tomas,1
Tomasi,1
Tomasini,1
Tonin,1
Tonneau,1
Tonnelier,1
Tonnellier,1
Tordjman,1
Torre,1
Torres,1
Tosello,1
Tosi,1
Touati,1
Touboul,1
Touchard,1
Touche,1
Touitou,1
Toullec,1
Toulon,1
Toulouse,1
Toumi,1
Tounsi,1
Toupin,1
Tour,1
Tourbier,1
Toure,1
Touret,1
Tournadre,1
Tournay,1
Tourneur,1
Tourneux,1
Tournois,1
Touron,1
Toutain,1
Touze,1
Touzet,1
Trabelsi,1
Tralala,1
Tran,1
Tranchand,1
Tranchant,1
Traore,1
Travers,1
Travert,1
Treguer,1
Treille,1
Tremblay,1
Tremel,1
Trevisan,1
Triboulet,1
Tribout,1
Tricard,1
Trichet,1
Tricoire,1
Trinh,1
Triquet,1
Tritz,1
Troadec,1
Trochet,1
Troll,1
Tron,1
Troubat,1
Trouche,1
Trouillet,1
Trouve,1
Truchet,1
Truchot,1
Truong,1
Tual,1
Tuil,1
Tupin,1
Turc,1
Turmel,1
Ubaldi,1
Ubbiali,1
Ubeda,1
Uber,1
Uberquoi,1
Ubert,1
Ubertalli,1
Uberti,1
Ubrette,1
Ubrig,1
Ucar,1
Ucay,1
Ucciani,1
Ucha,1
Uchard,1
Uche,1
Uchiha,1
Uchiwa,1
Uckman,1
Uddin,1
Udin,1
Udino,1
Udot,1
Udroiu,1
Udron,1
Udry,1
Ueberschlag,1
Uettwiller,1
Ufarte,1
Uffren,1
Ugartemendia,1
Ugena,1
Uger,1
Uggeri,1
Ugolini,1
Uguen,1
Uguet,1
Uhart,1
Uhel,1
Uhlen,1
Uhlerich,1
Uhlrich,1
Uhmann,1
Uhring,1
Uhry,1
Uhuh,1
Uiber,1
Uiop,1
Uiui,1
Uiuiu,1
Ulas,1
Ulatowski,1
Ulbrich,1
Uldry,1
Uleri,1
Ulian,1
Uliana,1
Ulin,1
Ulliel,1
Ullindah,1
Ullmann,1
Ulloa,1
Ulmann,1
Ulmer,1
Ulmet,1
Ulpat,1
Ulrich,1
Ulvoas,1
Umbdenstock,1
Umutesi,1
Unal,1
Undostres,1
Uneau,1
Unger,1
Unia,1
Unknow,1
Unlu,1
Untel,1
Untereiner,1
Unternaehrer,1
Unternehr,1
Unterreiner,1
Untersinger,1
Unver,1
Unvoas,1
Unvois,1
Uonh,1
Uppiah,1
Ural,1
Uras,1
Urbain,1
Urban,1
Urbanc,1
Urbanczyk,1
Urbanek,1
Urbani,1
Urbaniack,1
Urbaniak,1
Urbano,1
Urbanowski,1
Urbanski,1
Urbe,1
Urbes,1
Urbie,1
Urbin,1
Urbinati,1
Urbino,1
Urcel,1
Urcun,1
Urdiales,1
Urena,1
Urfalino,1
Urgese,1
Urgin,1
Uriac,1
Urias,1
Uribe,1
Uricher,1
Urier,1
Uriet,1
Uriko,1
Urios,1
Uriot,1
Urli,1
Urnecli,1
Uros,1
Urquia,1
Urquiza,1
Urraca,1
Urroz,1
Urrutia,1
Urrutigoity,1
Ursat,1
Ursch,1
Urschel,1
Ursella,1
Ursenbach,1
Ursin,1
Urso,1
Ursule,1
Ursulet,1
Urtado,1
Urtiaga,1
Urtizberea,1
Urtizverea,1
Urvois,1
Urvoy,1
Urzedowski,1
Usai,1
Usal,1
Usala,1
Usan,1
Usannaz,1
Usciati,1
Usclade,1
Usclat,1
Ussai,1
Ussard,1
Usseglio,1
Ussel,1
Usselmann,1
Usson,1
Usta,1
Ustariz,1
Ustarroz,1
Uster,1
Ustun,1
Usubelli,1
Usul,1
Usureau,1
Utard,1
Utchigadoo,1
Uteza,1
Utilisateur,1
Utrera,1
Uttenweiler,1
Utter,1
Utut,1
Utzmann,1
Uvalle,1
Uwimana,1
Uyanik,1
Uyar,1
Uyguyg,1
Uyiftyui,1
Uysal,1
Uytr,1
Uytre,1
Uytt,1
Uytterhaegen,1
Uyttersprot,1
Uzac,1
Uzan,1
Uzel,1
Uzes,1
Uzumaki,1
Uzun,1
Uzureau,1
Uzzan,1
Uzzo,1
Vache,1
Vachet,1
Vachon,1
Vagner,1
Vaillant,1
Val,1
Valade,1
Valat,1
Valdenaire,1
Valente,1
Valenti,1
Valentin,1
Valenza,1
Valery,1
Valet,1
Valette,1
Valin,1
Valla,1
Vallade,1
Vallat,1
Valle,1
Vallee,1
Valles,1
Vallet,1
Vallier,1
Vallin,1
Vallois,1
Vallon,1
Valot,1
Valverde,1
Valy,1
Van,1
Vandaele,1
Vandamme,1
Vandenberghe,1
Vandenbroucke,1
Vandenbussche,1
Vandeville,1
Vandevoorde,1
Vandewalle,1
Vanel,1
Vang,1
Vanhoutte,1
Vanhove,1
Varela,1
Varenne,1
Vargas,1
Varin,1
Varlet,1
Varnier,1
Vasquez,1
Vassal,1
Vasse,1
Vasseur,1
Vauthier,1
Vautier,1
Vautrin,1
Vavasseur,1
Vaxelaire,1
Vaysse,1
Vaz,1
Vazquez,1
Veau,1
Vedel,1
Vedrenne,1
Vedrine,1
Vega,1
Veillon,1
Velay,1
Vella,1
Velly,1
Venet,1
Venot,1
Ventura,1
Venturini,1
Venus,1
Verbeeck,1
Verbeke,1
Vercruysse,1
Verdier,1
Verdon,1
Verdu,1
Veret,1
Verger,1
Verges,1
Vergez,1
Vergnaud,1
Vergne,1
Verhaeghe,1
Verin,1
Verite,1
Verlet,1
Vermeersch,1
Vermersch,1
Vermeulen,1
Vermorel,1
Vernay,1
Verne,1
Vernet,1
Verneuil,1
Vernhes,1
Vernier,1
Vernon,1
Vero,1
Veron,1
Verove,1
Verrier,1
Verstraete,1
Vert,1
Verte,1
Verwaerde,1
Very,1
Vetter,1
Veyret,1
Veyrier,1
Veyssiere,1
Vial,1
Viala,1
Vialle,1
Viallet,1
Viana,1
Viard,1
Viau,1
Viaud,1
Vibert,1
Vicente,1
Victoire,1
Victor,1
Victoria,1
Vidal,1
Videau,1
Vie,1
Vieillard,1
Vieille,1
Vieira,1
Viel,1
Vienne,1
Vieville,1
Vigier,1
Vignal,1
Vignaud,1
Vigne,1
Vigneau,1
Vigneron,1
Vignes,1
Vignon,1
Vigouroux,1
Vigreux,1
Viguie,1
Viguier,1
Vila,1
Vilain,1
Villa,1
Villain,1
Villard,1
Villatte,1
Villaume,1
Ville,1
Villedieu,1
Villegas,1
Villemin,1
Villers,1
Villet,1
Villette,1
Villiers,1
Vimont,1
Vince,1
Vinci,1
Vinet,1
Vinot,1
Vinson,1
Viola,1
Violet,1
Violette,1
Viollet,1
Vion,1
Viot,1
Viret,1
Viricel,1
Virot,1
Viry,1
Visse,1
Vital,1
Vitale,1
Vitali,1
Vitry,1
Vitse,1
Vives,1
Vivet,1
Viviane,1
Vivien,1
Vivier,1
Vogel,1
Voirin,1
Voisin,1
Volle,1
Voyer,1
Vrignaud,1
Vuillaume,1
Vuillemin,1
Wable,1
Wach,1
Wack,1
Wacker,1
Wade,1
Wadel,1
Wadoux,1
Waechter,1
Waeles,1
Wagner,1
Wagon,1
Wague,1
Waguet,1
Wahbi,1
Wahid,1
Wahl,1
Walch,1
Walczak,1
Wald,1
Wali,1
Walid,1
Walker,1
Wall,1
Wallace,1
Wallart,1
Walle,1
Wallen,1
Waller,1
Wallerand,1
Wallet,1
Wallez,1
Wallois,1
Wallon,1
Wallyn,1
Walter,1
Walther,1
Waltz,1
Wambre,1
Wane,1
Wang,1
Wanner,1
Wantiez,1
Wantz,1
Waquet,1
Ward,1
Warembourg,1
Wargnier,1
Warin,1
Warlop,1
Warme,1
Warner,1
Warnet,1
Warnier,1
Waroquier,1
Waroux,1
Warren,1
Wartel,1
Wasselin,1
Wasser,1
Wassmer,1
Wasson,1
Watbled,1
Watel,1
Waterlot,1
Watier,1
Watine,1
Watremez,1
Watrin,1
Watson,1
Watt,1
Wattebled,1
Wattel,1
Watterlot,1
Wattez,1
Wattiau,1
Wattier,1
Wattiez,1
Wattrelot,1
Wauquier,1
Wauters,1
Wauthier,1
Wavelet,1
Wavrant,1
Wawrzyniak,1
Waxin,1
Wayne,1
Weber,1
Wecker,1
Wehrle,1
Weibel,1
Weidmann,1
Weil,1
Weiler,1
Weill,1
Wein,1
Weis,1
Weiss,1
Weisse,1
Weisser,1
Welker,1
Wells,1
Welsch,1
Wendy,1
Wenger,1
Wenzel,1
Wepierre,1
Weppe,1
Werbrouck,1
Werle,1
Werner,1
Wernert,1
Wernet,1
Werquin,1
Wery,1
West,1
Westelynck,1
Westrelin,1
Wetzel,1
Weyland,1
White,1
Wiart,1
Wibaut,1
Wicart,1
Wicke,1
Wicker,1
Widehem,1
Widmer,1
Wieczorek,1
Wiederkehr,1
Wilbert,1
Wilhelm,1
Wilk,1
Will,1
Willaert,1
Willaume,1
Willay,1
Willefert,1
Willem,1
Willemin,1
Willemot,1
Willems,1
Willer,1
Willerval,1
William,1
Williame,1
Williams,1
Willig,1
Williot,1
Willis,1
Willmann,1
Willot,1
Willy,1
Wilmart,1
Wilmet,1
Wilmot,1
Wilquin,1
Wils,1
Wilson,1
Wimmer,1
Winckel,1
Windels,1
Winkler,1
Winter,1
Winterhalter,1
Winterstein,1
Wintz,1
Wioland,1
Wion,1
Wirth,1
Wirtz,1
Wisniewski,1
Wiss,1
Witczak,1
Witkowski,1
Wittmann,1
Wittmer,1
Wlodarczyk,1
Wojciechowski,1
Wojcik,1
Wolf,1
Wolfer,1
Wolff,1
Woman,1
Wong,1
Wood,1
Woods,1
Woog,1
Wouters,1
Wozniak,1
Wozny,1
Wright,1
Wroblewski,1
Wrona,1
Wuillot,1
Wurth,1
Wurtz,1
Wyart,1
Wypych,1
Wysocki,1
Wyss,1
Xambeu,1
Xana,1
Xancho,1
Xander,1
Xans,1
Xantippe,1
Xara,1
Xardel,1
Xavary,1
Xavi,1
Xavier,1
Xaviera,1
Xaviere,1
Xaxa,1
Xech,1
Xela,1
Xemard,1
Xena,1
Xenakis,1
Xercavins,1
Xeres,1
Xerri,1
Xiao,1
Xiberras,1
Xicola,1
Xila,1
Xillo,1
Xima,1
Ximena,1
Ximenes,1
Ximenez,1
Ximenis,1
Xing,1
Xion,1
Xiong,1
Xisto,1
Xman,1
Xmas,1
Xolin,1
Xorgh,1
Xosanavongsa,1
Xoual,1
Xoxox,1
Xuan,1
Xuereb,1
Xueref,1
Xxyy,1
Yaba,1
Yachir,1
Yacono,1
Yacoub,1
Yacoubi,1
Yade,1
Yadel,1
Yadelajoie,1
Yadi,1
Yael,1
Yaelle,1
Yaffa,1
Yafi,1
Yager,1
Yagou,1
Yagoub,1
Yagoubi,1
Yague,1
Yahaya,1
Yahi,1
Yahia Cherif,1
Yahia,1
Yahiaoui,1
Yahimi,1
Yahmi,1
Yahou,1
Yahya,1
Yahyaoui,1
Yaich,1
Yaiche,1
Yaici,1
Yakan,1
Yakhelef,1
Yakhlef,1
Yakoub,1
Yakouben,1
Yakovenko,1
Yala,1
Yalaoui,1
Yalap,1
Yalcin,1
Yamani,1
Yameogo,1
Yami,1
Yamin,1
Yamina,1
Yams,1
Yana,1
Yanan,1
Yandza,1
Yanez,1
Yang,1
Yani,1
Yann,1
Yannick,1
Yannis,1
Yans,1
Yansane,1
Yapa,1
Yapi,1
Yapo,1
Yarboua,1
Yard,1
Yardin,1
Yarhfouri,1
Yasar,1
Yasin,1
Yasmina,1
Yasmine,1
Yass,1
Yassa,1
Yasser,1
Yassine,1
Yassir,1
Yatabare,1
Yataca,1
Yattar,1
Yaye,1
Yazid,1
Ybert,1
Yborra,1
Yeddou,1
Yedra,1
Yekhlef,1
Yela,1
Yellow,1
Yenapa,1
Yenapas,1
Yengo,1
Yenigun,1
Yepes,1
Yeremian,1
Yesil,1
Yeung,1
Yger,1
Ygouf,1
Yhuel,1
Yigit,1
Yigitoglu,1
Yildirim,1
Yildiz,1
Yilmaz,1
Yiyi,1
Yken,1
Yoan,1
Yoann,1
Yoboue,1
Yoel,1
Yogo,1
Yoka,1
Yoko,1
Yola,1
Yolal,1
Yolande,1
Yolene,1
Yona,1
Yoni,1
Yonis,1
Yonnet,1
York,1
Youbi,1
Youcef,1
Youdine,1
Youf,1
Youhou,1
Youinou,1
Youk,1
Youkana,1
Youki,1
Youna,1
Younan,1
Younes,1
Youness,1
Younessi,1
Young,1
Younsi,1
Youri,1
Yous,1
Yousfi,1
Yousra,1
Youssef,1
Youssfi,1
Youssoufa,1
Youssoufi,1
Youston,1
Youta,1
Youx,1
Youyou,1
Yovanovitch,1
Yoyotte,1
Yrey,1
Yris,1
Yryr,1
Ysebaert,1
Ysenbaert,1
Ysmal,1
Ythier,1
Ytreza,1
Ytry,1
Ytyty,1
Yuan,1
Yucel,1
Yuio,1
Yuiop,1
Yukcu,1
Yuki,1
Yuksel,1
Yuna,1
Yung,1
Yvanes,1
Yvanez,1
Yvanne,1
Yvanoff,1
Yvard,1
Yvart,1
Yvelain,1
Yvelin,1
Yvelines,1
Yvelise,1
Yven,1
Yvenat,1
Yvenou,1
Yver,1
Yvernault,1
Yverneau,1
Yvert,1
Yves,1
Yvetot,1
Yvinec,1
Yviquel,1
Yvonet,1
Yvonneau,1
Yvonnet,1
Yvorel,1
Yvorra,1
Yvrai,1
Yvrande,1
Yvrard,1
Yziquel,1
Yzoard,1
Zabe,1
Zabel,1
Zaborowski,1
Zabou,1
Zacharie,1
Zack,1
Zadi,1
Zaegel,1
Zafra,1
Zaghouani,1
Zago,1
Zahaf,1
Zahi,1
Zahia,1
Zahm,1
Zahouani,1
Zahri,1
Zaid,1
Zaidane,1
Zaim,1
Zaimi,1
Zaina,1
Zair,1
Zairi,1
Zaiter,1
Zajac,1
Zajda,1
Zaki,1
Zakia,1
Zakine,1
Zakrzewski,1
Zalewski,1
Zambelli,1
Zambon,1
Zami,1
Zammit,1
Zamoum,1
Zamoun,1
Zamouri,1
Zampieri,1
Zana,1
Zanardi,1
Zanardo,1
Zanarelli,1
Zanatta,1
Zanca,1
Zancanaro,1
Zanchetta,1
Zanchi,1
Zanelli,1
Zanetti,1
Zanga,1
Zani,1
Zanin,1
Zanini,1
Zanni,1
Zannier,1
Zannini,1
Zanon,1
Zanotti,1
Zaoui,1
Zapata,1
Zara,1
Zaragoza,1
Zarb,1
Zard,1
Zaremba,1
Zarka,1
Zarouri,1
Zarrouk,1
Zawada,1
Zawadzki,1
Zbinden,1
Zebina,1
Zech,1
Zedda,1
Zede,1
Zeggai,1
Zeghad,1
Zeghadi,1
Zeghoudi Fatia,1
Zeghoudi,1
Zegre,1
Zehar,1
Zehnacker,1
Zehner,1
Zeimet,1
Zeitoun,1
Zekri,1
Zela,1
Zell,1
Zeller,1
Zeman,1
Zemma,1
Zemmour,1
Zemmouri,1
Zemour,1
Zemouri,1
Zenasni,1
Zenati,1
Zenatti,1
Zengin,1
Zeni,1
Zenner,1
Zenon,1
Zenoni,1
Zenou,1
Zenouda,1
Zephir,1
Zera,1
Zerah,1
Zerari,1
Zerbib,1
Zerdoum,1
Zerguine,1
Zerhouni,1
Zeribi,1
Zermati,1
Zeroual,1
Zerouali,1
Zerr,1
Zerrouki,1
Zert,1
Zerze,1
Zerzer,1
Zettor,1
Zeyer,1
Zeze,1
Zhang,1
Zhao,1
Zheng,1
Zhou,1
Ziadi,1
Ziane,1
Ziani,1
Ziat,1
Zicola,1
Zidane,1
Zidani,1
Zidi,1
Zieger,1
Ziegler,1
Zielinski,1
Zilliox,1
Zima,1
Zimmer,1
Zimmermann,1
Zina,1
Zinck,1
Zindy,1
Zine,1
Zineb,1
Zingraff,1
Zink,1
Zins,1
Zinsou,1
Zion,1
Ziri,1
Zirnheld,1
Zita,1
Zito,1
Zitte,1
Zmuda,1
Zobel,1
Zoghlami,1
Zokou,1
Zoller,1
Zonca,1
Zongo,1
Zonzon,1
Zoonekynd,1
Zordan,1
Zorg,1
Zoro,1
Zorro,1
Zorzi,1
Zouaghi,1
Zouaoui,1
Zouari,1
Zoubeir,1
Zoubir,1
Zougagh,1
Zouhair,1
Zouina,1
Zounon,1
Zozime,1
Zozor,1
Zuber,1
Zubillaga,1
Zucca,1
Zucchiatti,1
Zucconi,1
Zulian,1
Zuliani,1
Zumbiehl,1
Zuniga,1
Zunino,1
Zurcher,1
Zurita,1
Zwick,1
Alami,1
Alaoui,1
Almeida,1
Amri,1
Araujo,1
Asri,1
Bail,1
Bars,1
Berre,1
Bihan,1
Borgne,1
Bras,1
Bris,1
Brun,1
Cam,1
Carvalho,1
Castro,1
Corre,1
Costa,1
Coz,1
Cruz,1
Cunha,1
Diaye,1
Du,1
Floch,1
Freitas,1
Fur,1
Gal,1
Gall,1
Goff,1
Guen,1
Guessan,1
Guyen,1
Idrissi,1
Mansouri,1
Meur,1
Moal,1
Oliveira,1
Rocha,1
Roux,1
Roy,1
Santos,1
Sousa,1
Souza,1
