Name,Id
Abadie,1
Adam,1
Albert,1
Alexandre,1
Alix,1
Allain,1
Allard,1
Allemand,1
Alonso,1
Alvarez,1
Alves,1
Andre,1
Andrieu,1
Andrieux,1
Antoine,1
Armand,1
Arnaud,1
Arnould,1
Arnoux,1
Astier,1
Aubert,1
Aubin,1
Aubry,1
Auffret,1
Auge,1
Auger,1
Auvray,1
Avril,1
Babin,1
Bachelet,1
Bailleul,1
Bailly,1
Barbe,1
Barbier,1
Barbot,1
Bardet,1
Bardin,1
Baron,1
Barraud,1
Barre,1
Barreau,1
Barret,1
Barriere,1
Bars,1
Barthelemy,1
Basset,1
Bastien,1
Bataille,1
Baud,1
Baudet,1
Baudin,1
Baudoin,1
Baudouin,1
Baudry,1
Bauer,1
Bayle,1
Bazin,1
Beau,1
Beaufils,1
Beaulieu,1
Beaumont,1
Beauvais,1
Beck,1
Becker,1
Begue,1
Beguin,1
Belin,1
Bellanger,1
Bellec,1
Bellet,1
Ben,1
Benard,1
Benoist,1
Benoit,1
Berard,1
Berger,1
Bernard,1
Bernier,1
Berre,1
Berry,1
Berthe,1
Berthelot,1
Berthet,1
Berthier,1
Bertin,1
Bertrand,1
Besnard,1
Besse,1
Besson,1
Bianchi,1
Bidault,1
Bigot,1
Bihan,1
Billard,1
Billet,1
Billon,1
Billy,1
Binet,1
Blaise,1
Blanc,1
Blanchard,1
Blanchet,1
Blandin,1
Blin,1
Blondeau,1
Blondel,1
Blot,1
Bo,1
Bob,1
Bocquet,1
Bodin,1
Bois,1
Boisseau,1
Boisson,1
Boivin,1
Bon,1
Bonhomme,1
Bonin,1
Bonnard,1
Bonnaud,1
Bonneau,1
Bonnefoy,1
Bonnet,1
Bonnin,1
Bontemps,1
Bordes,1
Borgne,1
Bossard,1
Bouchard,1
Bouche,1
Boucher,1
Bouchet,1
Bouchez,1
Boudet,1
Bouillon,1
Boulanger,1
Boulay,1
Boulet,1
Bouquet,1
Bour,1
Bourbon,1
Bourdin,1
Bourdon,1
Bourgeois,1
Bourgoin,1
Bourguignon,1
Bousquet,1
Boutet,1
Boutin,1
Bouton,1
Bouvet,1
Bouvier,1
Boyer,1
Bras,1
Brault,1
Braun,1
Bresson,1
Bret,1
Breton,1
Breton,1
Briand,1
Briere,1
Bris,1
Brisset,1
Brochard,1
Brossard,1
Bru,1
Brun,1
Bruneau,1
Brunel,1
Brunet,1
Bruno,1
Bruyere,1
Buisson,1
Bureau,1
Burel,1
Busson,1
Cadiou,1
Caillaud,1
Caillet,1
Calvet,1
Calvez,1
Camus,1
Cano,1
Capelle,1
Cardon,1
Cariou,1
Carlier,1
Caron,1
Carpentier,1
Carre,1
Carrere,1
Carriere,1
Cartier,1
Carton,1
Carvalho,1
Casanova,1
Castel,1
Chabert,1
Chambon,1
Champion,1
Chapelle,1
Chapuis,1
Charbonnier,1
Chardon,1
Charles,1
Charlet,1
Charlier,1
Charlot,1
Charpentier,1
Charrier,1
Chartier,1
Charton,1
Chateau,1
Chatelain,1
Chauveau,1
Chauvet,1
Chauvin,1
Chemin,1
Chene,1
Cheron,1
Chevalier,1
Chevallier,1
Chevrier,1
Chiron,1
Chollet,1
Chopin,1
Chretien,1
Christophe,1
Claude,1
Claudel,1
Clement,1
Clerc,1
Cloarec,1
Cochet,1
Cohen,1
Colas,1
Colin,1
Collet,1
Collignon,1
Collin,1
Combe,1
Combes,1
Comte,1
Constant,1
Conte,1
Cordier,1
Cormier,1
Cornet,1
Cornu,1
Corre,1
Corre,1
Costa,1
Costa,1
Coste,1
Cottin,1
Couderc,1
Coudert,1
Coulon,1
Courtin,1
Courtois,1
Cousin,1
Coutant,1
Couturier,1
Crepin,1
Cros,1
Crouzet,1
Cuvelier,1
Daniel,1
Darras,1
Dauphin,1
David,1
De,1
Debray,1
Delage,1
Delahaye,1
Delamare,1
Delannoy,1
Delaporte,1
Delarue,1
Delattre,1
Delaunay,1
Delcroix,1
Delhaye,1
Delmas,1
Delorme,1
Demange,1
Denis,1
Derrien,1
Desbois,1
Descamps,1
Deschamps,1
Deshayes,1
Despres,1
Devaux,1
Deville,1
Devos,1
Dias,1
Diaz,1
Didier,1
Diot,1
Dore,1
Dos Santos,1
Doucet,1
Drouet,1
Drouin,1
Dubois,1
Dubos,1
Dubost,1
Dubourg,1
Dubreuil,1
Dubus,1
Duchemin,1
Duchene,1
Duchesne,1
Duclos,1
Ducrocq,1
Dufour,1
Duhamel,1
Dujardin,1
Dumas,1
Dumont,1
Dumortier,1
Dumoulin,1
Dupin,1
Dupond,1
Dupont,1
Duprat,1
Dupre,1
Dupuis,1
Dupuy,1
Duquesne,1
Durand,1
Durant,1
Duret,1
Durieux,1
Duriez,1
Dutertre,1
Duval,1
Esnault,1
Esteve,1
Etienne,1
Evrard,1
Fabre,1
Faivre,1
Faucher,1
Faure,1
Favier,1
Favre,1
Favreau,1
Fayolle,1
Felix,1
Fernandes,1
Fernandez,1
Ferrand,1
Ferrari,1
Ferre,1
Ferreira,1
Ferrer,1
Ferrier,1
Ferry,1
Fevre,1
Fevrier,1
Fievet,1
Fischer,1
Flament,1
Fleury,1
Floch,1
Floch,1
Fontaine,1
Forest,1
Forestier,1
Fort,1
Fortin,1
Foucault,1
Foucher,1
Foulon,1
Fouquet,1
Fourcade,1
Fournier,1
Fraisse,1
Franco,1
Francois,1
Fremont,1
Frey,1
Froment,1
Gabriel,1
Gaillard,1
Gal,1
Gall,1
Gallais,1
Galland,1
Gallet,1
Gallois,1
Garcia,1
Garin,1
Garnier,1
Garreau,1
Gasnier,1
Gaudin,1
Gauthier,1
Gautier,1
Gay,1
Geffroy,1
Genet,1
Genin,1
Gentil,1
Geoffroy,1
George,1
Georges,1
Gerard,1
Germain,1
Gervais,1
Gibert,1
Gicquel,1
Gil,1
Gilbert,1
Gilles,1
Gillet,1
Gillot,1
Gimenez,1
Girard,1
Giraud,1
Girault,1
Gobert,1
Godard,1
Godart,1
Godefroy,1
Godet,1
Godin,1
Goff,1
Gomes,1
Gomez,1
Gon,1
Gonzales,1
Gonzalez,1
Gosselin,1
Gosset,1
Goujon,1
Grand,1
Grandjean,1
Grange,1
Granger,1
Granier,1
Gras,1
Gregoire,1
Grenier,1
Grimaud,1
Gros,1
Grosjean,1
Gross,1
Guegan,1
Gueguen,1
Guen,1
Guerin,1
Guery,1
Guibert,1
Guichard,1
Guignard,1
Guilbaud,1
Guilbert,1
Guillard,1
Guillaume,1
Guillemin,1
Guillemot,1
Guillet,1
Guillon,1
Guillot,1
Guillou,1
Guiraud,1
Guitton,1
Guy,1
Guyard,1
Guyon,1
Guyot,1
Hamel,1
Hamelin,1
Hamon,1
Hardouin,1
Hardy,1
Hebert,1
Hennequin,1
Henri,1
Henry,1
Herault,1
Hernandez,1
Herve,1
Hoarau,1
Hoffmann,1
Honore,1
Hubert,1
Hue,1
Huet,1
Hugues,1
Huguet,1
Humbert,1
Husson,1
Imbert,1
Jacob,1
Jacquemin,1
Jacques,1
Jacquet,1
Jacquin,1
Jacquot,1
James,1
Jamet,1
Jan,1
Janin,1
Janvier,1
Jaouen,1
Jardin,1
Jarry,1
Jean,1
Jeanne,1
Jegou,1
Jolivet,1
Jolly,1
Joly,1
Joseph,1
Josse,1
Jouan,1
Joubert,1
Jourdain,1
Jourdan,1
Jouve,1
Julien,1
Jullien,1
Jung,1
Keller,1
Kieffer,1
Klein,1
Labat,1
Labbe,1
Laborde,1
Lacaze,1
Lacombe,1
Lacoste,1
Lacour,1
Lacroix,1
Lafon,1
Lafond,1
Lafont,1
Lagarde,1
Lagrange,1
Laine,1
Lalanne,1
Lallemand,1
Lallement,1
Lambert,1
Lamotte,1
Lamour,1
Lamy,1
Landais,1
Lang,1
Langlais,1
Langlois,1
Lapeyre,1
Lapierre,1
Laporte,1
Larcher,1
Laroche,1
Larue,1
Lassalle,1
Lasserre,1
Latour,1
Launay,1
Laurent,1
Laval,1
Lavaud,1
Lavergne,1
Lavigne,1
Le,1
Lebas,1
Lebeau,1
Leblanc,1
Leblond,1
Lebon,1
Lebreton,1
Lebrun,1
Leclerc,1
Leclercq,1
Leclere,1
Lecocq,1
Lecoeur,1
Lecomte,1
Leconte,1
Lecoq,1
Lecuyer,1
Ledoux,1
Leduc,1
Lefebvre,1
Lefeuvre,1
Lefevre,1
Lefort,1
Lefranc,1
Lefrancois,1
Legay,1
Legendre,1
Leger,1
Legrand,1
Legras,1
Legros,1
Lejeune,1
Leleu,1
Lelievre,1
Lelong,1
Leloup,1
Lemaire,1
Lemaitre,1
Lemarchand,1
Lemercier,1
Lemoine,1
Lemonnier,1
Lenoir,1
Leon,1
Leonard,1
Lepage,1
Lepine,1
Lepretre,1
Leray,1
Leriche,1
Leroux,1
Leroy,1
Lesage,1
Lesueur,1
Letellier,1
Levasseur,1
Leveque,1
Levy,1
Lhomme,1
Lienard,1
Loiseau,1
Loisel,1
Loison,1
Lombard,1
Lopes,1
Lopez,1
Louis,1
Louvet,1
Loyer,1
Lucas,1
Ly,1
Mace,1
Madec,1
Magne,1
Magnier,1
Magnin,1
Mahe,1
Mahieu,1
Maillard,1
Maillet,1
Maillot,1
Maire,1
Maitre,1
Mallet,1
Mangin,1
Marais,1
Marc,1
Marcel,1
Marchal,1
Marchand,1
Marechal,1
Marie,1
Marin,1
Marion,1
Marques,1
Marquet,1
Marquis,1
Marteau,1
Martel,1
Martin,1
Martineau,1
Martinet,1
Martinez,1
Martins,1
Marty,1
Mary,1
Mas,1
Masse,1
Masson,1
Mathieu,1
Mathis,1
Mauger,1
Maurel,1
Maurice,1
Maurin,1
Maury,1
Mayer,1
Menard,1
Mendes,1
Mercier,1
Merle,1
Merlin,1
Metais,1
Metayer,1
Meunier,1
Meur,1
Meyer,1
Michaud,1
Michaux,1
Michel,1
Michon,1
Mignot,1
Mille,1
Millet,1
Millot,1
Miquel,1
Moi,1
Moine,1
Molina,1
Monier,1
Monin,1
Monnet,1
Monnier,1
Montagne,1
Monteil,1
Mora,1
Morand,1
Moreau,1
Morel,1
Moreno,1
Moret,1
Morice,1
Morin,1
Morvan,1
Motte,1
Moulin,1
Mounier,1
Mouton,1
Muller,1
Munier,1
Munoz,1
Navarro,1
Nedelec,1
Neveu,1
Nguyen,1
Nicolas,1
Nicolle,1
Noel,1
Nogues,1
Normand,1
Oger,1
Olive,1
Oliveira,1
Olivier,1
Ollivier,1
Page,1
Pages,1
Paillard,1
Pain,1
Papin,1
Paquet,1
Parent,1
Paris,1
Parisot,1
Parmentier,1
Pascal,1
Pasquet,1
Pasquier,1
Pastor,1
Paul,1
Payen,1
Payet,1
Pelissier,1
Pellerin,1
Pelletier,1
Peltier,1
Pepin,1
Pereira,1
Peres,1
Perez,1
Perin,1
Pernot,1
Peron,1
Perret,1
Perrier,1
Perrin,1
Perron,1
Perrot,1
Peter,1
Petit,1
Petitjean,1
Peyre,1
Pham,1
Philippe,1
Philippon,1
Philippot,1
Picard,1
Pichard,1
Pichon,1
Picot,1
Pierre,1
Pierron,1
Pillet,1
Pineau,1
Pinel,1
Pinson,1
Pinto,1
Piquet,1
Pires,1
Poirier,1
Poirot,1
Poisson,1
Pollet,1
Pommier,1
Poncet,1
Pons,1
Portal,1
Porte,1
Portier,1
Potier,1
Pottier,1
Pouget,1
Poulain,1
Poulet,1
Pouliquen,1
Prat,1
Prevost,1
Prevot,1
Prieur,1
Prigent,1
Prost,1
Proust,1
Provost,1
Pruvost,1
Puech,1
Pujol,1
Quentin,1
Quere,1
Raffin,1
Ragot,1
Ramos,1
Raoul,1
Rault,1
Raymond,1
Raynal,1
Raynaud,1
Reboul,1
Regnier,1
Remond,1
Remy,1
Renard,1
Renaud,1
Renaudin,1
Renault,1
Renou,1
Revel,1
Rey,1
Reynaud,1
Ribeiro,1
Ricard,1
Richard,1
Rigal,1
Rigaud,1
Rio,1
Riou,1
Rivet,1
Riviere,1
Robert,1
Robillard,1
Robin,1
Robinet,1
Roche,1
Rocher,1
Rodier,1
Rodrigues,1
Rodriguez,1
Roger,1
Roland,1
Rolland,1
Rollet,1
Rollin,1
Romain,1
Romero,1
Rondeau,1
Roques,1
Rose,1
Rossi,1
Rossignol,1
Roth,1
Rougier,1
Rousseau,1
Roussel,1
Rousselle,1
Rousset,1
Roux,1
Roux,1
Rouxel,1
Rouyer,1
Roy,1
Roy,1
Royer,1
Ruiz,1
Sabatier,1
Salaun,1
Salle,1
Salles,1
Salmon,1
Salomon,1
Samson,1
Sanchez,1
Santos,1
Sarrazin,1
Saulnier,1
Saunier,1
Sauvage,1
Savary,1
Schaeffer,1
Schmidt,1
Schmitt,1
Schneider,1
Schwartz,1
Seguin,1
Sellier,1
Senechal,1
Sergent,1
Serra,1
Serrano,1
Serre,1
Serres,1
Sicard,1
Silva,1
Simon,1
Simonin,1
Simonnet,1
Smith,1
Soler,1
Soulie,1
Soulier,1
Sousa,1
Stephan,1
Tanguy,1
Tardy,1
Tavernier,1
Teixeira,1
Tellier,1
Terrier,1
Tessier,1
Texier,1
Teyssier,1
Thebault,1
Thery,1
Thevenet,1
Thevenin,1
Thibault,1
Thiebaut,1
Thierry,1
Thiery,1
Thomas,1
Thuillier,1
Tison,1
Tisserand,1
Tissier,1
Tissot,1
Tixier,1
Torres,1
Tournier,1
Toussaint,1
Tran,1
Turpin,1
Vacher,1
Vaillant,1
Valentin,1
Valette,1
Vallee,1
Vallet,1
Vannier,1
Varin,1
Vasseur,1
Verdier,1
Verger,1
Vernet,1
Vernier,1
Veron,1
Verrier,1
Vial,1
Viard,1
Viaud,1
Vidal,1
Vigier,1
Vignal,1
Vigneron,1
Vignon,1
Vigouroux,1
Viguier,1
Vilain,1
Villain,1
Villard,1
Villeneuve,1
Villette,1
Vincent,1
Vivier,1
Voisin,1
Wagner,1
Walter,1
Weber,1
Weiss,1
Wolff,1
Zimmermann,1