Evora,1
Abade,1
Abadesso,1
Abadito,1
Abalada,1
Abalroado,1
Abdula,1
Abecassis,1
Abeleira,1
Abelho,1
Abilhoo,1
Abilio,1
Abito,1
Abranches,1
Abrantes,1
Abraul,1
Abrega,1
Abreu,1
Abrino,1
Abronheiro,1
Abrunheiro,1
Abrunhosa,1
Abudo,1
Acacio,1
Acafroo,1
Achada,1
Achando,1
Achas,1
Acurcio,1
Adaes,1
Adaixo,1
Adelia,1
Adelina,1
Adelino,1
Adem,1
Adevides,1
Adevinha,1
Adolfo,1
Adones,1
Adonis,1
Adoo,1
Adrega,1
Adriano,1
Adrioo,1
Adro,1
Adubeir,1
Afecto,1
Afonso,1
Afra,1
Africana,1
Africano,1
Agante,1
Agapito,1
Agasalho,1
Agatoo,1
Agnelo,1
Agnoli,1
Agonia,1
Agostinha,1
Agostinho,1
Agra,1
Agreira,1
Agrela,1
Agria,1
Agro,1
Agua,1
Aguas,1
Aguiar,1
Aguilar,1
Aguinha,1
Agulha,1
Aibeo,1
Aidos,1
Aio,1
Aires,1
Airoso,1
Ajuda,1
Alçada,1
Ala,1
Alago,1
Alarcoo,1
Alavedra,1
Albano,1
Albarinho,1
Albarino,1
Albarran,1
Albazini,1
Albergaria,1
Albernas,1
Albernaz,1
Albertina,1
Albertino,1
Alberto,1
Alberty,1
Albino,1
Albreto,1
Albuquerque,1
Alcaide,1
Alcaire,1
Alcantara,1
Alcaso,1
Alceo,1
Alceu,1
Alcide,1
Alcides,1
Alcino,1
Alcobaça,1
Alcobia,1
Alcoforado,1
Alda,1
Aldegalega,1
Aldeia,1
Aldeoo,1
Alecrim,1
Alegre,1
Alegrete,1
Alegria,1
Alegrio,1
Aleixo,1
Aleluia,1
Alemoo,1
Alençooo,1
Alendouro,1
Alentisca,1
Alexadre,1
Alexandre,1
Alexandrina,1
Alexandrino,1
Alface,1
Alfafar,1
Alfaiataria,1
Alfaiate,1
Alfar,1
Alfarela,1
Alfaro,1
Alferes,1
Alfoto,1
Alfredo,1
Algarvio,1
Alhau,1
Alho,1
Alice,1
Alipia,1
Alipio,1
Almaral,1
Almas,1
Almeida,1
Almeiroo,1
Alonso,1
Alpande,1
Alpendre,1
Alpoim,1
Alquim,1
Alto,1
Aluminios,1
Alvadia,1
Alvares,1
Alvarez,1
Alvarinhas,1
Alvarinho,1
Alvaro,1
Alvelos,1
Alveolos,1
Alverca,1
Alves,1
Alvim,1
Alvito,1
Alvoeiro,1
Alvorge,1
Alzira,1
Amada,1
Amado,1
Amador,1
Amante,1
Amara,1
Amaral,1
Amaro,1
Ambrosio,1
Ameal,1
Ameixa,1
Ameixoeira,1
Ameixoeiro,1
Amelia,1
Amial,1
Amieira,1
Amieiro,1
Amilcar,1
Amimo,1
Amoedo,1
Amora,1
Amoreira,1
Amores,1
Amorim,1
Amoroso,1
Amorouco,1
Amorousso,1
Amparo,1
Amuedo,1
Ana,1
Anacleto,1
Anadio,1
Anaquim,1
Anastasio,1
Anaya,1
Anca,1
Ancelmo,1
Anceris,1
Anceriz,1
Anciaes,1
Andorinha,1
Andrade,1
Andre,1
Andrino,1
Anes,1
Angelica,1
Angelo,1
Anguelova,1
Anibal,1
Anica,1
Aniceto,1
Anjos,1
Anselmo,1
Antas,1
Antoes,1
Antonia,1
Antoninho,1
Antonio,1
Antoo,1
Antunes,1
Anunciaçoo,1
Aparicio,1
Aperta,1
Apolinario,1
Apostolo,1
Aqueu,1
Aquino,1
Aradeiras,1
Aragoo,1
Aranha,1
Araujo,1
Arcanjo,1
Arcoo,1
Arcos,1
Arcozelo,1
Arderios,1
Arderius,1
Arede,1
Areia,1
Areias,1
Arelo,1
Arenga,1
Areosa,1
Aresta,1
Areu,1
Arezes,1
Argel,1
Argentino,1
Arias,1
Arif,1
Arinto,1
Arlindo,1
Armando,1
Armeiro,1
Armeloo,1
Arminda,1
Armindo,1
Arnaldo,1
Arnaud,1
Arnaut,1
Arneiro,1
Aroso,1
Arouca,1
Arraiano,1
Arraiolos,1
Arrais,1
Arreiano,1
Arrenegado,1
Arriaga,1
Arribanca,1
Arriegas,1
Arrifano,1
Arrimar,1
Arrobas,1
Arrojado,1
Arromba,1
Arroteia,1
Arroz,1
Arruda,1
Arrulo,1
Arsenio,1
Artiaga,1
Artilheiro,1
Artur,1
Arvelos,1
Arzileiro,1
Ascenço,1
Ascencoo,1
Asenco,1
Aspeçada,1
Assafroo,1
Assalino,1
Asseiro,1
Assena,1
Assis,1
Assoreia,1
Assuncoo,1
Atafona,1
Ataide,1
Atanasio,1
Augusta,1
Augusto,1
Aureliano,1
Aurelio,1
Aveiro,1
Avelar,1
Aveleira,1
Aveleiro,1
Avelez,1
Avelino,1
Avelos,1
Avidago,1
Avila,1
Avilo,1
Avis,1
Avoes,1
Azedo,1
Azeiteiro,1
Azeitona,1
Azeje,1
Azenha,1
Azevedo,1
Azevo,1
Aziago,1
Azinhaga,1
Azinhais,1
Azinheira,1
Azinheiro,1
Azoia,1
Azola,1
Azul,1
Babo,1
Bacalhau,1
Bacelar,1
Bacelo,1
Bacharel,1
Baco,1
Bacoo,1
Bada,1
Badana,1
Badim,1
Baeta,1
Baetas,1
Bagagem,1
Baganha,1
Bagina,1
Bagoo,1
Bagulho,1
Baia,1
Baiam,1
Baila,1
Baio,1
Baioo,1
Bairos,1
Bairrada,1
Bairradas,1
Bairroo,1
Bajanca,1
Bajoo,1
Bajouca,1
Bajouco,1
Balau,1
Balaus,1
Balbina,1
Balbino,1
Balco,1
Baldaia,1
Baldeir,1
Baldinho,1
Baldo,1
Baleiro,1
Baleizoo,1
Balhau,1
Balinha,1
Baloiço,1
Balonas,1
Baloo,1
Balreira,1
Balsa,1
Balsas,1
Balseiro,1
Balsemoo,1
Balsinha,1
Balsinhas,1
Baltar,1
Baltasar,1
Baltazar,1
Balteiro,1
Baluga,1
Balugas,1
Balula,1
Balulo,1
Banaca,1
Banaco,1
Bandarra,1
Bandeira,1
Bandeiras,1
Bandeirinha,1
Banha,1
Banhudo,1
Banza,1
Baptista,1
Baracal,1
Baracho,1
Baralonga,1
Baranda,1
Barandas,1
Barata,1
Barateira,1
Barateiro,1
Barbado,1
Barbara,1
Barbas,1
Barbearia,1
Barbeira,1
Barbeiro,1
Barbeita,1
Barbeta,1
Barbosa,1
Barbudo,1
Barca,1
Barcelos,1
Barge,1
Bargoo,1
Barido,1
Barjona,1
Barneto,1
Baroa,1
Barono,1
Baroo,1
Barosa,1
Baroseiro,1
Barouqueiro,1
Baroza,1
Barqueiro,1
Barquina,1
Barra,1
Barraca,1
Barracho,1
Barradas,1
Barral,1
Barranca,1
Barranha,1
Barranho,1
Barraqueiro,1
Barraquinha,1
Barrateira,1
Barrateiro,1
Barrau,1
Barreias,1
Barreira,1
Barreiras,1
Barreirinhas,1
Barreiro,1
Barreiros,1
Barreleiro,1
Barrenho,1
Barrento,1
Barrete,1
Barreto,1
Barriço,1
Barriga,1
Barriginha,1
Barril,1
Barrincha,1
Barrinha,1
Barrinhas,1
Barrios,1
Barroca,1
Barrocal,1
Barrocap,1
Barrocas,1
Barroco,1
Barrol,1
Barroqueiro,1
Barros,1
Barrosa,1
Barroso,1
Barrue,1
Bartolo,1
Bartolomeu,1
Bartulo,1
Basilio,1
Basofias,1
Bassalo,1
Basso,1
Bastardo,1
Basteiro,1
Bastinho,1
Bastioo,1
Basto,1
Bastos,1
Batalau,1
Batalha,1
Batalheiro,1
Batanete,1
Batata,1
Batista,1
Batoca,1
Batuca,1
Bauto,1
Bayam,1
Beata,1
Beato,1
Bebiano,1
Becho,1
Bedo,1
Beioes,1
Beira,1
Beiral,1
Beiroo,1
Beiros,1
Beiroto,1
Beites,1
Beja,1
Belandina,1
Belarmino,1
Belbuche,1
Belchior,1
Belchiorinho,1
Belem,1
Belenciano,1
Beleza,1
Belfo,1
Belgas,1
Belgrano,1
Belindro,1
Belinho,1
Belino,1
Bello,1
Belmira,1
Belmiro,1
Belo,1
Beloo,1
Beltroo,1
Beludo,1
Bem,1
Bem-Haja,1
Bemdinha,1
Bemfeita,1
Bendala,1
Benedito,1
Benevides,1
Benfeita,1
Benfica,1
Benido,1
Benjamin,1
Benquerença,1
Bentes,1
Bentinho,1
Bento,1
Benzinho,1
Bera,1
Berardo,1
Berdianço,1
Berenguilho,1
Bergano,1
Beringuilho,1
Berlinda,1
Berlinde,1
Bernardes,1
Bernardino,1
Bernardo,1
Beroo,1
Berrelhas,1
Berrelho,1
Berrincha,1
Berrincinha,1
Berta,1
Berto,1
Bertolo,1
Bertoo,1
Beselgo,1
Bessa,1
Bessadas,1
Besteiro,1
Beta,1
Bettencourt,1
Bexiga,1
Bezerra,1
Bia,1
Bianca,1
Bias,1
Bicacro,1
Bicheiro,1
Bichinho,1
Bicho,1
Bichoo,1
Bico,1
Bicudo,1
Bidarra,1
Bigares,1
Bigas,1
Bigotte,1
Bilbao,1
Bilhau,1
Bilheta,1
Bilhoto,1
Bilo,1
Bilro,1
Bimba,1
Bingre,1
Bioucas,1
Biqueira,1
Birra,1
Biscado,1
Biscaia,1
Bispo,1
Bita,1
Bitana,1
Bitoque,1
Bizarro,1
Blanc,1
Blanco,1
Blasco,1
Boa,1
Boal,1
Boanova,1
Boarqueiro,1
Boas,1
Boaventura,1
Boavida,1
Boavista,1
Bobone,1
Bodagola,1
Boeiro,1
Boeto,1
Boga,1
Bogalheiro,1
Bogalho,1
Bogarim,1
Bogas,1
Boiça,1
Boia,1
Boieiro,1
Boinho,1
Boino,1
Boiroo,1
Boisa,1
Bolario,1
Bolas,1
Boleiro,1
Boleo,1
Boleto,1
Boleu,1
Boliqueime,1
Bolito,1
Bolota,1
Boloto,1
Bolroo,1
Bom,1
Bombas,1
Bonacho,1
Bonda,1
Bonega,1
Bonet,1
Bonifacio,1
Bonina,1
Bonito,1
Bontempo,1
Boquinhas,1
Borba,1
Borbinhas,1
Bordadagua,1
Bordalo,1
Bordonhos,1
Borega,1
Boren,1
Borga,1
Borge,1
Borges,1
Borralhinho,1
Borralho,1
Borrata,1
Borreca,1
Borrega,1
Borrego,1
Borronha,1
Bosero,1
Bota,1
Botas,1
Botelheiro,1
Botelho,1
Botica,1
Botija,1
Botijo,1
Botilheiro,1
Botinas,1
Boto,1
Botoo,1
Botte,1
Botto,1
Bouça,1
Bouca,1
Bouceiro,1
Boucho,1
Boucinha,1
Boura,1
Bouxo,1
Braçais,1
Braca,1
Bracal,1
Braceiro,1
Bracourt,1
Braga,1
Braguez,1
Braizinha,1
Branca,1
Brancal,1
Branco,1
Brandoo,1
Branquinha,1
Branquinho,1
Brantuas,1
Bras,1
Brasia,1
Brasio,1
Brasoo,1
Brasuna,1
Bravo,1
Braz,1
Brazete,1
Brazeto,1
Brazia,1
Braziel,1
Brazinha,1
Brazoo,1
Brazuna,1
Breda,1
Bregas,1
Bregieiro,1
Breia,1
Brejeira,1
Brejo,1
Brenha,1
Brenheiro,1
Brido,1
Brigas,1
Brigida,1
Brigido,1
Brigieiro,1
Brilha,1
Brilhante,1
Brinca,1
Brincano,1
Briosa,1
Brioso,1
Briote,1
Brisida,1
Brisido,1
Brisses,1
Brites,1
Brito,1
Brizida,1
Brizido,1
Brizio,1
Brochado,1
Brochas,1
Broco,1
Broegas,1
Brogegas,1
Brogueira,1
Brojo,1
Bronze,1
Brose,1
Brosque,1
Brotas,1
Brousse,1
Brugegas,1
Brunheta,1
Brunido,1
Bruno,1
Bruxo,1
Bucete,1
Bucha,1
Buco,1
Bugalho,1
Bugalhoo,1
Bujaca,1
Bulario,1
Bule,1
Bulha,1
Bulhoes,1
Bumba,1
Buraca,1
Buraco,1
Buraquinho,1
Burguete,1
Busano,1
Busato,1
Bussete,1
Buzano,1
Caçador,1
Caçoa,1
Caçoete,1
Caçoila,1
Caçolio,1
Caçoo,1
Caçote,1
Cabaça,1
Cabaço,1
Cabalhanas,1
Cabanas,1
Cabarroo,1
Cabeça,1
Cabeçadas,1
Cabeças,1
Cabeço,1
Cabecinha,1
Cabecinhas,1
Cabede,1
Cabeleira,1
Cabeleireiro,1
Cabelo,1
Cabete,1
Cabido,1
Cabo,1
Cabouço,1
Cabral,1
Cabrel,1
Cabrita,1
Cabrito,1
Cabugueira,1
Cacador,1
Cacais,1
Cacapo,1
Caceiro,1
Cacela,1
Cachapa,1
Cachatra,1
Cacheira,1
Cachide,1
Cachim,1
Cacho,1
Cachola,1
Cachopa,1
Cachopo,1
Cachulo,1
Cadaval,1
Cadavez,1
Cadete,1
Cadilhe,1
Cadima,1
Cadine,1
Caeiro,1
Caetano,1
Cafede,1
Caiado,1
Caiano,1
Caio,1
Caires,1
Caixeiro,1
Caixinha,1
Cajado,1
Calçada,1
Calçarroo,1
Calçato,1
Calçcaroo,1
Calçoo,1
Calado,1
Calamote,1
Calano,1
Calaveiras,1
Calaxa,1
Calcinha,1
Caldas,1
Caldeira,1
Caldeirinha,1
Caldinhas,1
Cale,1
Caleiras,1
Caleiro,1
Calhaço,1
Calha,1
Calhabeu,1
Calhanas,1
Calhau,1
Calhaz,1
Calhegas,1
Calheiros,1
Calhelhas,1
Calhindro,1
Calhoa,1
Calinas,1
Calista,1
Calisto,1
Calix,1
Calleiras,1
Calleras,1
Callichio,1
Calmeiro,1
Calo,1
Caloba,1
Calomeu,1
Calouro,1
Calqueiro,1
Calroo,1
Calva,1
Calvario,1
Calvete,1
Calvinho,1
Calvo,1
Camacho,1
Camajo,1
Camara,1
Camarada,1
Camarinha,1
Camarinho,1
Camarneiro,1
Camaroo,1
Camasoo,1
Camaz,1
Camazoo,1
Camba,1
Camboa,1
Cambraia,1
Cameira,1
Cameiroo,1
Camejo,1
Camelo,1
Camenhas,1
Camillo,1
Camilo,1
Caminho,1
Camisa,1
Camisoo,1
Camissoo,1
Camoes,1
Camoesas,1
Campanario,1
Campanha,1
Campante,1
Campar,1
Campeae,1
Campelo,1
Campia,1
Campino,1
Campioo,1
Campises,1
Campizes,1
Campolargo,1
Campones,1
Campos,1
Camstra,1
Camto,1
Camurca,1
Canada,1
Canais,1
Canarias,1
Canario,1
Canas,1
Canastra,1
Canastro,1
Canatario,1
Canato,1
Canavarro,1
Canaveira,1
Canaverde,1
Canavilhas,1
Cancela,1
Cancelinha,1
Cancio,1
Candal,1
Candeias,1
Candida,1
Candido,1
Candosa,1
Canejo,1
Canelas,1
Caneleiro,1
Canelhas,1
Canelo,1
Canes,1
Canez,1
Canha,1
Canheto,1
Canhoo,1
Canhota,1
Canhoto,1
Caniça,1
Caniceiro,1
Canilho,1
Caninas,1
Caninhas,1
Canoeiro,1
Canoso,1
Canotilho,1
Canotinho,1
Canova,1
Cantanhede,1
Cantante,1
Cantarinho,1
Canteiro,1
Cantineiro,1
Cantino,1
Canto,1
Cantoo,1
Canudo,1
Canuto,1
Capacho,1
Capador,1
Capatoo,1
Capaz,1
Capela,1
Capelo,1
Capeloa,1
Capeloo,1
Capinha,1
Capitaiz,1
Capito,1
Capitoo,1
Capo,1
Capoo,1
Capote,1
Caprichoso,1
Capucho,1
Caracinha,1
Caracitas,1
Caracol,1
Carajoinas,1
Caramelo,1
Caramona,1
Caramujo,1
Carapau,1
Carapeta,1
Carapeto,1
Carapinha,1
Carapito,1
Carapuça,1
Carapuço,1
Carapucinha,1
Caratoo,1
Carda,1
Cardador,1
Cardal,1
Cardanho,1
Cardantas,1
Cardeal,1
Cardeira,1
Cardetas,1
Cardia,1
Cardiga,1
Cardigos,1
Cardina,1
Cardinho,1
Cardinhos,1
Cardo,1
Cardona,1
Cardoo,1
Cardos,1
Cardosa,1
Cardoso,1
Cardosos,1
Carecho,1
Carepo,1
Careu,1
Cargaleiro,1
Caria,1
Cariano,1
Carias,1
Caricas,1
Caridade,1
Carim,1
Carinhas,1
Carios,1
Cariota,1
Carioto,1
Carita,1
Carlettis,1
Carlos,1
Carloto,1
Carmelo,1
Carmim,1
Carminda,1
Carmo,1
Carmona,1
Carmoto,1
Carnapete,1
Carnaz,1
Carneiro,1
Carnide,1
Carnim,1
Carnoto,1
Caroça,1
Caroço,1
Carochinha,1
Carola,1
Carolino,1
Carolo,1
Caronho,1
Carpalhosa,1
Carpalhoso,1
Carpintaria,1
Carpinteiro,1
Carqueigeiro,1
Carqueija,1
Carqueijeiro,1
Carqueja,1
Carraça,1
Carracha,1
Carraco,1
Carracoo,1
Carragosa,1
Carragoso,1
Carralo,1
Carramanho,1
Carramate,1
Carramona,1
Carrana,1
Carranca,1
Carrapato,1
Carrapatoso,1
Carrapeiro,1
Carrapico,1
Carrasco,1
Carrasqueira,1
Carrasqueiro,1
Carrasquinha,1
Carrazedo,1
Carrega,1
Carregado,1
Carregoso,1
Carregueiro,1
Carreira,1
Carreiras,1
Carreiro,1
Carrejola,1
Carrelo,1
Carrenho,1
Carreno,1
Carrete,1
Carreteiro,1
Carreto,1
Carriça,1
Carriço,1
Carril,1
Carrilho,1
Carrinho,1
Carrito,1
Carroio,1
Carrola,1
Carrolo,1
Carroloo,1
Carronda,1
Carrondo,1
Carroo,1
Cartario,1
Cartas,1
Cartaxo,1
Cartegenio,1
Carteiro,1
Cartucho,1
Cartulho,1
Carvalha,1
Carvalhais,1
Carvalhal,1
Carvalhana,1
Carvalhas,1
Carvalheira,1
Carvalheiro,1
Carvalhinho,1
Carvalhino,1
Carvalho,1
Carvalhoo,1
Carvalhos,1
Carvalhosa,1
Carvoeira,1
Carvoo,1
Casa,1
Casaca,1
Casais,1
Casal,1
Casaleiro,1
Casalinho,1
Casalta,1
Casanova,1
Cascalheira,1
Cascalheiro,1
Cascalho,1
Cascoo,1
Casegas,1
Caseiro,1
Casimiro,1
Casina,1
Casqueira,1
Casquilho,1
Casquinha,1
Cassangue,1
Cassapo,1
Cassiano,1
Castanha,1
Castanheira,1
Castanheiro,1
Castanho,1
Castanhola,1
Castel-Branco,1
Castela,1
Castelejo,1
Castelhano,1
Castelo,1
Castelo-Branco,1
Casteloo,1
Castenha,1
Castiço,1
Castilho,1
Castro,1
Catalino,1
Cataloo,1
Catambas,1
Catana,1
Catanas,1
Catarino,1
Catarro,1
Catata,1
Catela,1
Catelo,1
Catija,1
Catoa,1
Catolico,1
Catorze,1
Catraia,1
Catrapoo,1
Catre,1
Catrochio,1
Catulo,1
Cautela,1
Cavaca,1
Cavaco,1
Cavadas,1
Cavaleiras,1
Cavaleiro,1
Cavalheiro,1
Caveiro,1
Cavem,1
Cebola,1
Cecilia,1
Cecilio,1
Cego,1
Ceiça,1
Ceia,1
Celas,1
Celeiro,1
Celeste,1
Celestino,1
Celia,1
Celinho,1
Celorico,1
Cemra,1
Centeio,1
Centeno,1
Centurio,1
Cepas,1
Cepeda,1
Cequeira,1
Cera,1
Cerca,1
Cercosa,1
Cercoso,1
Cerda,1
Cerdeira,1
Cereja,1
Cerejeira,1
Cerejeiras,1
Cerejinho,1
Cerejo,1
Cerqueira,1
Certa,1
Certal,1
Certo,1
Cerva,1
Cerveira,1
Cesar,1
Cesario,1
Ceu,1
Cevada,1
Ceveira,1
Chaùla,1
Chadinha,1
Chagas,1
Chainça,1
Chainho,1
Chaleira,1
Chambinho,1
Chambino,1
Chambuca,1
Chamica,1
Chamico,1
Chande,1
Chantre,1
Chapado,1
Chaparra,1
Chapeleiro,1
Charana,1
Charato,1
Chareca,1
Charo,1
Charro,1
Chasqueira,1
Chasqueiro,1
Chau,1
Chaveiro,1
Chaves,1
Chavinha,1
Cheganças,1
Chegoo,1
Cheicho,1
Cheilinho,1
Chelinho,1
Chendo,1
Chenrim,1
Chicharo,1
Chichorro,1
Chico,1
Chicoria,1
Chieira,1
Chiganças,1
Chilro,1
Chim,1
China,1
Chindombe,1
Chiote,1
Chiqueiro,1
Chiquelho,1
Chiquita,1
Chita,1
Chito,1
Choco,1
Choo,1
Chora,1
Chorincas,1
Choroo,1
Chorro,1
Choucha,1
Choupeiro,1
Chouriceiro,1
Chouzendo,1
Chula,1
Churra,1
Chuteira,1
Chuva,1
Cid,1
Cidade,1
Cide,1
Cieiro,1
Cigano,1
Cigarro,1
Cimo,1
Cinca,1
Cintra,1
Cintroo,1
Cintura,1
Cioga,1
Cipriano,1
Cirino,1
Cirne,1
Cisneiros,1
Clacio,1
Cladio,1
Clamote,1
Clara,1
Clarinha,1
Claro,1
Claudino,1
Clemente,1
Clementina,1
Clementinha,1
Clementinho,1
Clerigo,1
Cleto,1
Climaco,1
Coalho,1
Coanhas,1
Cobrado,1
Coca,1
Cocena,1
Cocenas,1
Cochico,1
Cochinho,1
Cochofel,1
Codeas,1
Codeco,1
Codinga,1
Coelha,1
Coelhinho,1
Coelho,1
Coelle,1
Coichete,1
Coimbra,1
Coisinha,1
Coito,1
Coixo,1
Colaço,1
Colasso,1
Colchete,1
Colela,1
Collus,1
Colonnese,1
Comba,1
Combo,1
Comendinha,1
Completo,1
Conceiçoo,1
Conchilla,1
Condeço,1
Conde,1
Condessa,1
Condesso,1
Condinho,1
Conduto,1
Confraria,1
Conrado,1
Conraria,1
Conscienca,1
Constantino,1
Constencio,1
Constentino,1
Contente,1
Contins,1
Coquim,1
Coradinho,1
Corado,1
Coragem,1
Corchana,1
Corcino,1
Corda,1
Cordas,1
Cordeira,1
Cordeiro,1
Cordinha,1
Corga,1
Corgas,1
Corguinho,1
Corgulho,1
Corigo,1
Corino,1
Cornelio,1
Coroa,1
Coronel,1
Coronha,1
Coronho,1
Corono,1
Corral,1
Corredor,1
Correia,1
Corrente,1
Corroo,1
Corsino,1
Corte,1
Corte-Real,1
Cortes,1
Cortesoo,1
Cortez,1
Cortezoo,1
Corticeiro,1
Cortico,1
Cortinado,1
Corujo,1
Corvas,1
Corveira,1
Cosme,1
Costa,1
Costeira,1
Cota,1
Cotanheira,1
Cotas,1
Coteiro,1
Cotinha,1
Coto,1
Cotovio,1
Cotrim,1
Couceiro,1
Coucelo,1
Coucenas,1
Couchinho,1
Courela,1
Courelas,1
Coutaya,1
Couteiro,1
Coutinho,1
Couto,1
Couvinhas,1
Couxo,1
Couxoo,1
Cova,1
Covas,1
Covela,1
Coxito,1
Coxixo,1
Coxo,1
Cozinheiro,1
Cracha,1
Crachat,1
Crames,1
Crasto,1
Craveirinha,1
Craveiro,1
Cravid,1
Cravide,1
Cravidoo,1
Cravinho,1
Cravino,1
Cravo,1
Creada,1
Creado,1
Cremilde,1
Creolo,1
Crespim,1
Crespo,1
Criada,1
Criado,1
Crisostomo,1
Crispiano,1
Crispim,1
Crispimiano,1
Cristas,1
Cristiano,1
Cristina,1
Cristino,1
Cristo,1
Cristov,1
Cro,1
Croado,1
Croino,1
Cruchinho,1
Crucho,1
Cruel,1
Crus,1
Cruto,1
Cruz,1
Cruzeiro,1
Cuanhas,1
Cucio,1
Cuco,1
Cunha,1
Cupido,1
Cura,1
Curado,1
Curate,1
Curcialeiro,1
Curdia,1
Curioso,1
Currais,1
Curral,1
Curralo,1
Curto,1
Curveira,1
Curvelo,1
Custo,1
Custodia,1
Custodio,1
Cutelo,1
Cyrne,1
D'eca,1
Daciana,1
Daira,1
Dalina,1
Dallot,1
Damas,1
Damasceno,1
Damasco,1
Damasia,1
Damasio,1
Damaso,1
Damazio,1
Damica,1
Damioo,1
Daniel,1
Dantas,1
Dario,1
Data,1
David,1
Davim,1
Dedal,1
Degues,1
Deira,1
Dejardim,1
Delages,1
Delfina,1
Delgadinho,1
Delgado,1
Delille,1
Dentas,1
Dente,1
Dentinho,1
Deodato,1
Derresa,1
Desangues,1
Desiderio,1
Desterro,1
Deus,1
Devesa,1
Deveza,1
Diamentino,1
Dias,1
Diego,1
Dieguez,1
Dimas,1
Dinho,1
Dinis,1
Diniz,1
Diogo,1
Dionisio,1
Direitinho,1
Direito,1
Disa,1
Dixe,1
Diz,1
Djalo,1
Dobreiro,1
Doce,1
Doigner,1
Dombele,1
Domigos,1
Domingos,1
Domingues,1
Dominguez,1
Donario,1
Donas,1
Donato,1
Dontel,1
Donzelo,1
Doo,1
Dordia,1
Dordio,1
Dores,1
Doria,1
Dorries,1
Dourado,1
Drago,1
Duarte,1
Dulce,1
Dunhoo,1
Duque,1
Duraes,1
Durana,1
Duro,1
Duroo,1
Duverge,1
Duzarte,1
Ebo,1
Eca,1
Echevarria,1
Edra,1
Eduardo,1
Egas,1
Egidio,1
Eira,1
Eiras,1
Eirinha,1
Eirinhas,1
Eleuterio,1
Elias,1
Elifiario,1
Elisa,1
Eliseu,1
Elisiario,1
Eloi,1
Eloy,1
Elvas,1
Elvira,1
Emidio,1
Emilia,1
Emilio,1
Encarnacoo,1
Enes,1
Engels,1
Engenheira,1
Engenheiro,1
Engracia,1
Engracio,1
Entresede,1
Enxuga,1
Epifanio,1
Erdoino,1
Erduino,1
Ereia,1
Ereio,1
Ereira,1
Ermeiro,1
Ermelinda,1
Ermenegildo,1
Ermida,1
Ermitoo,1
Ernesto,1
Erse,1
Ervideira,1
Escabeche,1
Escada,1
Escadas,1
Escalda,1
Escalho,1
Escalhorda,1
Escapes,1
Escarigo,1
Escaropa,1
Escaroupa,1
Escoli,1
Escudeiro,1
Esculca,1
Esculcas,1
Escumalha,1
Esequiel,1
Esgaio,1
Esgalhado,1
Esmeraldo,1
Esmoris,1
Espada,1
Espadilha,1
Espadinha,1
Esperança,1
Esperto,1
Espiga,1
Espigado,1
Espingardaria,1
Espinha,1
Espinhal,1
Espinho,1
Espirito-Santo,1
Esquina,1
Estaca,1
Estacio,1
Estanislau,1
Estanque,1
Estanqueiro,1
Estaqueiro,1
Ester,1
Estereiro,1
Estevam,1
Estevem,1
Estevens,1
Esteves,1
Estevez,1
Estevinho,1
Estevoes,1
Estevoo,1
Estima,1
Estores,1
Estrafalhote,1
Estrela,1
Estrelado,1
Estrompa,1
Estudante,1
Eufemia,1
Eufrasia,1
Eufrasio,1
Eufrazio,1
Eugenia,1
Eugenio,1
Euquerio,1
Eusebio,1
Evangelista,1
Evaristo,1
Exposta,1
Externato,1
Ezequiel,1
Façanha,1
Façanhas,1
Façoo,1
Fabioo,1
Fabre,1
Faca,1
Facas,1
Fachada,1
Fachadas,1
Facucho,1
Facundo,1
Fadiga,1
Fadigas,1
Fael,1
Fagaio,1
Fago,1
Fagueiro,1
Fagulha,1
Fagundes,1
Faia,1
Faias,1
Faim,1
Faina,1
Faisca,1
Fajardo,1
Falcoo,1
Fale,1
Faleiro,1
Falhas,1
Falim,1
Falizol,1
Falorca,1
Fan,1
Faneca,1
Faneco,1
Fanfa,1
Fangala,1
Fantasia,1
Fantezia,1
Fanzeres,1
Farate,1
Fardilha,1
Farela,1
Fareleira,1
Fareleiro,1
Farelo,1
Farfalha,1
Farfante,1
Faria,1
Farias,1
Farinesa,1
Farinha,1
Faro,1
Faroleiro,1
Farragos,1
Farrapo,1
Farraposo,1
Farreca,1
Farrolas,1
Farromba,1
Farropa,1
Fartareia,1
Fartaria,1
Farto,1
Fartura,1
Fastio,1
Fateixa,1
Fatela,1
Fatelo,1
Faterio,1
Fati,1
Fatia,1
Faustino,1
Faustuno,1
Favas,1
Faveiro,1
Fazenda,1
Fazendeiro,1
Fefile,1
Feigosa,1
Feigueira,1
Feijoeiro,1
Feijoo,1
Feio,1
Feiteira,1
Feiteirinha,1
Feiteiro,1
Feitor,1
Feixeira,1
Felgar,1
Felgueira,1
Felgueiras,1
Felicia,1
Feliciano,1
Felicio,1
Felimino,1
Felino,1
Felipe,1
Felisbela,1
Felisberto,1
Felismina,1
Felix,1
Felizardo,1
Feranandes,1
Ferdinando,1
Fereira,1
Fernades,1
Fernanda,1
Fernandes,1
Fernandez,1
Fernandinho,1
Fernando,1
Ferra,1
Ferradosa,1
Ferragem,1
Ferralho,1
Ferrari,1
Ferraria,1
Ferraz,1
Ferreira,1
Ferreirinha,1
Ferreirinho,1
Ferreiro,1
Ferreo,1
Ferrer,1
Ferrete,1
Ferriera,1
Ferrinha,1
Ferrinho,1
Ferrito,1
Ferro,1
Ferrolho,1
Ferronha,1
Ferroo,1
Ferros,1
Ferruguento,1
Fervença,1
Festa,1
Festas,1
Fetal,1
Feteira,1
Fevereiro,1
Fiadeiro,1
Fial,1
Fialho,1
Fiandeiro,1
Fians,1
Fibroo,1
Fiche,1
Fidalgo,1
Fiel,1
Fiens,1
Figo,1
Figueira,1
Figueiras,1
Figueiredo,1
Figueirinhas,1
Figurino,1
Fileno,1
Filipe,1
Fineza,1
Fino,1
Finote,1
Fioes,1
Fiolhais,1
Firme,1
Firmina,1
Firmino,1
Firmo,1
Fitas,1
Fiteira,1
Fiteiro,1
Fiuza,1
Fixe,1
Flaminio,1
Flor,1
Flora,1
Florencio,1
Florentino,1
Flores,1
Florido,1
Florinda,1
Florindo,1
Florio,1
Florista,1
Floro,1
Fogueiro,1
Foitinho,1
Foito,1
Foja,1
Fojo,1
Folgado,1
Folgosa,1
Folha,1
Folhadela,1
Folhas,1
Folhinha,1
Folques,1
Fona,1
Fonseca,1
Fontainhas,1
Fontes,1
Fontinha,1
Fontinhas,1
Fontoo,1
Fontoura,1
Formiga,1
Formigal,1
Formigo,1
Forneas,1
Forneiro,1
Forte,1
Fortes,1
Fortio,1
Fortuna,1
Fortunato,1
Foto,1
Fouto,1
Frade,1
Frades,1
Fradigano,1
Fradigas,1
Fradilha,1
Fradinho,1
Fradique,1
Fraga,1
Fragata,1
Fragoo,1
Fragoselo,1
Fragoso,1
Fragueiro,1
Fraioo,1
Frajuca,1
França,1
Franca,1
France,1
Francela,1
Frances,1
Francisca,1
Francisco,1
Franco,1
Franganito,1
Franganote,1
Frango,1
Franjo,1
Franqueira,1
Franquinho,1
Fraqueiro,1
Frasoo,1
Frausto,1
Frazoo,1
Freches,1
Frederico,1
Freire,1
Freirinhas,1
Freitas,1
Freixeira,1
Freixiano,1
Freixieira,1
Freixinho,1
Freixo,1
Fresco,1
Fresta,1
Friaes,1
Frialva,1
Frias,1
Froes,1
Frois,1
Frota,1
Froufe,1
Fruela,1
Frutuoso,1
Fuentefria,1
Fulgencio,1
Fumeiro,1
Fundacoo,1
Fundo,1
Funzamo,1
Furet,1
Furfuro,1
Furriel,1
Furriela,1
Furtado,1
Furtuna,1
Fuschini,1
Fusco,1
Fuseiro,1
Fuso,1
Futre,1
Fuzeiro,1
Fuzeta,1
Gàseo,1
Gàsio,1
Gabinete,1
Gabriel,1
Gabriela,1
Gadanha,1
Gadanho,1
Gadelho,1
Gafagnoo,1
Gafanhoto,1
Gafeira,1
Gago,1
Gagueiro,1
Gaia,1
Gaiatas,1
Gaiato,1
Gaiaz,1
Gaio,1
Gaiola,1
Gaioo,1
Gaioso,1
Gaitas,1
Gaivoo,1
Gaivoto,1
Gala,1
Galamba,1
Galanos,1
Galante,1
Galas,1
Galatinha,1
Galego,1
Galginho,1
Galha,1
Galhano,1
Galhardo,1
Galhardos,1
Galheta,1
Galhispo,1
Galhofa,1
Galhota,1
Galinho,1
Galioto,1
Galito,1
Galocha,1
Galoo,1
Galoto,1
Galrito,1
Galtarossa,1
Galveias,1
Galvelas,1
Galvina,1
Galvinhas,1
Galvoo,1
Gama,1
Gamacho,1
Gamas,1
Gamboa,1
Gamboias,1
Gameira,1
Gameiro,1
Gamel,1
Gamela,1
Gamelas,1
Gaminha,1
Gamito,1
Ganaipe,1
Ganaipo,1
Gananca,1
Ganchas,1
Gandaia,1
Gandaio,1
Gandara,1
Gandares,1
Gandarez,1
Gandra,1
Gandum,1
Ganhitas,1
Ganhito,1
Ganho,1
Ganhoo,1
Ganilha,1
Ganilho,1
Ganito,1
Gante,1
Gapo,1
Garalho,1
Garces,1
Garcez,1
Garcia,1
Garcoo,1
Gardete,1
Gare,1
Gariso,1
Garra,1
Garrelhas,1
Garrett,1
Garrido,1
Garrim,1
Garriopa,1
Garrizo,1
Garro,1
Garrote,1
Garrucho,1
Garruco,1
Gasalho,1
Gasil,1
Gasolo,1
Gaspar,1
Gastalho,1
Gastoo,1
Gastro,1
Gata,1
Gateira,1
Gatinho,1
Gato,1
Gatoes,1
Gatueiro,1
Gaudencio,1
Gauloo,1
Gavancha,1
Gavinhas,1
Gavinho,1
Gavinhos,1
Gavino,1
Gavioo,1
Gazua,1
Geada,1
Geadas,1
Geboes,1
Geirinhas,1
Geitoeira,1
Geitoso,1
Gemelgo,1
Genebra,1
Genesio,1
Genoveva,1
Genro,1
Gentil,1
Geraldes,1
Geraldo,1
Gerardo,1
Geria,1
Germano,1
Gersoo,1
Gertrudes,1
Gervasio,1
Gestosa,1
Giestas,1
Giesteira,1
Gigante,1
Gil,1
Gilberto,1
Gilo,1
Gimenes,1
Gineza,1
Ginja,1
Gioo,1
Giraldes,1
Giraldo,1
Girio,1
Giroes,1
Giroo,1
Giroto,1
Glazion,1
Gligo,1
Gloria,1
Godinho,1
Goiense,1
Gois,1
Goja,1
Gomes,1
Gonçalo,1
Gonçalves,1
Gonilho,1
Gonzaga,1
Gorda,1
Gordalina,1
Gordino,1
Gordo,1
Gorgulho,1
Goris,1
Gorjoo,1
Gosto,1
Gote,1
Gouloo,1
Gouveia,1
Graça,1
Gracina,1
Gracinda,1
Gracio,1
Grada,1
Grade,1
Gradil,1
Gradim,1
Gradissimo,1
Gradiz,1
Grafanato.,1
Grais,1
Gralha,1
Gralheiro,1
Gramaca,1
Gramacha,1
Gramacho,1
Granacha,1
Granada,1
Granadeiro,1
Granado,1
Grancho,1
Grandoo,1
Granelas,1
Grangeia,1
Granja,1
Granjal,1
Granjeia,1
Granjo,1
Graudo,1
Graval,1
Gravato,1
Grave,1
Gravelho,1
Graveto,1
Graziela,1
Grazina,1
Grazino,1
Gregoria,1
Gregorio,1
Grelo,1
Grencho,1
Grenha,1
Greu,1
Grifo,1
Grilo,1
Grine,1
Gromba,1
Groo,1
Groos,1
Grosso,1
Grou,1
Grumete,1
Gualdino,1
Guapo,1
Guardado,1
Guardoo,1
Guarino,1
Guarniero,1
Guedelha,1
Guedes,1
Gueidoo,1
Guelho,1
Guera,1
Guerra,1
Guerreiro,1
Guerrinha,1
Guia,1
Guilherme,1
Guilhermino,1
Guilhoto,1
Guillanot,1
Guimaraes,1
Guimaro,1
Guimas,1
Guina,1
Guinapo,1
Guincho,1
Guine,1
Guiomar,1
Gulomar,1
Guloo,1
Gurate,1
Gurgo,1
Gusmoo,1
Guterres,1
Gutierres,1
Gutierrez,1
Hage,1
Haja,1
Haour,1
Hasse,1
Hebil,1
Heitor,1
Helena,1
Heleno,1
Heliodoro,1
Henrique,1
Henriques,1
Henriqueto,1
Herbert,1
Herbete,1
Herdade,1
Herdeiros,1
Hermenegildo,1
Hermida,1
Herminio,1
Hernandez,1
Hervet,1
Hespanha,1
Higino,1
Hilario,1
Hildeberto,1
Hinga,1
Hipolito,1
Hipopotamo,1
Homem,1
Honorato,1
Honorio,1
Honoro,1
Honrado,1
Horas,1
Hormigo,1
Horta,1
Hortas,1
Horteloo,1
Hortencio,1
Houvera,1
Hugo,1
Humer,1
Husson,1
Ianhes,1
Ibrito,1
Ideas,1
Ideias,1
Iglesias,1
Igreja,1
Ilda,1
Ilharco,1
Ilheu,1
Imaginario,1
Inacio,1
Incenso,1
Ines,1
Infante,1
Ingles,1
Inho,1
Inocencio,1
Inverno,1
Iredio,1
Irene,1
Iria,1
Isaac,1
Isabel,1
Isaias,1
Isarte,1
Isaura,1
Isca,1
Isento,1
Isidoro,1
Isidro,1
Ismania,1
Ivo,1
Izidoro,1
Jooo,1
Laborinho,1
Labronço,1
Laca,1
Lacerda,1
Lacueva,1
Ladeira,1
Ladeiras,1
Ladeiro,1
Lafoo,1
Laga,1
Lagarelhos,1
Lagares,1
Lagarinhas,1
Lagarinhos,1
Lagarto,1
Lage,1
Lages,1
Lagido,1
Laginha,1
Lagiosa,1
Lago,1
Lagoa,1
Lagoas,1
Laia,1
Laiginhas,1
Laim,1
Laindo,1
Laino,1
Laires,1
Lajinhas,1
Lajoso,1
Lalanda,1
Lamachoo,1
Lamas,1
Lambelho,1
Lamegal,1
Lamego,1
Lameira,1
Lameiras,1
Lameirias,1
Lameirinha,1
Lameirinhas,1
Lameirinho,1
Lampreia,1
Lança,1
Landeiro,1
Lantoine,1
Lanzinha,1
Lapas,1
Lapo,1
Lapoo,1
Lara,1
Laranjeira,1
Laranjeiro,1
Laranjinha,1
Laranjo,1
Lareia,1
Largo,1
Largueisa,1
Lasca,1
Lascas,1
Lata,1
Latado,1
Latino,1
Laudo,1
Laureano,1
Laurentino,1
Laurina,1
Laurinda,1
Lauro,1
Lavadinho,1
Lavado,1
Lavajo,1
Lavinha,1
Lavos,1
Lavoura,1
Lavrador,1
Lazaro,1
Lazo,1
Leal,1
Leamaro,1
Leandro,1
Lebre,1
Lebreiro,1
Lebres,1
Lecas,1
Lecoq,1
Lecoque,1
Ledo,1
Legnissimo,1
Leigo,1
Leio,1
Leiras,1
Leiria,1
Leirinha,1
Leirioo,1
Leite,1
Leiteira,1
Leiteiro,1
Leitoa,1
Leitoo,1
Lele,1
Lemos,1
Lencastre,1
Leocadia,1
Leocadio,1
Leonardo,1
Leonel,1
Leonidas,1
Leonilde,1
Leonor,1
Leoo,1
Leopoldo,1
Leoquedio,1
Leote,1
Leques,1
Lercas,1
Lerias,1
Lero,1
Leston,1
Letra,1
Letras,1
Lette,1
Levita,1
Levy,1
Libanio,1
Libano,1
Liberado,1
Liberal,1
Liberato,1
Liberto,1
Liborio,1
Ligeira,1
Ligeiro,1
Ligueira,1
Lila,1
Lima,1
Limede,1
Limoo,1
Lincho,1
Lindeza,1
Lindim,1
Lindinho,,1
Lindino,1
Lindo,1
Lindote,1
Lines,1
Linhares,1
Lino,1
Lisboa,1
Lisboeta,1
Lisete,1
Liso,1
Livramente,1
Livramento,1
Liz,1
Lobato,1
Lobito,1
Lobo,1
Loboo,1
Logarinho,1
Logeiro,1
Loio,1
Loios,1
Loja,1
Lojes,1
Lomanda,1
Lomba,1
Lomeiro,1
Lomelino,1
Lona,1
Longinho,1
Longo,1
Lontro,1
Lopes,1
Lopez,1
Lopo,1
Loreiro,1
Lorena,1
Loreto,1
Lorga,1
Lorigo,1
Losna,1
Lote,1
Louçano,1
Louçeira,1
Louçeiro,1
Loura,1
Loural,1
Lourdes,1
Loureiro,1
Lourenço,1
Louriceiras,1
Lourinho,1
Louro,1
Louros,1
Lousa,1
Lousada,1
Lousado,1
Louzada,1
Louzao,1
Lucas,1
Lucena,1
Luceno,1
Luciano,1
Lucinda,1
Lucio,1
Ludgero,1
Ludovico,1
Ludovino,1
Luis,1
Luisa,1
Luisio,1
Luiz,1
Lumona,1
Luna,1
Lunta,1
Lurdes,1
Luro,1
Lusindre,1
Lusitana,1
Lusitano,1
Luta,1
Luto,1
Luxo,1
Luz,1
Luzeiro,1
Luzia,1
Luzio,1
Maças,1
Maço,1
Maçoo,1
Macana,1
Macaria,1
Macario,1
Macatroo,1
Macedo,1
Maceiras,1
Maceiros,1
Macena,1
Machado,1
Machas,1
Machaz,1
Machial,1
Machoo,1
Macias,1
Macieira,1
Maciel,1
Macorano,1
Macoya,1
Madail,1
Madalena,1
Madaleno,1
Madama,1
Madanelo,1
Madeira,1
Madruga,1
Madrugo,1
Madureira,1
Maduro,1
Mafra,1
Magalhaes,1
Maganinho,1
Magano,1
Magessi,1
Magina,1
Magno,1
Magrico,1
Magrinho,1
Magro,1
Magueija,1
Magueijo,1
Magueta,1
Maia,1
Mainho,1
Maior,1
Major,1
Malaca,1
Malafaia,1
Malagueira,1
Malaguena,1
Malaguerra,1
Malaquias,1
Malaspina,1
Malato,1
Malca,1
Malcata,1
Malcatanho,1
Malcato,1
Maldonado,1
Maleira,1
Maleiro,1
Maleita,1
Males,1
Malhadas,1
Malhadeiro,1
Malhados,1
Malhas,1
Malheiro,1
Malho,1
Malhoo,1
Malicia,1
Malicio,1
Maligno,1
Malo,1
Malos,1
Malta,1
Maltes,1
Maltez,1
Malva,1
Malvar,1
Malvas,1
Malveira,1
Malveiro,1
Mamaia,1
Mamede,1
Mamoto,1
Manaia,1
Manala,1
Manangoo,1
Manano,1
Manarte,1
Manata,1
Mancelos,1
Mancilha,1
Manco,1
Maneca,1
Manecas,1
Maneira,1
Maneja,1
Maneta,1
Manga,1
Mangana,1
Mangili,1
Mangueira,1
Mangueta,1
Maniço,1
Mani,1
Manique,1
Mano,1
Manoo,1
Manquinho,1
Mansa,1
Mansilha,1
Manso,1
Manta,1
Mantas,1
Manteigas,1
Manteigueiro,1
Manuel,1
Manzarra,1
Marçal,1
Marçalo,1
Marçoo,1
Mar,1
Maraco,1
Marado,1
Maranha,1
Maranhas,1
Maranhoo,1
Maranhoto,1
Marante,1
Marantes,1
Maravalhas,1
Maravilha,1
Marca,1
Marcalino,1
Marcela,1
Marcelino,1
Marcelo,1
Marceneiro,1
Marchoo,1
Marco,1
Marcolino,1
Marconi,1
Marcos,1
Mareco,1
Marfalho,1
Margaço,1
Margalhau,1
Margalho,1
Margarida,1
Margarido,1
Margato,1
Margeneiro,1
Maria,1
Marialva,1
Mariano,1
Maricato,1
Maricoto,1
Marinha,1
Marinheira,1
Marinheiro,1
Marinho,1
Marins,1
Marioni,1
Mariquinhas,1
Mariz,1
Marme,1
Marmeleiro,1
Marmelo,1
Marmorista,1
Marmoto,1
Maro,1
Maroco,1
Marota,1
Marouvo,1
Marovas,1
Marques,1
Marquez,1
Marra,1
Marracho,1
Marrafa,1
Marralheiro,1
Marramaque,1
Marras,1
Marrazes,1
Marreco,1
Marreiros,1
Marrocano,1
Marroni,1
Marroo,1
Marrucho,1
Marruz,1
Marta,1
Martanhoo,1
Marte,1
Marteleira,1
Martelo,1
Martha,1
Martin,1
Martinez,1
Martinho,1
Martins,1
Martires,1
Marto,1
Marues,1
Marugeiro,1
Marujeiro,1
Marujo,1
Marvoo,1
Marzagoo,1
Marzia,1
Mascarenha,1
Mascarenhas,1
Mascato,1
Massa,1
Massano,1
Massena,1
Mata,1
Matado,1
Matamouros,1
Matanca,1
Matanco,1
Mateiro,1
Matela,1
Mateus,1
Matias,1
Matos,1
Matoso,1
Matta,1
Matuto,1
Mau,1
Mauricio,1
Maximina,1
Maximino,1
Maximo,1
Mayer,1
Mayor,1
Meco,1
Meda,1
Medeiros,1
Medina,1
Medinas,1
Mega,1
Megre,1
Meiavia,1
Meijinhos,1
Meimoa,1
Meira,1
Meireis,1
Meireles,1
Meirinho,1
Meirinhos,1
Meiro,1
Meixedo,1
Mela,1
Melado,1
Melancia,1
Melanda,1
Melaneo,1
Melanio,1
Melato,1
Melchior,1
Meleira,1
Meleiro,1
Melenas,1
Melfe,1
Melgueira,1
Melhorado,1
Meliciano,1
Melicias,1
Melo,1
Melrica,1
Melro,1
Meluria,1
Mena,1
Menacho,1
Menamo,1
Menano,1
Mendanha,1
Mendes,1
Mendo,1
Mendonça,1
Menem,1
Menes,1
Meneses,1
Menezes,1
Mengo,1
Meni,1
Menino,1
Menitra,1
Menoita,1
Menzel,1
Merca,1
Mercatelli,1
Mercatudo,1
Mercearia,1
Merces,1
Merciano,1
Mergulho,1
Mergulhoo,1
Merouço,1
Meruje,1
Mesquita,1
Messias,1
Mestre,1
Metelo,1
Mexeda,1
Mexia,1
Micaelo,1
Micolo,1
Midoes,1
Migueis,1
Miguel,1
Miguelana,1
Miguens,1
Milagaia,1
Milagre,1
Milhana,1
Milhano,1
Milheiras,1
Milheiriço,1
Milheiro,1
Milhinhos,1
Milhona,1
Miliciano,1
Militoo,1
Mimoso,1
Minas,1
Minau,1
Minderico,1
Mindrico,1
Mineiro,1
Minga,1
Mingacho,1
Mingachos,1
Mingatos,1
Mingocho,1
Mingote,1
Minhos,1
Minhoto,1
Ministro,1
Minnis,1
Minuda,1
Mioludo,1
Miquelina,1
Miquelino,1
Mira,1
Miragaia,1
Miraldo,1
Miranda,1
Mirones,1
Miroo,1
Miroto,1
Misarela,1
Missa,1
Mitra,1
Mitras,1
Miudo,1
Moço,1
Moacho,1
Moas,1
Moceto,1
Mocho,1
Mocito,1
Moedas,1
Moega,1
Moes,1
Mogas,1
Mogo,1
Mogofores,1
Moimenta,1
Moinheiro,1
Moinho,1
Moinhos,1
Moio,1
Moises,1
Moisoo,1
Moita,1
Moital,1
Moiteiro,1
Moitinho,1
Molato,1
Moleano,1
Moleirinho,1
Moleiro,1
Moliano,1
Mona,1
Monarca,1
Moncada,1
Mondego,1
Monetiro,1
Monforte,1
Monica,1
Monico,1
Moniz,1
Monsanto,1
Montalvoo,1
Montargil,1
Monte,1
Monteira,1
Monteirinho,1
Monteiro,1
Monteiros,1
Montelobo,1
Montenegro,1
Montes,1
Montez,1
Montinho,1
Mora,1
Morado,1
Moraes,1
Morais,1
Morales,1
Morato,1
Morcela,1
Mordomo,1
Moreira,1
Moreiras,1
Morenito,1
Moreno,1
Morgadaz,1
Morgadinho,1
Morgado,1
Morgados,1
Morganho,1
Morganico,1
Morim,1
Morins,1
Morna,1
Moronha,1
Moroo,1
Moroso,1
Moroto,1
Morouça,1
Mortagua,1
Morte,1
Mortinheira,1
Mortinho,1
Morujoo,1
Mosa,1
Mosqueira,1
Mossa,1
Mostra,1
Mota,1
Moteiro,1
Moteo,1
Moto,1
Moucho,1
Mouchoo,1
Mouco,1
Mouga,1
Moura,1
Mourato,1
Mourinha,1
Mourinho,1
Mourisca,1
Mourita,1
Mouro,1
Mouroco,1
Mouronho,1
Mouroo,1
Mourosso,1
Mousaco,1
Mouta,1
Moutinho,1
Mouzelo,1
Mouzinho,1
Moza,1
Mucha,1
Muchagata,1
Muchata,1
Muge,1
Mugeiro,1
Mugeiros,1
Muja,1
Muje,1
Mujeiro,1
Munhos,1
Munhoz,1
Murad,1
Muralha,1
Murca,1
Mureiro,1
Murilhas,1
Murouço,1
Murs,1
Murta,1
Murtinheira,1
Murtinho,1
Muxagata,1
Muxana,1
Muxata,1
Muxito,1
Nabais,1
Nabeiro,1
Nabeto,1
Nabo,1
Naboco,1
Nabuco,1
Nada,1
Naia,1
Namora,1
Namorado,1
Nandolo,1
Nantes,1
Napoleoo,1
Napoles,1
Narciso,1
Narigoo,1
Nascimento,1
Nata,1
Natarie,1
Natario,1
Natividade,1
Navarro,1
Nave,1
Nazare,1
Nazareth,1
Nazario,1
Neca,1
Necha,1
Negroo,1
Neiva,1
Nel,1
Nelas,1
Nelo,1
Neno,1
Nercio,1
Neres,1
Nereu,1
Neri,1
Nerro,1
Neta,1
Neto,1
Neve,1
Neves,1
Nibau,1
Nico,1
Nicola,1
Nicolau,1
Nicoleta,1
Nieto,1
Nifra,1
Nilva,1
Nilza,1
Nina,1
Nine,1
Ninho,1
Nini,1
Nisa,1
Niza,1
Noberto,1
Noble,1
Nobre,1
Nobrega,1
Nobreza,1
Noeme,1
Noemia,1
Nogueira,1
Nogueiras,1
Nogueirinha,1
Noira,1
Noite,1
Noivo,1
Nolasco,1
Nomboro,1
Nora,1
Norberto,1
Norinho,1
Noro,1
Noronha,1
Norte,1
Norton,1
Nossa,1
Notas,1
Noutel,1
Nova,1
Novais,1
Noval,1
Novissimo,1
Novo,1
Nujo,1
Nunes,1
Nuno,1
Oca,1
Oeiras,1
Ogeda,1
Oiteiro,1
Ojeda,1
Olaia,1
Olaio,1
Olas,1
Olavo,1
Olayo,1
Olazabal,1
Olegario,1
Olim,1
Olimpio,1
Oliva,1
Olival,1
Oliveira,1
Oliveirinha,1
Oliveiro,1
Oliveiros,1
Olivenca,1
Olivira,1
Olmas,1
Onça,1
Onofre,1
Opinioo,1
Ordonhas,1
Orey,1
Orfoo,1
Ornelas,1
Orosa,1
Orquidea,1
Orrico,1
Ortigoo,1
Ortigoso,1
Ortigueira,1
Orvalho,1
Oscar,1
Osorio,1
Otero,1
Otilia,1
Otilio,1
Otoo,1
Outeirinho,1
Outeiro,1
Ova,1
Ovaia,1
Ovelha,1
Pabricas,1
Pacheco,1
Padeiro,1
Padez,1
Padilha,1
Padres,1
Padroo,1
Padua,1
Pagado,1
Pagaimo,1
Paglione,1
Paim,1
Painçal,1
Painço,1
Paioo,1
Paios,1
Pais,1
Paisana,1
Paiva,1
Paixoo,1
Pala,1
Palaia,1
Palaio,1
Palancha,1
Paleco,1
Palha,1
Palhais,1
Palhares,1
Palhavo,1
Palheiro,1
Palhim,1
Palhinha,1
Palhota,1
Palhoto,1
Palinha,1
Palinhas,1
Palinhos,1
Paliteiro,1
Palito,1
Pallaruelo,1
Pallerinhas,1
Palma,1
Palmeira,1
Palmeiro,1
Palmeiroo,1
Palmela,1
Palminha,1
Palmira,1
Palona,1
Palos,1
Palpino,1
Palricas,1
Palrilha,1
Palrinhas,1
Palumbo,1
Palveiro,1
Pama,1
Pamoo,1
Pampiona,1
Panças,1
Panarra,1
Panasco,1
Paneiro,1
Paninha,1
Panoo,1
Panta,1
Pantaleoo,1
Pantanal,1
Panto,1
Paone,1
Paour,1
Papel,1
Papises,1
Papizes,1
Papolla,1
Paquete,1
Paquim,1
Parada,1
Paradela,1
Paradinha,1
Parafita,1
Paraiso,1
Paralta,1
Paramos,1
Paranhos,1
Paratudo,1
Parcurso,1
Pardal,1
Pardelejo,1
Pardinha,1
Paredes,1
Pareira,1
Parente,1
Parola,1
Parra,1
Parracheiro,1
Parracho,1
Parreira,1
Parreiral,1
Parreiras,1
Parreiroo,1
Parrinha,1
Parrinhas,1
Parro,1
Pascoa,1
Pascoal,1
Pascoalinho,1
Pascoinho,1
Passadouro,1
Passarada,1
Passarinho,1
Passeira,1
Passeiro,1
Passinhas,1
Passinho,1
Passos,1
Pastilha,1
Pastor,1
Pastorinho,1
Pata,1
Pataca,1
Patacoo,1
Pataias,1
Patarata,1
Patarra,1
Pateira,1
Patinho,1
Pato,1
Patois,1
Patoleira,1
Patriarca,1
Patricio,1
Patrocinia,1
Patrocinio,1
Patronilho,1
Patroo,1
Patto,1
Patueli,1
Patuleia,1
Patulera,1
Paublita,1
Paul,1
Paula,1
Paulas,1
Paulete,1
Paulette,1
Paulino,1
Paulo,1
Paulos,1
Paulouro,1
Paurilha,1
Pauseiro,1
Pauzeiro,1
Paveia,1
Paveiro,1
Pavia,1
Pavoo,1
Paz,1
Peça,1
Peças,1
Peba,1
Pecada,1
Pecador,1
Pecanço,1
Pechilas,1
Pechim,1
Pechinche,1
Pechorro,1
Pecurto,1
Pedra,1
Pedras,1
Pedreira,1
Pedreiro,1
Pedrica,1
Pedrinho,1
Pedro,1
Pedrogam,1
Pedronho,1
Pedrosa,1
Pedroso,1
Pedroto,1
Pedruco,1
Peeira,1
Pega,1
Pegado,1
Pego,1
Peguinho,1
Peixe,1
Peixeiria,1
Peixeiro,1
Peixinho,1
Peixoto,1
Pelagio,1
Pelajo,1
Pelarigo,1
Peleja,1
Pelica,1
Pelicana,1
Pelicano,1
Pelicho,1
Peliz,1
Pelotas,1
Pelote,1
Pelotte,1
Pena,1
Penacho,1
Penalva,1
Pendilhe,1
Peneda,1
Penedo,1
Penedos,1
Peneira,1
Peneque,1
Penetra,1
Penha,1
Peniche,1
Penicheiro,1
Peno,1
Penteado,1
Peoo,1
Pepe,1
Pepulino,1
Pequena,1
Pequeno,1
Pequenoo,1
Pequito,1
Pera,1
Peraboa,1
Peradente,1
Peralta,1
Percheiro,1
Percisa,1
Perdez,1
Perdigoo,1
Perdigoto,1
Perdiz,1
Pereira,1
Pereirinha,1
Pereiroo,1
Peres,1
Pereu,1
Perfeito,1
Peribaixo,1
Pericoo,1
Perie,1
Periz,1
Perna,1
Pernadas,1
Perneta,1
Pernil,1
Perola,1
Perpetua,1
Perpetuo,1
Perquilhas,1
Perrulas,1
Persio,1
Pesca,1
Pescante,1
Pesqueira,1
Pessa,1
Pessanha,1
Pessante,1
Pessego,1
Pessoa,1
Pestana,1
Petim,1
Petisca,1
Petricia,1
Petroneo,1
Petronilho,1
Petrucci,1
Peva,1
Piçarra,1
Piarali,1
Picado,1
Picanço,1
Picanco,1
Picarali,1
Picardo,1
Picassinos,1
Pichel,1
Pico,1
Picoo,1
Picota,1
Pidranca,1
Piedade,1
Pierrot,1
Pifaro,1
Pigarro,1
Pignatelli,1
Pilar,1
Piloo,1
Piloto,1
Pilro,1
Pimenta,1
Pimentel,1
Pimoo,1
Pimparel,1
Pimpoo,1
Pina,1
Pincel,1
Pincha,1
Pincoo,1
Pinela,1
Pinge,1
Pingio,1
Pinguel,1
Pinguinha,1
Pinhal,1
Pinhanços,1
Pinhansos,1
Pinheira,1
Pinheiro,1
Pinhel,1
Pinho,1
Pinhoo,1
Pino,1
Pinoo,1
Pinparel,1
Pintado,1
Pintassiglo,1
Pintauto,1
Pinto,1
Pintoo,1
Pintual,1
Pio,1
Pioo,1
Piorro,1
Pipa,1
Pipas,1
Pipeira,1
Pipo,1
Pires,1
Piriquito,1
Piriz,1
Pirola,1
Pirona,1
Piroo,1
Piroto,1
Pirre,1
Piscarreta,1
Piscino,1
Pisco,1
Pisoeiro,1
Pissara,1
Pistola,1
Pita,1
Pitarma,1
Pitas,1
Pite,1
Piteira,1
Pito,1
Pitoo,1
Placa,1
Placido,1
Plana,1
Pleno,1
Poça,1
Poças,1
Poço,1
Pocarinho,1
Poceiro,1
Pocinho,1
Pocinhos,1
Podairo,1
Podoo,1
Poeira,1
Poejo,1
Poeta,1
Poiares,1
Poiarez,1
Poim,1
Polaina,1
Polaine,1
Polainos,1
Polana,1
Poleina,1
Polena,1
Polho,1
Policarpo,1
Policiano,1
Polido,1
Polonia,1
Polonio,1
Polvora,1
Pomar,1
Pombal,1
Pombeiro,1
Pombicha,1
Pombo,1
Pompeu,1
Ponce,1
Ponces,1
Ponciano,1
Poncio,1
Ponte,1
Ponteiro,1
Pontes,1
Ponticife,1
Pontinha,1
Pontinhas,1
Pontoo,1
Poozinho,1
Populo,1
Porelo,1
Porfeta,1
Porfirio,1
Porta,1
Portario,1
Portas,1
Portasio,1
Portela,1
Portelada,1
Portelinho,1
Portelo,1
Portes,1
Porto,1
Portocarrero,1
Portovedo,1
Portugal,1
Portugues,1
Portulez,1
Potencio,1
Potro,1
Poupinho,1
Poupino,1
Pousinho,1
Pouso,1
Pousos,1
Pouzada,1
Pouzinho,1
Povoa,1
Povoas,1
Praça,1
Pracana,1
Prados,1
Pragana,1
Pragona,1
Pragosa,1
Prajosa,1
Pranchas,1
Pranto,1
Prata,1
Pratas,1
Praxedes,1
Prazeres,1
Precatado,1
Preces,1
Preciosa,1
Predial,1
Pregueiro,1
Preguiça,1
Preizal,1
Prelhaz,1
Presa,1
Presas,1
Prestes,1
Presumido,1
Presunto,1
Preta,1
Preto,1
Prieto,1
Primavera,1
Primitivo,1
Primo,1
Primorosa,1
Prina,1
Principal,1
Principe,1
Prino,1
Prior,1
Prioste,1
Proença,1
Prola,1
Protasio,1
Protazio,1
Prudencio,1
Prudente,1
Pucarinho,1
Puga,1
Puidival,1
Pulquerio,1
Pureza,1
Purificaçoo,1
Putrico,1
Puxa,1
Quadrada,1
Quadrado,1
Quadros,1
Quaresma,1
Quartilho,1
Quatorze,1
Quealheiro,1
Quebrada,1
Queda,1
Queija,1
Queijo,1
Queijos,1
Queimada,1
Queimadela,1
Queiriz,1
Queiro,1
Queiroga,1
Queiros,1
Queiroz,1
Quelha,1
Quelhas,1
Quental,1
Querido,1
Queta,1
Quevedo,1
Quiaios,1
Quialheiro,1
Quilhas,1
Quilho,1
Quiminigal,1
Quina,1
Quinas,1
Quinaz,1
Quinoy,1
Quinta,1
Quintais,1
Quintal,1
Quintalo,1
Quintaneiro,1
Quintanilha,1
Quintans,1
Quintas,1
Quinteiro,1
Quintela,1
Quintella,1
Quintera,1
Quintinho,1
Quintino,1
Quirino,1
Quiteliano,1
Quiteres,1
Quiteria,1
Quiterio,1
Quiterres,1
Quitino,1
Quito,1
Quixinho,1
Rabaça,1
Rabaço,1
Rabasco,1
Rabasquinho,1
Rabuge,1
Rachinhas,1
Rafael,1
Ragagoo,1
Raimundo,1
Rainha,1
Rainho,1
Rajado,1
Ralha,1
Ramalhal,1
Ramalheira,1
Ramalheiro,1
Ramalhete,1
Ramalhinho,1
Ramalho,1
Ramalhoo,1
Ramalhoso,1
Raminhos,1
Ramires,1
Ramirez,1
Ramiro,1
Ramos",1
Ramualdo,1
Rangel,1
Ranhel,1
Ranito,1
Raposeiro,1
Raposo,1
Rapoula,1
Rapoulo,1
Raqscoo,1
Rascoo,1
Rasga,1
Raso,1
Rasteiro,1
Ratado,1
Ratinho,1
Rato,1
Raton,1
Raul,1
Ravara,1
Ravasco,1
Razoo,1
Real,1
Realinho,1
Rebanda,1
Rebela,1
Rebelo,1
Rebelote,1
Rebimbas,1
Rebocho,1
Rebola,1
Rebolho,1
Rebolo,1
Rebondoo,1
Rebordoo,1
Reboreda,1
Reboredo,1
Recacho,1
Rechena,1
Rede,1
Redentor,1
Redes,1
Redinha,1
Redolho,1
Redondo,1
Reduto,1
Regada,1
Regadas,1
Regala,1
Regaleira,1
Regalheiro,1
Reginaldo,1
Regio,1
Rego,1
Reguera,1
Rei,1
Reibota,1
Reigado,1
Reigones,1
Reigota,1
Reigoto,1
Reimbau,1
Reimoo,1
Reina,1
Reinas,1
Reino,1
Reinoite,1
Reinol,1
Reis,1
Reisinho,1
Reitor,1
Reixa,1
Reizinho,1
Relva,1
Relvacho,1
Relvas,1
Relvoo,1
Remedio,1
Remigio,1
Remisio,1
Remoaldo,1
Remondes,1
Renca,1
Rendeiro,1
Rendilho,1
Rendo,1
Rente,1
Rentinho,1
Rentoa,1
Rentoo,1
Repas,1
Repolho,1
Requejo,1
Requixa,1
Resende,1
Resgate,1
Resina,1
Resio,1
Resoluto,1
Respeita,1
Reste,1
Restolho,1
Resurreicoo,1
Reto,1
Retre,1
Retroz,1
Retto,1
Reu,1
Reveles,1
Reverendo,1
Reves,1
Revez,1
Rey,1
Rezio,1
Rial,1
Rianço,1
Ribafeita,1
Ribas,1
Ribau,1
Ribeira,1
Ribeirete,1
Ribeiro,1
Ricacho,1
Ricardino,1
Ricardo,1
Rico,1
Rigor,1
Rigueira,1
Rigueiro,1
Rijo,1
Rilho,1
Rilo,1
Rino,1
Rio,1
Riofrio,1
Riperto,1
Riquito,1
Ris,1
Riscado,1
Riso,1
Risota,1
Rissol,1
Rita,1
Rito,1
Ritto,1
Riveiro,1
Roçadas,1
Roçado,1
Robalo,1
Roberto,1
Roca,1
Rocas,1
Rocha,1
Rochete,1
Rochinha,1
Roda,1
Rodeia,1
Rodeiro,1
Rodelo,1
Rodrigues,1
Rodriguez,1
Rofo,1
Rogado,1
Rogeira,1
Rogeiro,1
Rogelio,1
Rogerio,1
Rogoo,1
Rojoo,1
Rola,1
Rolas,1
Roldoo,1
Roleto,1
Rolim,1
Rolinho,1
Rolis,1
Roliz,1
Rolo,1
Roloo,1
Roltal,1
Roma,1
Romano,1
Romariz,1
Rombo,1
Romeiro,1
Romero,1
Romoaldo,1
Romoo,1
Romoozinho,1
Ronda,1
Rondoo,1
Ronquilho,1
Roo,1
Roque,1
Roquete,1
Roriz,1
Rosa,1
Rosado,1
Rosalino,1
Rosaria,1
Rosario,1
Rosas,1
Rosedo,1
Roseiro,1
Roselo,1
Rosende,1
Rosendo,1
Roseta,1
Rosete,1
Rosinha,1
Rosmaninho,1
Roso,1
Rossa,1
Rossas,1
Rota,1
Roucinha,1
Rouco,1
Roupico,1
Rouxinol,1
Rovira,1
Rovisco,1
Roxo,1
Rozado,1
Rozela,1
Rua,1
Rualde,1
Ruana,1
Ruano,1
Ruas,1
Ruaz,1
Rubina,1
Ruela,1
Rufino,1
Rui,1
Ruiquito,1
Ruiva,1
Ruivaco,1
Ruivo,1
Rumo,1
Runa,1
Rungo,1
Russinho,1
Russo,1
Ruvino,1
Saavedra,1
Sabadino,1
Sabelio,1
Saberio,1
Sabido,1
Sabino,1
Saboga,1
Sabola,1
Saborano,1
Sabugueiro,1
Sacadura,1
Sacarroo,1
Sacramento,1
Sacras,1
Sacur,1
Sagaz,1
Sagilde,1
Saiago,1
Saianda,1
Sainhas,1
Saino,1
Saitais,1
Sal,1
Salada,1
Salame,1
Salas,1
Salavessa,1
Salavis,1
Salavra,1
Salcedas,1
Saldanha,1
Saleiro,1
Salema,1
Sales,1
Salete,1
Salgado,1
Salgueirinho,1
Salgueiro,1
Salmim,1
Saloio,1
Salome,1
Saloo,1
Salsa,1
Salsas,1
Salsedas,1
Salteiro,1
Saltoo,1
Salustiano,1
Salusto,1
Salva,1
Salvacoo,1
Salvadinho,1
Salvado,1
Salvador,1
Salvaterra,1
Salveano,1
Salviano,1
Salzedas,1
Samagaio,1
Samarra,1
Sambento,1
Samelo,1
Samoes,1
Samora,1
Sampainho,1
Sampaio,1
Sanches,1
Sanchez,1
Sancho,1
Sande,1
Sandinha,1
Sandioes,1
Sanguinhete,1
Sanheiro,1
Sanina,1
Sansana,1
Sansoo,1
Sant'Ovaia,1
Santa,1
Santana,1
Santareno,1
Santarino,1
Santiago,1
Santinha,1
Santinho,1
Santo,1
Santos,1
Sapage,1
Sapata,1
Sapateiro,1
Sapela,1
Sapinho,1
Sapo,1
Saqueta,1
Sarabando,1
Sarafana,1
Sarafona,1
Saragaço,1
Saragoça,1
Saragouça,1
Saraiva,1
Saramago,1
Sardeira,1
Sardinha,1
Sardinheira,1
Sardo,1
Sardoo,1
Sargaço,1
Sargento,1
Sario,1
Sarmento,1
Sarnadas,1
Saro,1
Sarraipa,1
Sarrazola,1
Sarrudo,1
Saruga,1
Sarzedas,1
Satiro,1
Saturnino,1
Sauceda,1
Saudade,1
Saude,1
Sauzedo,1
Sayal,1
Seabra,1
Seara,1
Searas,1
Sebadelhe,1
Sebastian,1
Sebastiana,1
Sebastioo,1
Seborro,1
Sebrosa,1
Secio,1
Seco,1
Secreto,1
Segre,1
Segurado,1
Seguro,1
Seiça,1
Seiças,1
Seiceira,1
Seichas,1
Seicheira,1
Seiroco,1
Seita,1
Seixas,1
Seixeiro,1
Seixinho,1
Seixo,1
Sela,1
Selada,1
Seleiro,1
Semanas,1
Semblano,1
Semedo,1
Semido,1
Semioo,1
Sena,1
Senano,1
Sendas,1
Sendim,1
Senica,1
Senra,1
Seoane,1
Sepana,1
Sepodes,1
Sepulveda,1
Sequeira,1
Sequeiros,1
Serafim,1
Serafino,1
Serambeque,1
Seramota,1
Serapio,1
Serbulo,1
Serdoura,1
Serejo,1
Serem,1
Sereno,1
Serens,1
Serfas,1
Sergeira,1
Sergio,1
Serio,1
Serodio,1
Seromenho,1
Serpa,1
Serqueira,1
Serra,1
Serrada,1
Serradas,1
Serradinho,1
Serradio,1
Serrado,1
Serrador,1
Serralha,1
Serralharia,1
Serralheiro,1
Serrana,1
Serranho,1
Serrano,1
Serrario,1
Serras,1
Serrasqueiro,1
Serrazes,1
Serronha,1
Serroo,1
Serta,1
Serveiro,1
Servio,1
Servo,1
Serzedelo,1
Sestay,1
Severino,1
Severo,1
Seves,1
Sevinate,1
Sevivas,1
Sezudo,1
Siborro,1
Sigalho,1
Sil,1
Silva,1
Silvano,1
Silvares,1
Silveira,1
Silveirinha,1
Silveiro,1
Silverio,1
Silvestre,1
Silvio,1
Simoes,1
Simoo,1
Simoozinho,1
Simplicio,1
Sineiro,1
Sintra,1
Siopa,1
Sirgado,1
Sismeiro,1
Sisse,1
Sisudo,1
Sizudo,1
Soalheira,1
Soares,1
Soberano,1
Sobral,1
Sobreira,1
Sobreirense,1
Sobreiro,1
Sobrinho,1
Soeima,1
Soeiro,1
Sofia,1
Soiano,1
Soito,1
Sol,1
Sola,1
Solano,1
Soldadinho,1
Soldado,1
Soledade,1
Soler,1
Soles,1
Solipa,1
Solla,1
Solnado,1
Solposto,1
Solva,1
Sonsa,1
Sonso,1
Soo,1
Sopas,1
Sordo,1
Soreto,1
Sotana,1
Sotero,1
Soto,1
Soure,1
Sousa,1
Sousinha,1
Soutilha,1
Soutinho,1
Souto,1
Souza,1
Souzinha,1
Soveral,1
Subtil,1
Sucena,1
Suordem,1
Supico,1
Surdo,1
Surrador,1
Surrecio,1
Susana,1
Susano,1
Sutre,1
Suzano,1
Tabaco,1
Tabalo,1
Tabanes,1
Tabanez,1
Tabaquinho,1
Tabarra,1
Tabau,1
Taberna,1
Taboada,1
Tabola,1
Taborda,1
Tabosa,1
Tabuada,1
Tabuas,1
Tabuinhas,1
Tadeu,1
Tadeus,1
Tadilha,1
Tafula,1
Tagaio,1
Tainha,1
Taipina,1
Taipino,1
Tais,1
Talhadas,1
Talho,1
Talina,1
Taliscas,1
Tallon,1
Talos,1
Tanganho,1
Tanoeiro,1
Tanque,1
Tanqueiro,1
Tapada,1
Tapadas,1
Taraio,1
Taralhoo,1
Tareco,1
Tarelho,1
Tarenta,1
Tarouca,1
Tarrafa,1
Tarrataca,1
Tasqueiro,1
Tataro,1
Tato,1
Tavares,1
Taveira,1
Tavira,1
Tavora,1
Tecedeiro,1
Tedim,1
Teixeira,1
Teixo,1
Teixoso,1
Tejana,1
Tejo,1
Tela,1
Teles,1
Telhada,1
Telhadas,1
Tellechea,1
Telmo,1
Telo,1
Temido,1
Tempero,1
Temporal,1
Tempra,1
Temprilho,1
Temudo,1
Tendeiro,1
Tendinha,1
Tenente,1
Tenorio,1
Tenreiro,1
Tente,1
Tento,1
Teodoro,1
Teodosio,1
Teodozio,1
Teofilo,1
Teotonio,1
Terça,1
Terceiro,1
Terenas,1
Terencio,1
Teresa,1
Tereso,1
Teroso,1
Terra,1
Terramoto,1
Terras,1
Terreiro,1
Terreiros,1
Terreno,1
Terrinha,1
Terrivel,1
Terroa,1
Tesoureiro,1
Tesouro,1
Testa,1
Testas,1
Textas,1
Thadeu,1
Theophila,1
Thevoz,1
Thome,1
Tiago,1
Tiberio,1
Ticoo,1
Tieres,1
Time,1
Timoteo,1
Timpeira,1
Timtim,1
Tina,1
Tinalhas,1
Tinoco,1
Tinote,1
Tirano,1
Tita,1
Tito,1
Tobias,1
Tocado,1
Tocha,1
Toco,1
Todeserto,1
Toga,1
Toipa,1
Toito,1
Tojal,1
Tojeira,1
Tojeiro,1
Tojo,1
Tolda,1
Tolentino,1
Tolhido,1
Tomas,1
Tomasini,1
Tomasio,1
Tomazio,1
Tome,1
Tondela,1
Tonei,1
Tonel,1
Tonela,1
Tonelo,1
Tonilhas,1
Toninho,1
Too,1
Torais,1
Torcato,1
Torga,1
Torgal,1
Torgo,1
Torneiro,1
Torquato,1
Torradinha,1
Torrado,1
Torre,1
Torres,1
Torrinha,1
Torrinhas,1
Torroo,1
Torto,1
Toscano,1
Toste,1
Tostoo,1
Touguio,1
Tourais,1
Tourigo,1
Tovar,1
Tovim,1
Toxa,1
Traça,1
Traçada,1
Trabulo,1
Tracana,1
Trafaria,1
Tralhoo,1
Trancho,1
Traqueia,1
Traquete,1
Trasmontana,1
Tratante,1
Travanca,1
Travasso,1
Travassos,1
Traveira,1
Travessa,1
Travino,1
Tregeira,1
Tremoço,1
Tremogo,1
Trepado,1
Trezentos,1
Tribovane,1
Tribuna,1
Trigo,1
Trigueira,1
Trigueiro,1
Trigueiros,1
Trilho,1
Trinçoo,1
Trindade,1
Trino,1
Trinta,1
Troca,1
Trocana,1
Troeira,1
Troles,1
Trolho,1
Troncho,1
Tronco,1
Troncoo,1
Tropa,1
Trota,1
Trovoo,1
Troxo,1
Truta,1
Tubaroo,1
Tucha,1
Tudela,1
Tugueira,1
Tunes,1
Umbelina,1
Umbelino,1
Unhoo,1
Urania,1
Urbana,1
Urbano,1
Urgeiro,1
Ursula,1
Uteira,1
Uva,1
Vaio,1
Vala,1
Valada,1
Valadares,1
Valadas,1
Valadeiro,1
Valadinha,1
Valado,1
Valares,1
Valbom,1
Valdeira,1
Valdes,1
Valdez,1
Valdrez,1
Vale,1
Valeiro,1
Valejo,1
Valença,1
Valente,1
Valentim,1
Valentoo,1
Valerio,1
Valeroso,1
Valezim,1
Valgoda,1
Valido,1
Valindro,1
Valinha,1
Valinho,1
Valle,1
Valongo,1
Valor,1
Valosa,1
Valsa,1
Valsumo,1
Valverde,1
Valverdinho,1
Vaqueirinho,1
Vaquinhas,1
Varalonga,1
Varanda,1
Varandas,1
Varanga,1
Varatojo,1
Vardasca,1
Vareda,1
Vareira,1
Vareiro,1
Varejoo,1
Varela,1
Varelas,1
Vares,1
Vargas,1
Vargem,1
Varges,1
Varino,1
Varoo,1
Varzea,1
Varzeas,1
Varzielas,1
Vasco,1
Vasconcelos,1
Vasoo,1
Vasques,1
Vasquez,1
Vassaio,1
Vassalo,1
Vaz,1
Vazoo,1
Vechina,1
Vedes,1
Veiga,1
Veigas,1
Veigo,1
Veiva,1
Vela,1
Velasco,1
Velez,1
Velhinho,1
Velho,1
Velhuco,1
Velindro,1
Velosa,1
Veloso,1
Veludo,1
Velze,1
Venâncio,1
Venade,1
Vences,1
Venceslau,1
Venda,1
Vendeira,1
Vendeirinho,1
Vendeiro,1
Veneno,1
Veneza,1
Venezualano,1
Ventosa,1
Ventura,1
Veras,1
Vercas,1
Verdade,1
Verdasca,1
Verde,1
Verdelho,1
Verdelhos,1
Verdete,1
Verdial,1
Verdingola,1
Vergueira,1
Vergueiro,1
Verissimo,1
Verjeiro,1
Vermelho,1
Vermelhudo,1
Veroo,1
Verride,1
Versos,1
Vestia,1
Vestias,1
Viçoso,1
Viais,1
Viana,1
Vicente,1
Vicetro,1
Victor,1
Victoria,1
Vida,1
Vidal,1
Vidas,1
Vide,1
Videira,1
Vides,1
Vidigal,1
Vidinha,1
Vidis,1
Viegas,1
Vieira,1
Viena,1
Vieto,1
Vigarinho,1
Vigario,1
Vigoço,1
Vilaça,1
Vila,1
Vila-Nova,1
Vilan,1
Vilar,1
Vilaranda,1
Vilarandas,1
Vilares,1
Vilas,1
Vilela,1
Vilhena,1
Viloo,1
Vinagre,1
Vinagreira,1
Vinagreiro,1
Vindeirinho,1
Vindima,1
Vinga,1
Vingada,1
Vinha,1
Vinhal,1
Vinhanova,1
Vinhas,1
Vinheiras,1
Vinicius,1
Vintem,1
Viola,1
Violante,1
Violas,1
Virgilio,1
Virginia,1
Virginio,1
Virgolino,1
Viriato,1
Virtudes,1
Viseu,1
Vistoria,1
Vita,1
Vitacro,1
Vital,1
Vitarela,1
Vitem,1
Viterbo,1
Vitor,1
Vitoria,1
Vitoriano,1
Vitorino,1
Vitorio,1
Viveiros,1
Vizeu,1
Vizo,1
Vrea,1
Xabregas,1
Xairim,1
Xambre,1
Xanta,1
Xastre,1
Xavier,1
Xisto,1
Xistra,1
Zacarias,1
Zagalo,1
Zananar,1
Zarca,1
Zarro,1
Zava,1
Zeferino,1
Zenha,1
Zens,1
Zibreiro,1
Zilhoo,1
Zimas,1
Zoio,1
Zolo,1
Zorro,1
Zuada,1
Zuna,1
Zuquete,1
Zuzarte,1