Ostergard,1
Stepan,1
Abel,1
Abel,1
Abrahamson,1
Adam,1
Adamson,1
Aksel,1
Albert,1
Aleksandar,1
Aleksey,1
Alexander,1
Ambrose,1
Amund,1
Anders,1
Andon,1
Andreas,1
Andrew,1
Andrey,1
Angel,1
Anto,1
Anton,1
Anton,1
Anton,1
Apostol,1
Asen,1
Atanas,1
Axel,1
Bartolomej,1
Bartolomej,1
Bendt,1
Benedikt,1
Bent,1
Bernard,1
Bishop,1
Bjarne,1
Blažej,1
Blažej,1
Bodil,1
Bogdan,1
Bojan,1
Boris,1
Borislav,1
Bozhidar,1
Carl,1
Carsten,1
Cerny,1
Charalampos,1
Chavdar,1
Christen,1
Christian,1
Christoffer,1
Claus,1
Clemens,1
Ctvrtlanik,1
Chalupnik,1
Damyan,1
Danail,1
Daniel,1
Daniel,1
Daniel,1
David,1
David,1
Dimitar,1
Dimitar,1
Dobromil,1
Dobrosław,1
Dragan,1
Drago,1
Dragomir,1
Dušan,1
Erik,1
Evgeni,1
Evgeni,1
Filip,1
Filip,1
Frederik,1
Gennadiy,1
Georgi,1
Georgi,1
Georgi,1
Goran,1
Gorski,1
Gregory,1
Grigor,1
Gunnar,1
Hans,1
Havel,1
Havel,1
Havel,1
Henning,1
Henrik,1
Hermanson,1
Holger,1
Horaček,1
Hornik,1
Hristo,1
Humbert,1
Ib,1
Ignatius,1
Ignatius,1
Iliya,1
Isay,1
Ivan,1
Ivan,1
Ivan,1
Ivan,1
Ivan,1
Ivo,1
Jørgen,1
Jacob,1
Jagoda,1
Jakob,1
Jan,1
Jan,1
Janda,1
Janko,1
Jedlicka,1
Jedlicka,1
Jelen,1
Jens,1
Jesper,1
Jez,1
Johan,1
Johannes,1
Jokum,1
Jonas,1
Kaloyan,1
Kaloyan,1
Karl,1
Karsten,1
Kaspar,1
Kasper,1
Kjeld,1
Klaus,1
Kliment,1
Kliment,1
Kliment,1
Knud,1
Konstantin,1
Kovač,1
Kovač,1
Kovač,1
Kowalski,1
Kramer,1
Krastio,1
Kristen,1
Kristian,1
Kristoffer,1
Kucera,1
Kudrna,1
Lang,1
Lars,1
Laurits,1
Lazar,1
Ludvig,1
Lukas,1
Login,1
Login,1
Möller,1
Mads,1
Maksim,1
Marek,1
Maria,1
Marin,1
Marko,1
Martin,1
Martin,1
Matej,1
Matej,1
Matej,1
Matej,1
Matej,1
Mathias,1
Matouš,1
Matthias,1
Medved,1
Michael,1
Mihaylov,1
Mikhail,1
Mikhail,1
Mikhail,1
Mikkel,1
Morten,1
Nørup,1
Naum,1
Naumov,1
Nelson,1
Nemec,1
Nicholas,1
Nikola,1
Nikolai,1
Nikolaj,1
Novak,1
Ognyan,1
Ognyanov,1
Ole,1
Ole,1
Otto,1
Palle,1
Pavel,1
Pechaček,1
Peder,1
Peter,1
Peter,1
Petr,1
Petr,1
Pololanik,1
Poul,1
Preben,1
Radko,1
Radomir,1
Radoslav,1
Rask,1
Rasmus,1
Robert,1
Register,1
Register,1
Søren,1
Salomon,1
Sasha,1
Sedlak,1
Simeon,1
Simon,1
Simon,1
Slavko,1
Sokol,1
Sokol,1
Stanislav,1
Stanislav,1
Starek,1
Steen,1
Stefan,1
Stefan,1
Steffen,1
Stoyan,1
Svend,1
Sedlak,1
Tesar,1
Thor,1
Todor,1
Toma,1
Tomas,1
Troels,1
Tryphon,1
Tsvetan,1
Tsvetko,1
Tsvetkov,1
Vaclav,1
Vaclav,1
Vaclav,1
Vaclav,1
Vacek,1
Valentin,1
Valentin,1
Valery,1
Vanchev,1
Vasil,1
Vavrinec,1
Velichkov,1
Verner,1
Viktor,1
Winter,1
Yan,1
Yanko,1
Yordan,1
Yordan,1
Zahari,1
Zahradnik,1
Zdravko,1
Zhivko,1
Zielinski,1
Zlatko,1
Zahradnik,1
Names,1
Names,1
