Free Web Hosting Provider,1
Web Hosting,1
E-commerce,1
High Speed Internet,1
Free Web Page,1
,1
,1
,1
,1
,1
Close,1
No Thanks,1
,1
Close,1
ADAMIDIS,1
ADAMOU,1
AGELAKOS,1
AKRIVOPOULOS,1
,1
ALEXANDROPOULOS,1
,1
,1
ANETAKIS,1
,1
,1
ANGELOPOULOS,1
ANTIMISIARIS,1
ANTIPAS,1
ANTONAKOS,1
ANTONIADIS,1
,1
ANTONOPOULOS,1
ANTONOPOULOS,1
ANTONOPOULOS,1
,1
ARVANITOYANNIS,1
,1
AVGERINOS,1
,1
BANOS,1
BATSAKIS,1
BEKYROS,1
,1
BELESIS,1
,1
BERTSIMAS,1
BILIAS,1
BLADES,1
,1
BOULOUKOS,1
,1
,1
,1
BRISIMITZAKIS,1
BURSINOS,1
CALOGERAKIS,1
CALPIS,1
,1
CHELLOS,1
,1
,1
CHRISTAKOS,1
CHRISTODOULOU,1
,1
CHRISTOU,1
,1
CHRYSANTHOPOULOS,1
CHRYSANTHOPOULOS,1
COMINO,1
DALIANIS,1
DANAS,1
DASIOS,1
DEMAKIS,1
DEMARCHIS,1
DEMAS,1
DEMETRIOUS,1
,1
DERTILIS,1
,1
DIAKOGEORGIOU,1
,1
DIOLETIS,1
,1
,1
DOUNIAS,1
,1
DRITSAS,1
DRIVAKIS,1
EATROS,1
EGONIDIS,1
ELIOPOULOS,1
,1
,1
,1
,1
,1
,1
FORAKIS,1
,1
,1
FOTOPOULOS,1
FOURAKIS,1
FRANGOPOULOS,1
,1
A - F,1
G- L,1
M - R,1
S - Z,1
,1
,1
DimitriosJ@aol.com,1
Free Web Hosting Provider,1
Web Hosting,1
E-commerce,1
High Speed Internet,1
Free Web Page,1
,1
,1
,1
,1
,1
Close,1
No Thanks,1
,1
Close,1
,1
GALANOPOULOS,1
,1
GAROFALIS,1
,1
GAVRIL,1
GAVRILOPOULOS,1
,1
GEORGEAKOPOULOS,1
,1
,1
GERACIMOS,1
GIANAKOPULOS,1
,1
,1
,1
GIANNAKOPOULOS,1
GIANNAKOS,1
,1
,1
GLYNATSIS,1
GOMATOS,1
GRAMMATAKAKIS,1
GRAVARI,1
HADJIYIANAKIES,1
HAGIAS,1
,1
HARITOPOULOS,1
,1
HONJAS,1
HORIATIS,1
HOULIS,1
,1
,1
,1
JAMUSSA,1
KAGLANTGE,1
,1
,1
,1
,1
KALAKOS,1
KALOGERIA,1
,1
KALOXYLOS,1
KANAVOS,1
,1
KAPSIMALLES,1
,1
,1
KARAHALIOS,1
,1
KARAMEROS,1
,1
KARKAMPASIS,1
KARNOUPAKIS,1
,1
,1
,1
,1
,1
KATSOURINIS,1
,1
KEFALAS,1
,1
,1
KOKKALI,1
,1
KOKORIS,1
KOLOVOS,1
KONSTANTATOS,1
,1
KOSMAS,1
KOTSILIMBAS,1
KOTSIOPOULOS,1
KOUCHES,1
,1
KOULAXIZIS,1
,1
,1
KOUMANIDIS,1
,1
KOUREMPES,1
KOURETAS,1
KOUROPOULOS,1
KOUROS,1
KOUSTOUBOS,1
KOUTSOUBOS,1
KRESKAS,1
KRINGOS,1
,1
,1
KYRITSIS,1
,1
LAGANAS,1
,1
,1
,1
,1
,1
LEONTARAKIS,1
LETSOS,1
,1
LIATOS,1
,1
LILLIS,1
,1
LOLOS,1
LOUVERDIS,1
,1
A - F,1
G- L,1
M - R,1
S - Z,1
,1
,1
DimitriosJ@aol.com,1
Free Web Hosting Provider,1
Web Hosting,1
E-commerce,1
High Speed Internet,1
Free Web Page,1
,1
,1
,1
,1
,1
Close,1
No Thanks,1
,1
Close,1
MAKRICOSTA,1
,1
,1
MALIHOUDIS,1
,1
MANEATES,1
,1
MANOS,1
MANOUKARAKIS,1
,1
MATSOUKIS,1
,1
,1
,1
,1
,1
MENTIS,1
MERSINIAS,1
,1
METROFANIS,1
MICHALARAS,1
,1
MILIONIS,1
MISSIAKOS,1
,1
,1
MORAITOPOULOS,1
,1
,1
,1
,1
NIKOLAOU,1
NOMIKOS,1
,1
,1
PAITAKES,1
PALOUMBAS,1
,1
,1
PANAYIOTOPOULOS,1
PANOULIAS,1
,1
PANTELAKOS,1
PANTELAS,1
,1
PAPADELIAS,1
,1
,1
PAPADOPULOS,1
PAPAGEORGE,1
,1
PAPOUTSIS,1
,1
PAPPAYIORGAS,1
,1
PARASKEVOPOULOS,1
PARASKOS,1
PASCHALIS,1
PATRIANAKOS,1
,1
PATSELAS,1
PEFANIS,1
PETIMEZAS,1
PETRAKIS,1
,1
,1
,1
PEZOS,1
PHOCAS,1
,1
PISPINIS,1
POLITES,1
,1
POLYMENAKOU,1
PONIROS,1
,1
,1
,1
PROTOPSALTIS,1
,1
RALLIS,1
,1
RIGATOS,1
,1
,1
RORRIS,1
ROUSSES,1
,1
,1
,1
RUVELAS,1
,1
A - F,1
G- L,1
M - R,1
S - Z,1
,1
,1
DimitriosJ@aol.com,1
Free Web Hosting Provider,1
Web Hosting,1
E-commerce,1
High Speed Internet,1
Free Web Page,1
,1
,1
,1
,1
,1
Close,1
No Thanks,1
,1
Close,1
,1
SAKELARIS,1
,1
SAKELLARIOU,1
SAMIOS,1
,1
,1
SARDELIS,1
,1
SFAKIANOS,1
,1
,1
,1
SKLAVENITIS,1
,1
,1
SORTRAS,1
SOTIRIS,1
,1
,1
,1
,1
,1
SPYRIDIS,1
,1
STAMATAS,1
STAMATELOS,1
,1
STAVROPOULOS,1
STRILAKOS,1
STROGGYLIS,1
TABLERIOU,1
TAFLAMBAS,1
,1
TASSIOGLOU,1
TELIS / TSOUMADA,1
,1
,1
THEOFILOPOULOS,1
THEOHARI,1
TOTOLOS,1
,1
TOURNA,1
,1
,1
TSAHALIS,1
,1
,1
TSANGARIS,1
,1
,1
,1
TSELIOS,1
,1
,1
,1
TSOGAS (Tsogkas),1
,1
,1
,1
VAMVAKIDIS,1
,1
VARVITSIOTES,1
VASSILIKOS,1
VASSILOPULOS,1
,1
VLAHOS,1
,1
VOURLIS,1
,1
,1
,1
XYDIS,1
,1
,1
ZALOUMI,1
,1
ZOUVELEKIS,1
,1
A - F,1
G- L,1
M - R,1
S - Z,1
,1
,1
DimitriosJ@aol.com,1
